Record_ID,Date,Month,Quarter,Year,Region,Trust,Hospital,AE_Type,Attendances,Emergency_Admissions,Seen_Within_4Hours,Over_4Hours,Average_Waiting_Time,Longest_Wait_Hours,Left_Before_Treatment,Ambulance_Arrivals,Self_Referrals,GP_Referrals,Other_Referrals
1,01/01/2023,January,1,2023,North West,Liverpool University Hospitals NHS Foundation Trust,Royal Liverpool University Hospital,Type 1,442,120,298,144,311,7.4,10,153,231,23,188
2,01/01/2023,January,1,2023,London,Guy's and St Thomas' NHS Foundation Trust,St Thomas' Hospital,Type 1,665,53,498,167,211,4.6,0,216,54,61,550
3,01/01/2023,January,1,2023,Midlands,University Hospitals Birmingham NHS Foundation Trust,Queen Elizabeth Hospital Birmingham,Type 1,297,82,223,74,301,14.7,20,178,208,73,16
4,01/01/2023,January,1,2023,Yorkshire and Humber,Leeds Teaching Hospitals NHS Trust,Leeds General Infirmary,Type 1,455,76,376,79,155,4.9,3,69,158,44,253
5,01/01/2023,January,1,2023,South East,Oxford University Hospitals NHS Foundation Trust,John Radcliffe Hospital,Type 1,276,157,201,75,256,14.4,3,117,53,17,206
6,02/01/2023,January,1,2023,North West,Liverpool University Hospitals NHS Foundation Trust,Royal Liverpool University Hospital,Type 1,412,176,299,113,197,8.6,14,197,186,13,213
7,02/01/2023,January,1,2023,London,Guy's and St Thomas' NHS Foundation Trust,St Thomas' Hospital,Type 1,356,186,266,90,180,10.2,5,136,132,65,159
8,02/01/2023,January,1,2023,Midlands,University Hospitals Birmingham NHS Foundation Trust,Queen Elizabeth Hospital Birmingham,Type 1,458,111,310,148,173,11.2,25,108,118,55,285
9,02/01/2023,January,1,2023,Yorkshire and Humber,Leeds Teaching Hospitals NHS Trust,Leeds General Infirmary,Type 1,419,89,299,120,253,14.6,17,149,293,77,49
10,02/01/2023,January,1,2023,South East,Oxford University Hospitals NHS Foundation Trust,John Radcliffe Hospital,Type 1,357,159,332,25,314,5,12,119,50,36,271
11,03/01/2023,January,1,2023,North West,Liverpool University Hospitals NHS Foundation Trust,Royal Liverpool University Hospital,Type 1,354,162,262,92,106,8.9,16,178,267,22,65
12,03/01/2023,January,1,2023,London,Guy's and St Thomas' NHS Foundation Trust,St Thomas' Hospital,Type 1,513,93,475,38,96,14,21,208,64,42,407
13,03/01/2023,January,1,2023,Midlands,University Hospitals Birmingham NHS Foundation Trust,Queen Elizabeth Hospital Birmingham,Type 1,290,94,233,57,291,13.9,20,197,231,80,21
14,03/01/2023,January,1,2023,Yorkshire and Humber,Leeds Teaching Hospitals NHS Trust,Leeds General Infirmary,Type 1,665,105,635,30,220,12.5,24,82,205,75,385
15,03/01/2023,January,1,2023,South East,Oxford University Hospitals NHS Foundation Trust,John Radcliffe Hospital,Type 1,649,113,605,44,277,12.1,7,190,199,63,387
16,04/01/2023,January,1,2023,North West,Liverpool University Hospitals NHS Foundation Trust,Royal Liverpool University Hospital,Type 1,650,127,450,200,186,9.4,9,155,105,40,505
17,04/01/2023,January,1,2023,London,Guy's and St Thomas' NHS Foundation Trust,St Thomas' Hospital,Type 1,661,129,544,117,92,12.9,17,203,131,20,510
18,04/01/2023,January,1,2023,Midlands,University Hospitals Birmingham NHS Foundation Trust,Queen Elizabeth Hospital Birmingham,Type 1,333,68,299,34,294,7.7,22,122,181,27,125
19,04/01/2023,January,1,2023,Yorkshire and Humber,Leeds Teaching Hospitals NHS Trust,Leeds General Infirmary,Type 1,469,150,428,41,304,8.9,6,199,89,49,331
20,04/01/2023,January,1,2023,South East,Oxford University Hospitals NHS Foundation Trust,John Radcliffe Hospital,Type 1,321,66,202,119,317,10.5,2,126,181,61,79
21,05/01/2023,January,1,2023,North West,Liverpool University Hospitals NHS Foundation Trust,Royal Liverpool University Hospital,Type 1,471,120,360,111,95,9.4,6,172,89,73,309
22,05/01/2023,January,1,2023,London,Guy's and St Thomas' NHS Foundation Trust,St Thomas' Hospital,Type 1,532,117,444,88,115,13,4,122,175,77,280
23,05/01/2023,January,1,2023,Midlands,University Hospitals Birmingham NHS Foundation Trust,Queen Elizabeth Hospital Birmingham,Type 1,389,183,261,128,233,10.6,5,192,208,20,161
24,05/01/2023,January,1,2023,Yorkshire and Humber,Leeds Teaching Hospitals NHS Trust,Leeds General Infirmary,Type 1,261,152,204,57,206,13.2,7,88,247,39,25
25,05/01/2023,January,1,2023,South East,Oxford University Hospitals NHS Foundation Trust,John Radcliffe Hospital,Type 1,692,153,618,74,91,10.8,10,188,178,42,472
26,06/01/2023,January,1,2023,North West,Liverpool University Hospitals NHS Foundation Trust,Royal Liverpool University Hospital,Type 1,495,193,317,178,182,13.9,4,162,255,76,164
27,06/01/2023,January,1,2023,London,Guy's and St Thomas' NHS Foundation Trust,St Thomas' Hospital,Type 1,611,154,551,60,116,5.1,14,93,202,62,347
28,06/01/2023,January,1,2023,Midlands,University Hospitals Birmingham NHS Foundation Trust,Queen Elizabeth Hospital Birmingham,Type 1,343,185,238,105,278,5.8,16,151,157,70,116
29,06/01/2023,January,1,2023,Yorkshire and Humber,Leeds Teaching Hospitals NHS Trust,Leeds General Infirmary,Type 1,348,123,242,106,225,10.5,22,104,220,59,69
30,06/01/2023,January,1,2023,South East,Oxford University Hospitals NHS Foundation Trust,John Radcliffe Hospital,Type 1,482,142,312,170,303,7,17,85,274,12,196
31,07/01/2023,January,1,2023,North West,Liverpool University Hospitals NHS Foundation Trust,Royal Liverpool University Hospital,Type 1,278,117,203,75,131,8.2,20,159,215,23,40
32,07/01/2023,January,1,2023,London,Guy's and St Thomas' NHS Foundation Trust,St Thomas' Hospital,Type 1,333,118,261,72,145,6.9,14,183,178,35,120
33,07/01/2023,January,1,2023,Midlands,University Hospitals Birmingham NHS Foundation Trust,Queen Elizabeth Hospital Birmingham,Type 1,357,69,327,30,261,15.2,8,50,146,39,172
34,07/01/2023,January,1,2023,Yorkshire and Humber,Leeds Teaching Hospitals NHS Trust,Leeds General Infirmary,Type 1,265,142,249,16,158,14.1,4,192,255,21,11
35,07/01/2023,January,1,2023,South East,Oxford University Hospitals NHS Foundation Trust,John Radcliffe Hospital,Type 1,441,146,277,164,218,15.7,10,67,138,76,227
36,08/01/2023,January,1,2023,North West,Liverpool University Hospitals NHS Foundation Trust,Royal Liverpool University Hospital,Type 1,540,83,491,49,307,14.1,24,170,171,27,342
37,08/01/2023,January,1,2023,London,Guy's and St Thomas' NHS Foundation Trust,St Thomas' Hospital,Type 1,323,138,267,56,138,12.3,14,131,74,68,181
38,08/01/2023,January,1,2023,Midlands,University Hospitals Birmingham NHS Foundation Trust,Queen Elizabeth Hospital Birmingham,Type 1,527,77,447,80,133,4.2,11,170,71,77,379
39,08/01/2023,January,1,2023,Yorkshire and Humber,Leeds Teaching Hospitals NHS Trust,Leeds General Infirmary,Type 1,427,63,323,104,243,9.2,7,158,250,67,110
40,08/01/2023,January,1,2023,South East,Oxford University Hospitals NHS Foundation Trust,John Radcliffe Hospital,Type 1,438,57,426,12,135,15.6,8,192,178,11,249
41,09/01/2023,January,1,2023,North West,Liverpool University Hospitals NHS Foundation Trust,Royal Liverpool University Hospital,Type 1,258,53,229,29,194,12.9,10,176,292,71,105
42,09/01/2023,January,1,2023,London,Guy's and St Thomas' NHS Foundation Trust,St Thomas' Hospital,Type 1,633,197,520,113,181,5.7,24,174,206,72,355
43,09/01/2023,January,1,2023,Midlands,University Hospitals Birmingham NHS Foundation Trust,Queen Elizabeth Hospital Birmingham,Type 1,428,90,324,104,165,13.9,25,84,260,39,129
44,09/01/2023,January,1,2023,Yorkshire and Humber,Leeds Teaching Hospitals NHS Trust,Leeds General Infirmary,Type 1,472,196,307,165,180,14.1,2,57,185,36,251
45,09/01/2023,January,1,2023,South East,Oxford University Hospitals NHS Foundation Trust,John Radcliffe Hospital,Type 1,572,160,522,50,208,12,0,209,153,73,346
46,10/01/2023,January,1,2023,North West,Liverpool University Hospitals NHS Foundation Trust,Royal Liverpool University Hospital,Type 1,579,147,460,119,218,6.2,24,164,167,21,391
47,10/01/2023,January,1,2023,London,Guy's and St Thomas' NHS Foundation Trust,St Thomas' Hospital,Type 1,513,118,365,148,212,5,24,43,130,51,332
48,10/01/2023,January,1,2023,Midlands,University Hospitals Birmingham NHS Foundation Trust,Queen Elizabeth Hospital Birmingham,Type 1,528,119,371,157,167,12.6,12,193,78,33,417
49,10/01/2023,January,1,2023,Yorkshire and Humber,Leeds Teaching Hospitals NHS Trust,Leeds General Infirmary,Type 1,476,169,398,78,304,8,15,89,141,30,305
50,10/01/2023,January,1,2023,South East,Oxford University Hospitals NHS Foundation Trust,John Radcliffe Hospital,Type 1,424,94,370,54,109,6.3,7,203,177,55,192
51,11/01/2023,January,1,2023,North West,Liverpool University Hospitals NHS Foundation Trust,Royal Liverpool University Hospital,Type 1,507,122,479,28,105,10.5,15,67,140,24,343
52,11/01/2023,January,1,2023,London,Guy's and St Thomas' NHS Foundation Trust,St Thomas' Hospital,Type 1,311,101,251,60,204,8.5,2,106,156,76,79
53,11/01/2023,January,1,2023,Midlands,University Hospitals Birmingham NHS Foundation Trust,Queen Elizabeth Hospital Birmingham,Type 1,476,90,350,126,173,9.2,14,57,162,59,255
54,11/01/2023,January,1,2023,Yorkshire and Humber,Leeds Teaching Hospitals NHS Trust,Leeds General Infirmary,Type 1,300,50,228,72,203,7.9,1,89,240,39,21
55,11/01/2023,January,1,2023,South East,Oxford University Hospitals NHS Foundation Trust,John Radcliffe Hospital,Type 1,650,198,435,215,232,8.6,3,205,281,25,344
56,12/01/2023,January,1,2023,North West,Liverpool University Hospitals NHS Foundation Trust,Royal Liverpool University Hospital,Type 1,694,87,666,28,281,6.4,11,62,117,40,537
57,12/01/2023,January,1,2023,London,Guy's and St Thomas' NHS Foundation Trust,St Thomas' Hospital,Type 1,680,171,581,99,303,9.6,4,209,124,77,479
58,12/01/2023,January,1,2023,Midlands,University Hospitals Birmingham NHS Foundation Trust,Queen Elizabeth Hospital Birmingham,Type 1,462,148,424,38,299,9.8,8,88,178,68,216
59,12/01/2023,January,1,2023,Yorkshire and Humber,Leeds Teaching Hospitals NHS Trust,Leeds General Infirmary,Type 1,459,186,374,85,100,14.7,1,174,62,73,324
60,12/01/2023,January,1,2023,South East,Oxford University Hospitals NHS Foundation Trust,John Radcliffe Hospital,Type 1,579,65,571,8,268,11.9,12,153,152,55,372
61,13/01/2023,January,1,2023,North West,Liverpool University Hospitals NHS Foundation Trust,Royal Liverpool University Hospital,Type 1,263,154,172,91,254,14.6,21,150,103,37,123
62,13/01/2023,January,1,2023,London,Guy's and St Thomas' NHS Foundation Trust,St Thomas' Hospital,Type 1,679,91,639,40,91,5.8,24,153,150,31,498
63,13/01/2023,January,1,2023,Midlands,University Hospitals Birmingham NHS Foundation Trust,Queen Elizabeth Hospital Birmingham,Type 1,660,157,580,80,260,10.5,21,171,192,63,405
64,13/01/2023,January,1,2023,Yorkshire and Humber,Leeds Teaching Hospitals NHS Trust,Leeds General Infirmary,Type 1,661,84,657,4,291,10,19,217,136,69,456
65,13/01/2023,January,1,2023,South East,Oxford University Hospitals NHS Foundation Trust,John Radcliffe Hospital,Type 1,657,74,482,175,232,8.7,24,101,120,54,483
66,14/01/2023,January,1,2023,North West,Liverpool University Hospitals NHS Foundation Trust,Royal Liverpool University Hospital,Type 1,532,117,337,195,192,10.2,15,105,287,74,171
67,14/01/2023,January,1,2023,London,Guy's and St Thomas' NHS Foundation Trust,St Thomas' Hospital,Type 1,584,91,534,50,208,4.8,22,183,61,79,444
68,14/01/2023,January,1,2023,Midlands,University Hospitals Birmingham NHS Foundation Trust,Queen Elizabeth Hospital Birmingham,Type 1,524,140,488,36,253,4.5,7,79,270,10,244
69,14/01/2023,January,1,2023,Yorkshire and Humber,Leeds Teaching Hospitals NHS Trust,Leeds General Infirmary,Type 1,308,65,265,43,191,15.4,8,128,210,46,52
70,14/01/2023,January,1,2023,South East,Oxford University Hospitals NHS Foundation Trust,John Radcliffe Hospital,Type 1,456,55,383,73,117,6.4,13,187,279,50,127
71,15/01/2023,January,1,2023,North West,Liverpool University Hospitals NHS Foundation Trust,Royal Liverpool University Hospital,Type 1,659,150,641,18,220,6.7,20,129,104,42,513
72,15/01/2023,January,1,2023,London,Guy's and St Thomas' NHS Foundation Trust,St Thomas' Hospital,Type 1,665,67,491,174,258,9.9,0,55,222,30,413
73,15/01/2023,January,1,2023,Midlands,University Hospitals Birmingham NHS Foundation Trust,Queen Elizabeth Hospital Birmingham,Type 1,395,99,370,25,259,15.6,5,80,169,33,193
74,15/01/2023,January,1,2023,Yorkshire and Humber,Leeds Teaching Hospitals NHS Trust,Leeds General Infirmary,Type 1,306,135,189,117,219,12.7,10,71,291,78,63
75,15/01/2023,January,1,2023,South East,Oxford University Hospitals NHS Foundation Trust,John Radcliffe Hospital,Type 1,594,164,357,237,225,8.3,2,130,278,61,255
76,16/01/2023,January,1,2023,North West,Liverpool University Hospitals NHS Foundation Trust,Royal Liverpool University Hospital,Type 1,445,107,367,78,140,5.5,24,99,65,31,349
77,16/01/2023,January,1,2023,London,Guy's and St Thomas' NHS Foundation Trust,St Thomas' Hospital,Type 1,288,122,219,69,241,14.8,2,139,168,33,87
78,16/01/2023,January,1,2023,Midlands,University Hospitals Birmingham NHS Foundation Trust,Queen Elizabeth Hospital Birmingham,Type 1,358,74,227,131,290,8,14,89,121,16,221
79,16/01/2023,January,1,2023,Yorkshire and Humber,Leeds Teaching Hospitals NHS Trust,Leeds General Infirmary,Type 1,274,76,188,86,108,7.1,8,106,98,50,126
80,16/01/2023,January,1,2023,South East,Oxford University Hospitals NHS Foundation Trust,John Radcliffe Hospital,Type 1,688,185,457,231,93,4.8,0,113,111,12,565
81,17/01/2023,January,1,2023,North West,Liverpool University Hospitals NHS Foundation Trust,Royal Liverpool University Hospital,Type 1,690,57,591,99,306,7.5,9,182,71,11,608
82,17/01/2023,January,1,2023,London,Guy's and St Thomas' NHS Foundation Trust,St Thomas' Hospital,Type 1,686,89,543,143,166,11.7,17,184,77,41,568
83,17/01/2023,January,1,2023,Midlands,University Hospitals Birmingham NHS Foundation Trust,Queen Elizabeth Hospital Birmingham,Type 1,310,196,226,84,253,14.9,0,88,193,14,103
84,17/01/2023,January,1,2023,Yorkshire and Humber,Leeds Teaching Hospitals NHS Trust,Leeds General Infirmary,Type 1,268,166,171,97,170,9.4,14,99,132,38,98
85,17/01/2023,January,1,2023,South East,Oxford University Hospitals NHS Foundation Trust,John Radcliffe Hospital,Type 1,623,118,499,124,232,7.7,14,149,300,38,285
86,18/01/2023,January,1,2023,North West,Liverpool University Hospitals NHS Foundation Trust,Royal Liverpool University Hospital,Type 1,555,187,439,116,143,11.2,20,141,201,66,288
87,18/01/2023,January,1,2023,London,Guy's and St Thomas' NHS Foundation Trust,St Thomas' Hospital,Type 1,435,196,294,141,144,15.4,2,158,284,47,104
88,18/01/2023,January,1,2023,Midlands,University Hospitals Birmingham NHS Foundation Trust,Queen Elizabeth Hospital Birmingham,Type 1,350,89,344,6,106,12.1,14,57,240,14,96
89,18/01/2023,January,1,2023,Yorkshire and Humber,Leeds Teaching Hospitals NHS Trust,Leeds General Infirmary,Type 1,469,147,304,165,239,12.4,9,189,142,78,249
90,18/01/2023,January,1,2023,South East,Oxford University Hospitals NHS Foundation Trust,John Radcliffe Hospital,Type 1,688,128,550,138,254,14.3,1,160,55,45,588
91,19/01/2023,January,1,2023,North West,Liverpool University Hospitals NHS Foundation Trust,Royal Liverpool University Hospital,Type 1,296,50,272,24,244,11.7,12,159,235,18,43
92,19/01/2023,January,1,2023,London,Guy's and St Thomas' NHS Foundation Trust,St Thomas' Hospital,Type 1,296,52,210,86,196,10.5,17,164,125,18,153
93,19/01/2023,January,1,2023,Midlands,University Hospitals Birmingham NHS Foundation Trust,Queen Elizabeth Hospital Birmingham,Type 1,292,125,276,16,131,5.7,25,52,181,33,78
94,19/01/2023,January,1,2023,Yorkshire and Humber,Leeds Teaching Hospitals NHS Trust,Leeds General Infirmary,Type 1,462,53,282,180,248,9.7,13,199,153,28,281
95,19/01/2023,January,1,2023,South East,Oxford University Hospitals NHS Foundation Trust,John Radcliffe Hospital,Type 1,516,167,486,30,101,12,21,107,256,62,198
96,20/01/2023,January,1,2023,North West,Liverpool University Hospitals NHS Foundation Trust,Royal Liverpool University Hospital,Type 1,301,113,233,68,153,10.5,9,104,253,53,5
97,20/01/2023,January,1,2023,London,Guy's and St Thomas' NHS Foundation Trust,St Thomas' Hospital,Type 1,283,174,208,75,111,14,24,78,72,29,182
98,20/01/2023,January,1,2023,Midlands,University Hospitals Birmingham NHS Foundation Trust,Queen Elizabeth Hospital Birmingham,Type 1,557,79,409,148,179,5.6,14,184,279,47,231
99,20/01/2023,January,1,2023,Yorkshire and Humber,Leeds Teaching Hospitals NHS Trust,Leeds General Infirmary,Type 1,443,58,304,139,200,7,0,205,166,16,261
100,20/01/2023,January,1,2023,South East,Oxford University Hospitals NHS Foundation Trust,John Radcliffe Hospital,Type 1,400,122,367,33,198,11.9,24,199,92,73,235
101,21/01/2023,January,1,2023,North West,Liverpool University Hospitals NHS Foundation Trust,Royal Liverpool University Hospital,Type 1,429,110,280,149,193,9.3,8,195,215,69,145
102,21/01/2023,January,1,2023,London,Guy's and St Thomas' NHS Foundation Trust,St Thomas' Hospital,Type 1,677,110,500,177,177,7,17,140,205,35,437
103,21/01/2023,January,1,2023,Midlands,University Hospitals Birmingham NHS Foundation Trust,Queen Elizabeth Hospital Birmingham,Type 1,664,100,463,201,148,9.1,23,74,147,59,458
104,21/01/2023,January,1,2023,Yorkshire and Humber,Leeds Teaching Hospitals NHS Trust,Leeds General Infirmary,Type 1,390,184,307,83,269,15.1,25,102,152,45,193
105,21/01/2023,January,1,2023,South East,Oxford University Hospitals NHS Foundation Trust,John Radcliffe Hospital,Type 1,364,99,271,93,272,14.6,15,151,74,29,261
106,22/01/2023,January,1,2023,North West,Liverpool University Hospitals NHS Foundation Trust,Royal Liverpool University Hospital,Type 1,504,105,339,165,296,9.5,19,204,173,58,273
107,22/01/2023,January,1,2023,London,Guy's and St Thomas' NHS Foundation Trust,St Thomas' Hospital,Type 1,528,90,474,54,202,9.4,22,176,226,31,271
108,22/01/2023,January,1,2023,Midlands,University Hospitals Birmingham NHS Foundation Trust,Queen Elizabeth Hospital Birmingham,Type 1,598,172,521,77,226,9.4,16,219,90,35,473
109,22/01/2023,January,1,2023,Yorkshire and Humber,Leeds Teaching Hospitals NHS Trust,Leeds General Infirmary,Type 1,572,56,423,149,136,12.1,24,138,195,26,351
110,22/01/2023,January,1,2023,South East,Oxford University Hospitals NHS Foundation Trust,John Radcliffe Hospital,Type 1,292,109,175,117,105,14.1,24,191,123,78,91
111,23/01/2023,January,1,2023,North West,Liverpool University Hospitals NHS Foundation Trust,Royal Liverpool University Hospital,Type 1,535,137,499,36,310,4.8,7,111,201,13,321
112,23/01/2023,January,1,2023,London,Guy's and St Thomas' NHS Foundation Trust,St Thomas' Hospital,Type 1,656,169,504,152,296,15.1,24,172,207,63,386
113,23/01/2023,January,1,2023,Midlands,University Hospitals Birmingham NHS Foundation Trust,Queen Elizabeth Hospital Birmingham,Type 1,599,56,469,130,221,9.7,23,211,143,20,436
114,23/01/2023,January,1,2023,Yorkshire and Humber,Leeds Teaching Hospitals NHS Trust,Leeds General Infirmary,Type 1,443,118,285,158,98,7.8,24,84,86,48,309
115,23/01/2023,January,1,2023,South East,Oxford University Hospitals NHS Foundation Trust,John Radcliffe Hospital,Type 1,475,193,399,76,127,9.9,11,196,90,31,354
116,24/01/2023,January,1,2023,North West,Liverpool University Hospitals NHS Foundation Trust,Royal Liverpool University Hospital,Type 1,527,122,436,91,158,12.9,6,79,74,76,377
117,24/01/2023,January,1,2023,London,Guy's and St Thomas' NHS Foundation Trust,St Thomas' Hospital,Type 1,252,126,159,93,160,10,7,44,106,60,86
118,24/01/2023,January,1,2023,Midlands,University Hospitals Birmingham NHS Foundation Trust,Queen Elizabeth Hospital Birmingham,Type 1,697,67,653,44,186,11.2,1,86,216,10,471
119,24/01/2023,January,1,2023,Yorkshire and Humber,Leeds Teaching Hospitals NHS Trust,Leeds General Infirmary,Type 1,658,186,591,67,283,14.8,17,100,65,21,572
120,24/01/2023,January,1,2023,South East,Oxford University Hospitals NHS Foundation Trust,John Radcliffe Hospital,Type 1,644,130,570,74,224,14,15,190,173,72,399
121,25/01/2023,January,1,2023,North West,Liverpool University Hospitals NHS Foundation Trust,Royal Liverpool University Hospital,Type 1,615,73,501,114,280,5.7,2,170,95,58,462
122,25/01/2023,January,1,2023,London,Guy's and St Thomas' NHS Foundation Trust,St Thomas' Hospital,Type 1,542,129,489,53,165,5,0,113,81,16,445
123,25/01/2023,January,1,2023,Midlands,University Hospitals Birmingham NHS Foundation Trust,Queen Elizabeth Hospital Birmingham,Type 1,549,95,526,23,140,7.2,11,103,66,77,406
124,25/01/2023,January,1,2023,Yorkshire and Humber,Leeds Teaching Hospitals NHS Trust,Leeds General Infirmary,Type 1,421,54,332,89,201,5.4,9,95,150,70,201
125,25/01/2023,January,1,2023,South East,Oxford University Hospitals NHS Foundation Trust,John Radcliffe Hospital,Type 1,384,177,316,68,94,15.1,1,133,124,23,237
126,26/01/2023,January,1,2023,North West,Liverpool University Hospitals NHS Foundation Trust,Royal Liverpool University Hospital,Type 1,463,125,341,122,183,7.8,25,117,102,44,317
127,26/01/2023,January,1,2023,London,Guy's and St Thomas' NHS Foundation Trust,St Thomas' Hospital,Type 1,283,108,211,72,296,15.8,2,98,227,61,5
128,26/01/2023,January,1,2023,Midlands,University Hospitals Birmingham NHS Foundation Trust,Queen Elizabeth Hospital Birmingham,Type 1,556,77,352,204,317,5.7,8,85,167,10,379
129,26/01/2023,January,1,2023,Yorkshire and Humber,Leeds Teaching Hospitals NHS Trust,Leeds General Infirmary,Type 1,357,60,218,139,263,14.8,9,156,129,67,161
130,26/01/2023,January,1,2023,South East,Oxford University Hospitals NHS Foundation Trust,John Radcliffe Hospital,Type 1,361,181,352,9,115,14,14,148,165,27,169
131,27/01/2023,January,1,2023,North West,Liverpool University Hospitals NHS Foundation Trust,Royal Liverpool University Hospital,Type 1,387,122,288,99,154,4.6,4,157,283,26,78
132,27/01/2023,January,1,2023,London,Guy's and St Thomas' NHS Foundation Trust,St Thomas' Hospital,Type 1,663,112,660,3,239,5,11,102,72,70,521
133,27/01/2023,January,1,2023,Midlands,University Hospitals Birmingham NHS Foundation Trust,Queen Elizabeth Hospital Birmingham,Type 1,378,119,358,20,164,10.6,24,190,246,15,117
134,27/01/2023,January,1,2023,Yorkshire and Humber,Leeds Teaching Hospitals NHS Trust,Leeds General Infirmary,Type 1,343,162,294,49,306,6.6,17,114,199,47,97
135,27/01/2023,January,1,2023,South East,Oxford University Hospitals NHS Foundation Trust,John Radcliffe Hospital,Type 1,349,80,239,110,149,8.7,10,125,247,80,22
136,28/01/2023,January,1,2023,North West,Liverpool University Hospitals NHS Foundation Trust,Royal Liverpool University Hospital,Type 1,356,142,331,25,158,4.1,5,46,94,80,182
137,28/01/2023,January,1,2023,London,Guy's and St Thomas' NHS Foundation Trust,St Thomas' Hospital,Type 1,544,139,363,181,138,11.1,25,85,125,18,401
138,28/01/2023,January,1,2023,Midlands,University Hospitals Birmingham NHS Foundation Trust,Queen Elizabeth Hospital Birmingham,Type 1,561,102,547,14,90,14.2,24,105,176,62,323
139,28/01/2023,January,1,2023,Yorkshire and Humber,Leeds Teaching Hospitals NHS Trust,Leeds General Infirmary,Type 1,678,188,468,210,219,6.7,7,190,230,21,427
140,28/01/2023,January,1,2023,South East,Oxford University Hospitals NHS Foundation Trust,John Radcliffe Hospital,Type 1,306,187,273,33,226,4.1,12,45,108,16,182
141,29/01/2023,January,1,2023,North West,Liverpool University Hospitals NHS Foundation Trust,Royal Liverpool University Hospital,Type 1,403,160,358,45,213,15.6,4,144,202,18,183
142,29/01/2023,January,1,2023,London,Guy's and St Thomas' NHS Foundation Trust,St Thomas' Hospital,Type 1,587,83,564,23,205,6.1,21,180,122,56,409
143,29/01/2023,January,1,2023,Midlands,University Hospitals Birmingham NHS Foundation Trust,Queen Elizabeth Hospital Birmingham,Type 1,415,157,268,147,266,13.2,14,210,131,57,227
144,29/01/2023,January,1,2023,Yorkshire and Humber,Leeds Teaching Hospitals NHS Trust,Leeds General Infirmary,Type 1,316,90,189,127,305,14.9,21,89,86,51,179
145,29/01/2023,January,1,2023,South East,Oxford University Hospitals NHS Foundation Trust,John Radcliffe Hospital,Type 1,659,80,577,82,166,13.8,7,46,135,79,445
146,30/01/2023,January,1,2023,North West,Liverpool University Hospitals NHS Foundation Trust,Royal Liverpool University Hospital,Type 1,643,174,601,42,145,5.9,21,119,219,16,408
147,30/01/2023,January,1,2023,London,Guy's and St Thomas' NHS Foundation Trust,St Thomas' Hospital,Type 1,283,109,270,13,153,9,18,177,159,31,93
148,30/01/2023,January,1,2023,Midlands,University Hospitals Birmingham NHS Foundation Trust,Queen Elizabeth Hospital Birmingham,Type 1,520,170,497,23,234,15.9,6,159,152,58,310
149,30/01/2023,January,1,2023,Yorkshire and Humber,Leeds Teaching Hospitals NHS Trust,Leeds General Infirmary,Type 1,550,163,415,135,276,13.5,0,178,278,51,221
150,30/01/2023,January,1,2023,South East,Oxford University Hospitals NHS Foundation Trust,John Radcliffe Hospital,Type 1,448,152,270,178,266,4.9,12,57,164,76,208
151,31/01/2023,January,1,2023,North West,Liverpool University Hospitals NHS Foundation Trust,Royal Liverpool University Hospital,Type 1,273,84,208,65,125,5.6,10,52,93,35,145
152,31/01/2023,January,1,2023,London,Guy's and St Thomas' NHS Foundation Trust,St Thomas' Hospital,Type 1,503,71,327,176,228,15.6,15,216,78,56,369
153,31/01/2023,January,1,2023,Midlands,University Hospitals Birmingham NHS Foundation Trust,Queen Elizabeth Hospital Birmingham,Type 1,639,140,443,196,285,12.5,19,137,107,14,518
154,31/01/2023,January,1,2023,Yorkshire and Humber,Leeds Teaching Hospitals NHS Trust,Leeds General Infirmary,Type 1,268,133,262,6,237,7.9,5,155,78,47,143
155,31/01/2023,January,1,2023,South East,Oxford University Hospitals NHS Foundation Trust,John Radcliffe Hospital,Type 1,324,171,212,112,253,6.4,13,125,81,54,189
156,01/02/2023,February,1,2023,North West,Liverpool University Hospitals NHS Foundation Trust,Royal Liverpool University Hospital,Type 1,477,118,320,157,122,5.8,23,51,104,56,317
157,01/02/2023,February,1,2023,London,Guy's and St Thomas' NHS Foundation Trust,St Thomas' Hospital,Type 1,627,68,476,151,119,8.5,25,79,162,57,408
158,01/02/2023,February,1,2023,Midlands,University Hospitals Birmingham NHS Foundation Trust,Queen Elizabeth Hospital Birmingham,Type 1,374,99,272,102,253,15.9,11,206,186,66,122
159,01/02/2023,February,1,2023,Yorkshire and Humber,Leeds Teaching Hospitals NHS Trust,Leeds General Infirmary,Type 1,336,83,305,31,128,8.8,22,180,248,48,40
160,01/02/2023,February,1,2023,South East,Oxford University Hospitals NHS Foundation Trust,John Radcliffe Hospital,Type 1,393,170,278,115,133,13.9,3,131,226,22,145
161,02/02/2023,February,1,2023,North West,Liverpool University Hospitals NHS Foundation Trust,Royal Liverpool University Hospital,Type 1,526,88,434,92,97,6.9,4,74,167,71,288
162,02/02/2023,February,1,2023,London,Guy's and St Thomas' NHS Foundation Trust,St Thomas' Hospital,Type 1,342,197,306,36,142,7.7,10,181,274,17,51
163,02/02/2023,February,1,2023,Midlands,University Hospitals Birmingham NHS Foundation Trust,Queen Elizabeth Hospital Birmingham,Type 1,456,127,278,178,237,14.4,9,133,156,30,270
164,02/02/2023,February,1,2023,Yorkshire and Humber,Leeds Teaching Hospitals NHS Trust,Leeds General Infirmary,Type 1,267,163,166,101,104,5.1,6,211,213,75,21
165,02/02/2023,February,1,2023,South East,Oxford University Hospitals NHS Foundation Trust,John Radcliffe Hospital,Type 1,669,196,511,158,98,9,1,193,268,11,390
166,03/02/2023,February,1,2023,North West,Liverpool University Hospitals NHS Foundation Trust,Royal Liverpool University Hospital,Type 1,255,195,250,5,258,7.4,2,189,218,53,16
167,03/02/2023,February,1,2023,London,Guy's and St Thomas' NHS Foundation Trust,St Thomas' Hospital,Type 1,460,90,390,70,300,5.7,21,134,199,31,230
168,03/02/2023,February,1,2023,Midlands,University Hospitals Birmingham NHS Foundation Trust,Queen Elizabeth Hospital Birmingham,Type 1,327,177,285,42,212,6.1,3,203,127,14,186
169,03/02/2023,February,1,2023,Yorkshire and Humber,Leeds Teaching Hospitals NHS Trust,Leeds General Infirmary,Type 1,502,146,347,155,197,15.8,15,176,146,26,330
170,03/02/2023,February,1,2023,South East,Oxford University Hospitals NHS Foundation Trust,John Radcliffe Hospital,Type 1,640,140,628,12,190,10.6,18,143,125,54,461
171,04/02/2023,February,1,2023,North West,Liverpool University Hospitals NHS Foundation Trust,Royal Liverpool University Hospital,Type 1,476,112,318,158,93,13.9,11,102,69,12,395
172,04/02/2023,February,1,2023,London,Guy's and St Thomas' NHS Foundation Trust,St Thomas' Hospital,Type 1,608,137,527,81,112,10.8,11,94,211,78,319
173,04/02/2023,February,1,2023,Midlands,University Hospitals Birmingham NHS Foundation Trust,Queen Elizabeth Hospital Birmingham,Type 1,466,91,449,17,198,12.2,1,44,266,10,190
174,04/02/2023,February,1,2023,Yorkshire and Humber,Leeds Teaching Hospitals NHS Trust,Leeds General Infirmary,Type 1,422,126,422,0,95,13.6,4,192,197,60,165
175,04/02/2023,February,1,2023,South East,Oxford University Hospitals NHS Foundation Trust,John Radcliffe Hospital,Type 1,690,64,534,156,173,7.5,6,216,131,50,509
176,05/02/2023,February,1,2023,North West,Liverpool University Hospitals NHS Foundation Trust,Royal Liverpool University Hospital,Type 1,329,77,210,119,103,15.9,14,198,99,43,187
177,05/02/2023,February,1,2023,London,Guy's and St Thomas' NHS Foundation Trust,St Thomas' Hospital,Type 1,684,187,671,13,305,14.5,18,73,69,41,574
178,05/02/2023,February,1,2023,Midlands,University Hospitals Birmingham NHS Foundation Trust,Queen Elizabeth Hospital Birmingham,Type 1,401,60,295,106,220,5.2,12,209,168,19,214
179,05/02/2023,February,1,2023,Yorkshire and Humber,Leeds Teaching Hospitals NHS Trust,Leeds General Infirmary,Type 1,406,149,243,163,318,7.5,3,204,89,29,288
180,05/02/2023,February,1,2023,South East,Oxford University Hospitals NHS Foundation Trust,John Radcliffe Hospital,Type 1,251,137,208,43,226,12.7,3,100,182,79,10
181,06/02/2023,February,1,2023,North West,Liverpool University Hospitals NHS Foundation Trust,Royal Liverpool University Hospital,Type 1,383,152,346,37,203,4.1,2,215,90,64,229
182,06/02/2023,February,1,2023,London,Guy's and St Thomas' NHS Foundation Trust,St Thomas' Hospital,Type 1,443,157,283,160,163,13.1,3,182,68,13,362
183,06/02/2023,February,1,2023,Midlands,University Hospitals Birmingham NHS Foundation Trust,Queen Elizabeth Hospital Birmingham,Type 1,296,135,276,20,189,12.8,24,196,147,42,107
184,06/02/2023,February,1,2023,Yorkshire and Humber,Leeds Teaching Hospitals NHS Trust,Leeds General Infirmary,Type 1,332,98,228,104,229,7.7,3,220,111,39,182
185,06/02/2023,February,1,2023,South East,Oxford University Hospitals NHS Foundation Trust,John Radcliffe Hospital,Type 1,421,96,417,4,96,13.4,24,218,274,68,79
186,07/02/2023,February,1,2023,North West,Liverpool University Hospitals NHS Foundation Trust,Royal Liverpool University Hospital,Type 1,575,103,455,120,285,12.8,12,185,175,80,320
187,07/02/2023,February,1,2023,London,Guy's and St Thomas' NHS Foundation Trust,St Thomas' Hospital,Type 1,692,188,527,165,101,9.1,9,218,229,62,401
188,07/02/2023,February,1,2023,Midlands,University Hospitals Birmingham NHS Foundation Trust,Queen Elizabeth Hospital Birmingham,Type 1,559,163,425,134,157,5.2,1,212,143,28,388
189,07/02/2023,February,1,2023,Yorkshire and Humber,Leeds Teaching Hospitals NHS Trust,Leeds General Infirmary,Type 1,297,86,264,33,288,10.6,22,121,164,27,106
190,07/02/2023,February,1,2023,South East,Oxford University Hospitals NHS Foundation Trust,John Radcliffe Hospital,Type 1,618,200,602,16,317,14.3,14,204,255,53,310
191,08/02/2023,February,1,2023,North West,Liverpool University Hospitals NHS Foundation Trust,Royal Liverpool University Hospital,Type 1,526,168,516,10,225,10.3,20,201,77,27,422
192,08/02/2023,February,1,2023,London,Guy's and St Thomas' NHS Foundation Trust,St Thomas' Hospital,Type 1,504,161,390,114,180,15.4,18,181,279,70,155
193,08/02/2023,February,1,2023,Midlands,University Hospitals Birmingham NHS Foundation Trust,Queen Elizabeth Hospital Birmingham,Type 1,371,89,331,40,144,12,20,57,277,58,36
194,08/02/2023,February,1,2023,Yorkshire and Humber,Leeds Teaching Hospitals NHS Trust,Leeds General Infirmary,Type 1,420,132,325,95,273,5.1,23,108,160,60,200
195,08/02/2023,February,1,2023,South East,Oxford University Hospitals NHS Foundation Trust,John Radcliffe Hospital,Type 1,356,77,259,97,256,4.6,25,132,102,19,235
196,09/02/2023,February,1,2023,North West,Liverpool University Hospitals NHS Foundation Trust,Royal Liverpool University Hospital,Type 1,291,200,289,2,316,14.5,11,212,51,40,200
197,09/02/2023,February,1,2023,London,Guy's and St Thomas' NHS Foundation Trust,St Thomas' Hospital,Type 1,264,175,171,93,115,11.1,16,187,97,19,148
198,09/02/2023,February,1,2023,Midlands,University Hospitals Birmingham NHS Foundation Trust,Queen Elizabeth Hospital Birmingham,Type 1,700,196,661,39,139,16,2,195,210,51,439
199,09/02/2023,February,1,2023,Yorkshire and Humber,Leeds Teaching Hospitals NHS Trust,Leeds General Infirmary,Type 1,578,70,397,181,240,5,12,101,67,49,462
200,09/02/2023,February,1,2023,South East,Oxford University Hospitals NHS Foundation Trust,John Radcliffe Hospital,Type 1,551,183,381,170,206,14,22,197,215,49,287
201,10/02/2023,February,1,2023,North West,Liverpool University Hospitals NHS Foundation Trust,Royal Liverpool University Hospital,Type 1,526,131,331,195,212,7.9,1,133,161,69,296
202,10/02/2023,February,1,2023,London,Guy's and St Thomas' NHS Foundation Trust,St Thomas' Hospital,Type 1,423,124,303,120,260,9.9,18,190,167,57,199
203,10/02/2023,February,1,2023,Midlands,University Hospitals Birmingham NHS Foundation Trust,Queen Elizabeth Hospital Birmingham,Type 1,504,114,439,65,218,12.7,0,210,116,21,367
204,10/02/2023,February,1,2023,Yorkshire and Humber,Leeds Teaching Hospitals NHS Trust,Leeds General Infirmary,Type 1,580,134,504,76,274,6.4,22,71,228,76,276
205,10/02/2023,February,1,2023,South East,Oxford University Hospitals NHS Foundation Trust,John Radcliffe Hospital,Type 1,375,159,363,12,130,8,20,83,63,60,252
206,11/02/2023,February,1,2023,North West,Liverpool University Hospitals NHS Foundation Trust,Royal Liverpool University Hospital,Type 1,455,164,287,168,96,10.9,2,78,164,53,238
207,11/02/2023,February,1,2023,London,Guy's and St Thomas' NHS Foundation Trust,St Thomas' Hospital,Type 1,459,170,281,178,177,11,16,202,223,72,164
208,11/02/2023,February,1,2023,Midlands,University Hospitals Birmingham NHS Foundation Trust,Queen Elizabeth Hospital Birmingham,Type 1,467,193,288,179,106,4.5,23,131,134,66,267
209,11/02/2023,February,1,2023,Yorkshire and Humber,Leeds Teaching Hospitals NHS Trust,Leeds General Infirmary,Type 1,502,95,426,76,288,4.7,11,81,194,40,268
210,11/02/2023,February,1,2023,South East,Oxford University Hospitals NHS Foundation Trust,John Radcliffe Hospital,Type 1,578,56,514,64,293,10.4,6,190,78,63,437
211,12/02/2023,February,1,2023,North West,Liverpool University Hospitals NHS Foundation Trust,Royal Liverpool University Hospital,Type 1,681,75,666,15,259,13.5,2,52,95,58,528
212,12/02/2023,February,1,2023,London,Guy's and St Thomas' NHS Foundation Trust,St Thomas' Hospital,Type 1,399,121,383,16,299,9.8,18,92,262,34,103
213,12/02/2023,February,1,2023,Midlands,University Hospitals Birmingham NHS Foundation Trust,Queen Elizabeth Hospital Birmingham,Type 1,590,94,438,152,158,13.4,4,117,134,18,438
214,12/02/2023,February,1,2023,Yorkshire and Humber,Leeds Teaching Hospitals NHS Trust,Leeds General Infirmary,Type 1,481,100,341,140,146,7.7,6,213,140,76,265
215,12/02/2023,February,1,2023,South East,Oxford University Hospitals NHS Foundation Trust,John Radcliffe Hospital,Type 1,597,129,375,222,229,13.4,14,162,170,64,363
216,13/02/2023,February,1,2023,North West,Liverpool University Hospitals NHS Foundation Trust,Royal Liverpool University Hospital,Type 1,652,128,601,51,224,8.8,22,112,260,36,356
217,13/02/2023,February,1,2023,London,Guy's and St Thomas' NHS Foundation Trust,St Thomas' Hospital,Type 1,469,199,413,56,130,10.2,11,42,260,48,161
218,13/02/2023,February,1,2023,Midlands,University Hospitals Birmingham NHS Foundation Trust,Queen Elizabeth Hospital Birmingham,Type 1,581,74,368,213,213,13.3,2,154,295,15,271
219,13/02/2023,February,1,2023,Yorkshire and Humber,Leeds Teaching Hospitals NHS Trust,Leeds General Infirmary,Type 1,660,155,635,25,304,4.4,1,101,54,41,565
220,13/02/2023,February,1,2023,South East,Oxford University Hospitals NHS Foundation Trust,John Radcliffe Hospital,Type 1,336,131,221,115,175,7.6,15,149,202,62,72
221,14/02/2023,February,1,2023,North West,Liverpool University Hospitals NHS Foundation Trust,Royal Liverpool University Hospital,Type 1,291,157,177,114,279,6.6,4,166,205,33,53
222,14/02/2023,February,1,2023,London,Guy's and St Thomas' NHS Foundation Trust,St Thomas' Hospital,Type 1,258,137,155,103,128,5.3,0,87,195,32,31
223,14/02/2023,February,1,2023,Midlands,University Hospitals Birmingham NHS Foundation Trust,Queen Elizabeth Hospital Birmingham,Type 1,371,179,346,25,278,15.2,11,56,134,62,175
224,14/02/2023,February,1,2023,Yorkshire and Humber,Leeds Teaching Hospitals NHS Trust,Leeds General Infirmary,Type 1,487,150,458,29,266,14.5,6,136,232,67,188
225,14/02/2023,February,1,2023,South East,Oxford University Hospitals NHS Foundation Trust,John Radcliffe Hospital,Type 1,468,194,322,146,159,14.2,24,207,185,41,242
226,15/02/2023,February,1,2023,North West,Liverpool University Hospitals NHS Foundation Trust,Royal Liverpool University Hospital,Type 1,391,96,237,154,188,7.1,21,107,182,57,152
227,15/02/2023,February,1,2023,London,Guy's and St Thomas' NHS Foundation Trust,St Thomas' Hospital,Type 1,521,81,468,53,217,11.8,11,197,270,46,205
228,15/02/2023,February,1,2023,Midlands,University Hospitals Birmingham NHS Foundation Trust,Queen Elizabeth Hospital Birmingham,Type 1,627,104,587,40,309,5.5,16,175,165,63,399
229,15/02/2023,February,1,2023,Yorkshire and Humber,Leeds Teaching Hospitals NHS Trust,Leeds General Infirmary,Type 1,251,110,211,40,315,6.8,24,204,180,14,57
230,15/02/2023,February,1,2023,South East,Oxford University Hospitals NHS Foundation Trust,John Radcliffe Hospital,Type 1,536,133,517,19,121,12.7,10,84,102,48,386
231,16/02/2023,February,1,2023,North West,Liverpool University Hospitals NHS Foundation Trust,Royal Liverpool University Hospital,Type 1,399,172,369,30,185,5.5,18,145,202,50,147
232,16/02/2023,February,1,2023,London,Guy's and St Thomas' NHS Foundation Trust,St Thomas' Hospital,Type 1,602,184,578,24,200,12.3,8,196,284,10,308
233,16/02/2023,February,1,2023,Midlands,University Hospitals Birmingham NHS Foundation Trust,Queen Elizabeth Hospital Birmingham,Type 1,628,196,615,13,222,7,24,106,235,13,380
234,16/02/2023,February,1,2023,Yorkshire and Humber,Leeds Teaching Hospitals NHS Trust,Leeds General Infirmary,Type 1,640,174,605,35,143,15.3,9,160,52,39,549
235,16/02/2023,February,1,2023,South East,Oxford University Hospitals NHS Foundation Trust,John Radcliffe Hospital,Type 1,399,81,287,112,309,7.7,7,206,117,45,237
236,17/02/2023,February,1,2023,North West,Liverpool University Hospitals NHS Foundation Trust,Royal Liverpool University Hospital,Type 1,669,134,650,19,158,16,4,219,272,59,338
237,17/02/2023,February,1,2023,London,Guy's and St Thomas' NHS Foundation Trust,St Thomas' Hospital,Type 1,264,171,210,54,301,5.8,18,181,222,28,14
238,17/02/2023,February,1,2023,Midlands,University Hospitals Birmingham NHS Foundation Trust,Queen Elizabeth Hospital Birmingham,Type 1,602,126,407,195,252,13.9,10,210,207,53,342
239,17/02/2023,February,1,2023,Yorkshire and Humber,Leeds Teaching Hospitals NHS Trust,Leeds General Infirmary,Type 1,346,172,277,69,197,10.4,8,216,112,65,169
240,17/02/2023,February,1,2023,South East,Oxford University Hospitals NHS Foundation Trust,John Radcliffe Hospital,Type 1,445,192,442,3,259,7.5,8,167,222,21,202
241,18/02/2023,February,1,2023,North West,Liverpool University Hospitals NHS Foundation Trust,Royal Liverpool University Hospital,Type 1,632,101,424,208,292,15.1,17,145,242,12,378
242,18/02/2023,February,1,2023,London,Guy's and St Thomas' NHS Foundation Trust,St Thomas' Hospital,Type 1,324,192,201,123,298,8.6,4,75,120,40,164
243,18/02/2023,February,1,2023,Midlands,University Hospitals Birmingham NHS Foundation Trust,Queen Elizabeth Hospital Birmingham,Type 1,441,63,429,12,230,6.2,0,115,193,38,210
244,18/02/2023,February,1,2023,Yorkshire and Humber,Leeds Teaching Hospitals NHS Trust,Leeds General Infirmary,Type 1,532,175,497,35,234,6.7,11,118,181,16,335
245,18/02/2023,February,1,2023,South East,Oxford University Hospitals NHS Foundation Trust,John Radcliffe Hospital,Type 1,656,168,647,9,201,4.2,10,160,148,19,489
246,19/02/2023,February,1,2023,North West,Liverpool University Hospitals NHS Foundation Trust,Royal Liverpool University Hospital,Type 1,596,165,479,117,121,6.7,23,164,215,25,356
247,19/02/2023,February,1,2023,London,Guy's and St Thomas' NHS Foundation Trust,St Thomas' Hospital,Type 1,599,143,530,69,201,11.3,5,116,272,63,264
248,19/02/2023,February,1,2023,Midlands,University Hospitals Birmingham NHS Foundation Trust,Queen Elizabeth Hospital Birmingham,Type 1,396,99,268,128,250,14.4,12,44,144,66,186
249,19/02/2023,February,1,2023,Yorkshire and Humber,Leeds Teaching Hospitals NHS Trust,Leeds General Infirmary,Type 1,582,176,518,64,198,4.1,25,53,170,35,377
250,19/02/2023,February,1,2023,South East,Oxford University Hospitals NHS Foundation Trust,John Radcliffe Hospital,Type 1,697,73,536,161,105,11.5,23,190,287,17,393
251,20/02/2023,February,1,2023,North West,Liverpool University Hospitals NHS Foundation Trust,Royal Liverpool University Hospital,Type 1,484,56,302,182,177,6.8,23,46,293,52,139
252,20/02/2023,February,1,2023,London,Guy's and St Thomas' NHS Foundation Trust,St Thomas' Hospital,Type 1,453,187,318,135,221,8.6,21,66,165,11,277
253,20/02/2023,February,1,2023,Midlands,University Hospitals Birmingham NHS Foundation Trust,Queen Elizabeth Hospital Birmingham,Type 1,377,133,288,89,189,10.4,12,153,270,47,60
254,20/02/2023,February,1,2023,Yorkshire and Humber,Leeds Teaching Hospitals NHS Trust,Leeds General Infirmary,Type 1,303,93,204,99,93,14.1,25,62,88,24,191
255,20/02/2023,February,1,2023,South East,Oxford University Hospitals NHS Foundation Trust,John Radcliffe Hospital,Type 1,312,157,261,51,173,5.3,10,220,250,17,45
256,21/02/2023,February,1,2023,North West,Liverpool University Hospitals NHS Foundation Trust,Royal Liverpool University Hospital,Type 1,602,93,554,48,290,7.8,16,168,209,15,378
257,21/02/2023,February,1,2023,London,Guy's and St Thomas' NHS Foundation Trust,St Thomas' Hospital,Type 1,435,110,267,168,162,7.6,7,63,88,51,296
258,21/02/2023,February,1,2023,Midlands,University Hospitals Birmingham NHS Foundation Trust,Queen Elizabeth Hospital Birmingham,Type 1,402,176,359,43,209,6.6,2,216,224,54,124
259,21/02/2023,February,1,2023,Yorkshire and Humber,Leeds Teaching Hospitals NHS Trust,Leeds General Infirmary,Type 1,423,93,416,7,140,14.6,14,144,287,76,60
260,21/02/2023,February,1,2023,South East,Oxford University Hospitals NHS Foundation Trust,John Radcliffe Hospital,Type 1,630,148,575,55,216,12.9,22,72,238,18,374
261,22/02/2023,February,1,2023,North West,Liverpool University Hospitals NHS Foundation Trust,Royal Liverpool University Hospital,Type 1,421,113,293,128,90,10.6,12,109,297,76,48
262,22/02/2023,February,1,2023,London,Guy's and St Thomas' NHS Foundation Trust,St Thomas' Hospital,Type 1,630,102,378,252,153,15.1,15,76,137,34,459
263,22/02/2023,February,1,2023,Midlands,University Hospitals Birmingham NHS Foundation Trust,Queen Elizabeth Hospital Birmingham,Type 1,601,107,406,195,125,14.6,23,119,115,70,416
264,22/02/2023,February,1,2023,Yorkshire and Humber,Leeds Teaching Hospitals NHS Trust,Leeds General Infirmary,Type 1,268,133,189,79,271,8.9,3,85,171,70,27
265,22/02/2023,February,1,2023,South East,Oxford University Hospitals NHS Foundation Trust,John Radcliffe Hospital,Type 1,691,120,414,277,298,6.6,13,50,297,43,351
266,23/02/2023,February,1,2023,North West,Liverpool University Hospitals NHS Foundation Trust,Royal Liverpool University Hospital,Type 1,362,126,325,37,154,12,17,94,180,63,119
267,23/02/2023,February,1,2023,London,Guy's and St Thomas' NHS Foundation Trust,St Thomas' Hospital,Type 1,509,155,413,96,124,4.7,18,146,237,63,209
268,23/02/2023,February,1,2023,Midlands,University Hospitals Birmingham NHS Foundation Trust,Queen Elizabeth Hospital Birmingham,Type 1,688,138,624,64,103,9.8,8,88,260,60,368
269,23/02/2023,February,1,2023,Yorkshire and Humber,Leeds Teaching Hospitals NHS Trust,Leeds General Infirmary,Type 1,514,115,350,164,163,11.2,10,185,281,16,217
270,23/02/2023,February,1,2023,South East,Oxford University Hospitals NHS Foundation Trust,John Radcliffe Hospital,Type 1,350,113,324,26,313,10.6,0,100,117,65,168
271,24/02/2023,February,1,2023,North West,Liverpool University Hospitals NHS Foundation Trust,Royal Liverpool University Hospital,Type 1,272,125,210,62,156,6.7,5,61,158,38,76
272,24/02/2023,February,1,2023,London,Guy's and St Thomas' NHS Foundation Trust,St Thomas' Hospital,Type 1,663,82,444,219,170,14,1,141,276,65,322
273,24/02/2023,February,1,2023,Midlands,University Hospitals Birmingham NHS Foundation Trust,Queen Elizabeth Hospital Birmingham,Type 1,542,147,542,0,223,11,6,192,216,34,292
274,24/02/2023,February,1,2023,Yorkshire and Humber,Leeds Teaching Hospitals NHS Trust,Leeds General Infirmary,Type 1,480,82,440,40,130,4.7,18,83,247,52,181
275,24/02/2023,February,1,2023,South East,Oxford University Hospitals NHS Foundation Trust,John Radcliffe Hospital,Type 1,435,75,356,79,147,14.2,13,149,69,67,299
276,25/02/2023,February,1,2023,North West,Liverpool University Hospitals NHS Foundation Trust,Royal Liverpool University Hospital,Type 1,449,93,425,24,206,12.6,23,106,116,19,314
277,25/02/2023,February,1,2023,London,Guy's and St Thomas' NHS Foundation Trust,St Thomas' Hospital,Type 1,329,133,238,91,202,8.7,13,143,121,59,149
278,25/02/2023,February,1,2023,Midlands,University Hospitals Birmingham NHS Foundation Trust,Queen Elizabeth Hospital Birmingham,Type 1,322,187,300,22,183,5.7,16,162,227,59,36
279,25/02/2023,February,1,2023,Yorkshire and Humber,Leeds Teaching Hospitals NHS Trust,Leeds General Infirmary,Type 1,501,80,351,150,135,9.7,24,100,106,54,341
280,25/02/2023,February,1,2023,South East,Oxford University Hospitals NHS Foundation Trust,John Radcliffe Hospital,Type 1,368,78,326,42,254,12.2,22,124,284,63,21
281,26/02/2023,February,1,2023,North West,Liverpool University Hospitals NHS Foundation Trust,Royal Liverpool University Hospital,Type 1,428,155,363,65,182,6.5,13,220,72,24,332
282,26/02/2023,February,1,2023,London,Guy's and St Thomas' NHS Foundation Trust,St Thomas' Hospital,Type 1,657,130,493,164,141,9.4,24,72,154,70,433
283,26/02/2023,February,1,2023,Midlands,University Hospitals Birmingham NHS Foundation Trust,Queen Elizabeth Hospital Birmingham,Type 1,286,197,269,17,231,12.8,4,53,119,72,95
284,26/02/2023,February,1,2023,Yorkshire and Humber,Leeds Teaching Hospitals NHS Trust,Leeds General Infirmary,Type 1,494,118,383,111,284,7.5,17,111,126,40,328
285,26/02/2023,February,1,2023,South East,Oxford University Hospitals NHS Foundation Trust,John Radcliffe Hospital,Type 1,253,90,241,12,287,9.7,3,78,281,54,82
286,27/02/2023,February,1,2023,North West,Liverpool University Hospitals NHS Foundation Trust,Royal Liverpool University Hospital,Type 1,450,113,349,101,195,15.3,7,192,161,57,232
287,27/02/2023,February,1,2023,London,Guy's and St Thomas' NHS Foundation Trust,St Thomas' Hospital,Type 1,269,113,249,20,297,11.7,13,136,93,43,133
288,27/02/2023,February,1,2023,Midlands,University Hospitals Birmingham NHS Foundation Trust,Queen Elizabeth Hospital Birmingham,Type 1,541,79,494,47,300,9.7,20,218,299,53,189
289,27/02/2023,February,1,2023,Yorkshire and Humber,Leeds Teaching Hospitals NHS Trust,Leeds General Infirmary,Type 1,534,163,457,77,100,8.4,17,140,275,74,185
290,27/02/2023,February,1,2023,South East,Oxford University Hospitals NHS Foundation Trust,John Radcliffe Hospital,Type 1,480,131,401,79,316,9.5,0,216,154,43,283
291,28/02/2023,February,1,2023,North West,Liverpool University Hospitals NHS Foundation Trust,Royal Liverpool University Hospital,Type 1,359,107,340,19,295,10.9,20,125,169,78,112
292,28/02/2023,February,1,2023,London,Guy's and St Thomas' NHS Foundation Trust,St Thomas' Hospital,Type 1,514,76,445,69,238,11.4,9,143,163,72,279
293,28/02/2023,February,1,2023,Midlands,University Hospitals Birmingham NHS Foundation Trust,Queen Elizabeth Hospital Birmingham,Type 1,627,116,617,10,201,9.1,18,81,121,55,451
294,28/02/2023,February,1,2023,Yorkshire and Humber,Leeds Teaching Hospitals NHS Trust,Leeds General Infirmary,Type 1,651,140,414,237,104,10.9,1,78,185,49,417
295,28/02/2023,February,1,2023,South East,Oxford University Hospitals NHS Foundation Trust,John Radcliffe Hospital,Type 1,250,63,222,28,93,6.6,4,195,270,71,91
296,01/03/2023,March,1,2023,North West,Liverpool University Hospitals NHS Foundation Trust,Royal Liverpool University Hospital,Type 1,504,84,495,9,301,10.3,25,141,245,32,227
297,01/03/2023,March,1,2023,London,Guy's and St Thomas' NHS Foundation Trust,St Thomas' Hospital,Type 1,628,124,474,154,171,14.9,7,179,298,67,263
298,01/03/2023,March,1,2023,Midlands,University Hospitals Birmingham NHS Foundation Trust,Queen Elizabeth Hospital Birmingham,Type 1,444,91,438,6,122,9.5,11,61,147,13,284
299,01/03/2023,March,1,2023,Yorkshire and Humber,Leeds Teaching Hospitals NHS Trust,Leeds General Infirmary,Type 1,392,160,348,44,318,10.8,22,159,56,18,318
300,01/03/2023,March,1,2023,South East,Oxford University Hospitals NHS Foundation Trust,John Radcliffe Hospital,Type 1,517,94,365,152,112,15.8,20,166,230,80,207
301,02/03/2023,March,1,2023,North West,Liverpool University Hospitals NHS Foundation Trust,Royal Liverpool University Hospital,Type 1,538,83,342,196,91,6.4,6,122,64,47,427
302,02/03/2023,March,1,2023,London,Guy's and St Thomas' NHS Foundation Trust,St Thomas' Hospital,Type 1,631,146,475,156,291,11.9,17,110,72,28,531
303,02/03/2023,March,1,2023,Midlands,University Hospitals Birmingham NHS Foundation Trust,Queen Elizabeth Hospital Birmingham,Type 1,652,184,474,178,275,5.9,24,113,131,32,489
304,02/03/2023,March,1,2023,Yorkshire and Humber,Leeds Teaching Hospitals NHS Trust,Leeds General Infirmary,Type 1,618,92,598,20,253,10.6,16,74,297,52,269
305,02/03/2023,March,1,2023,South East,Oxford University Hospitals NHS Foundation Trust,John Radcliffe Hospital,Type 1,325,184,255,70,199,10.4,1,58,97,17,211
306,03/03/2023,March,1,2023,North West,Liverpool University Hospitals NHS Foundation Trust,Royal Liverpool University Hospital,Type 1,399,94,315,84,151,4.2,20,63,228,36,135
307,03/03/2023,March,1,2023,London,Guy's and St Thomas' NHS Foundation Trust,St Thomas' Hospital,Type 1,645,144,418,227,162,4.2,5,40,243,21,381
308,03/03/2023,March,1,2023,Midlands,University Hospitals Birmingham NHS Foundation Trust,Queen Elizabeth Hospital Birmingham,Type 1,304,125,251,53,317,12.6,7,157,127,67,110
309,03/03/2023,March,1,2023,Yorkshire and Humber,Leeds Teaching Hospitals NHS Trust,Leeds General Infirmary,Type 1,435,110,313,122,270,13,7,75,253,31,151
310,03/03/2023,March,1,2023,South East,Oxford University Hospitals NHS Foundation Trust,John Radcliffe Hospital,Type 1,561,167,509,52,202,6.5,18,136,254,28,279
311,04/03/2023,March,1,2023,North West,Liverpool University Hospitals NHS Foundation Trust,Royal Liverpool University Hospital,Type 1,537,81,346,191,312,9.9,10,125,259,55,223
312,04/03/2023,March,1,2023,London,Guy's and St Thomas' NHS Foundation Trust,St Thomas' Hospital,Type 1,482,136,482,0,117,13.7,8,81,103,57,322
313,04/03/2023,March,1,2023,Midlands,University Hospitals Birmingham NHS Foundation Trust,Queen Elizabeth Hospital Birmingham,Type 1,683,167,456,227,126,6.4,1,74,253,53,377
314,04/03/2023,March,1,2023,Yorkshire and Humber,Leeds Teaching Hospitals NHS Trust,Leeds General Infirmary,Type 1,577,94,418,159,314,6.5,8,89,147,37,393
315,04/03/2023,March,1,2023,South East,Oxford University Hospitals NHS Foundation Trust,John Radcliffe Hospital,Type 1,593,86,572,21,141,11.1,25,154,91,16,486
316,05/03/2023,March,1,2023,North West,Liverpool University Hospitals NHS Foundation Trust,Royal Liverpool University Hospital,Type 1,404,190,360,44,146,13.6,18,133,269,59,76
317,05/03/2023,March,1,2023,London,Guy's and St Thomas' NHS Foundation Trust,St Thomas' Hospital,Type 1,359,134,317,42,200,10.4,17,217,128,69,162
318,05/03/2023,March,1,2023,Midlands,University Hospitals Birmingham NHS Foundation Trust,Queen Elizabeth Hospital Birmingham,Type 1,487,174,309,178,122,12.4,3,203,81,37,369
319,05/03/2023,March,1,2023,Yorkshire and Humber,Leeds Teaching Hospitals NHS Trust,Leeds General Infirmary,Type 1,478,162,467,11,180,15.2,15,207,227,74,177
320,05/03/2023,March,1,2023,South East,Oxford University Hospitals NHS Foundation Trust,John Radcliffe Hospital,Type 1,629,75,438,191,112,15.7,0,133,223,51,355
321,06/03/2023,March,1,2023,North West,Liverpool University Hospitals NHS Foundation Trust,Royal Liverpool University Hospital,Type 1,315,50,293,22,190,15.4,9,75,242,79,6
322,06/03/2023,March,1,2023,London,Guy's and St Thomas' NHS Foundation Trust,St Thomas' Hospital,Type 1,547,123,522,25,292,12.3,19,213,283,38,226
323,06/03/2023,March,1,2023,Midlands,University Hospitals Birmingham NHS Foundation Trust,Queen Elizabeth Hospital Birmingham,Type 1,634,64,597,37,91,4.5,6,68,254,57,323
324,06/03/2023,March,1,2023,Yorkshire and Humber,Leeds Teaching Hospitals NHS Trust,Leeds General Infirmary,Type 1,522,105,518,4,302,7.2,13,216,203,48,271
325,06/03/2023,March,1,2023,South East,Oxford University Hospitals NHS Foundation Trust,John Radcliffe Hospital,Type 1,282,73,198,84,177,13.5,22,130,214,54,14
326,07/03/2023,March,1,2023,North West,Liverpool University Hospitals NHS Foundation Trust,Royal Liverpool University Hospital,Type 1,399,200,241,158,178,13.4,1,180,292,76,31
327,07/03/2023,March,1,2023,London,Guy's and St Thomas' NHS Foundation Trust,St Thomas' Hospital,Type 1,612,140,466,146,109,13.7,18,93,235,57,320
328,07/03/2023,March,1,2023,Midlands,University Hospitals Birmingham NHS Foundation Trust,Queen Elizabeth Hospital Birmingham,Type 1,337,135,205,132,221,15,23,187,193,57,87
329,07/03/2023,March,1,2023,Yorkshire and Humber,Leeds Teaching Hospitals NHS Trust,Leeds General Infirmary,Type 1,322,142,259,63,128,11.2,24,62,276,80,34
330,07/03/2023,March,1,2023,South East,Oxford University Hospitals NHS Foundation Trust,John Radcliffe Hospital,Type 1,339,93,337,2,179,14.3,11,192,290,10,39
331,08/03/2023,March,1,2023,North West,Liverpool University Hospitals NHS Foundation Trust,Royal Liverpool University Hospital,Type 1,547,65,481,66,164,5,10,53,132,38,377
332,08/03/2023,March,1,2023,London,Guy's and St Thomas' NHS Foundation Trust,St Thomas' Hospital,Type 1,355,166,301,54,176,10.2,3,212,131,33,191
333,08/03/2023,March,1,2023,Midlands,University Hospitals Birmingham NHS Foundation Trust,Queen Elizabeth Hospital Birmingham,Type 1,572,109,432,140,318,15.6,16,215,92,25,455
334,08/03/2023,March,1,2023,Yorkshire and Humber,Leeds Teaching Hospitals NHS Trust,Leeds General Infirmary,Type 1,327,153,215,112,166,9.8,2,195,165,62,100
335,08/03/2023,March,1,2023,South East,Oxford University Hospitals NHS Foundation Trust,John Radcliffe Hospital,Type 1,410,176,329,81,174,10.1,8,210,155,46,209
336,09/03/2023,March,1,2023,North West,Liverpool University Hospitals NHS Foundation Trust,Royal Liverpool University Hospital,Type 1,484,81,307,177,96,10,9,49,69,62,353
337,09/03/2023,March,1,2023,London,Guy's and St Thomas' NHS Foundation Trust,St Thomas' Hospital,Type 1,363,163,245,118,254,9.9,9,51,67,30,266
338,09/03/2023,March,1,2023,Midlands,University Hospitals Birmingham NHS Foundation Trust,Queen Elizabeth Hospital Birmingham,Type 1,566,199,406,160,273,14.4,22,64,56,62,448
339,09/03/2023,March,1,2023,Yorkshire and Humber,Leeds Teaching Hospitals NHS Trust,Leeds General Infirmary,Type 1,393,139,380,13,124,5.7,13,152,217,15,161
340,09/03/2023,March,1,2023,South East,Oxford University Hospitals NHS Foundation Trust,John Radcliffe Hospital,Type 1,554,155,404,150,104,14,22,203,164,57,333
341,10/03/2023,March,1,2023,North West,Liverpool University Hospitals NHS Foundation Trust,Royal Liverpool University Hospital,Type 1,657,56,489,168,102,4.6,17,151,293,11,353
342,10/03/2023,March,1,2023,London,Guy's and St Thomas' NHS Foundation Trust,St Thomas' Hospital,Type 1,488,124,460,28,283,5.3,5,219,229,72,187
343,10/03/2023,March,1,2023,Midlands,University Hospitals Birmingham NHS Foundation Trust,Queen Elizabeth Hospital Birmingham,Type 1,683,178,644,39,301,15.5,23,53,80,63,540
344,10/03/2023,March,1,2023,Yorkshire and Humber,Leeds Teaching Hospitals NHS Trust,Leeds General Infirmary,Type 1,319,173,248,71,161,9.4,21,183,280,47,8
345,10/03/2023,March,1,2023,South East,Oxford University Hospitals NHS Foundation Trust,John Radcliffe Hospital,Type 1,628,116,581,47,101,10.5,0,163,277,37,314
346,11/03/2023,March,1,2023,North West,Liverpool University Hospitals NHS Foundation Trust,Royal Liverpool University Hospital,Type 1,524,90,377,147,106,13.1,10,47,71,40,413
347,11/03/2023,March,1,2023,London,Guy's and St Thomas' NHS Foundation Trust,St Thomas' Hospital,Type 1,286,136,189,97,91,4.6,24,182,227,74,15
348,11/03/2023,March,1,2023,Midlands,University Hospitals Birmingham NHS Foundation Trust,Queen Elizabeth Hospital Birmingham,Type 1,353,58,254,99,155,5,19,202,240,26,87
349,11/03/2023,March,1,2023,Yorkshire and Humber,Leeds Teaching Hospitals NHS Trust,Leeds General Infirmary,Type 1,648,131,455,193,93,5.7,21,204,79,69,500
350,11/03/2023,March,1,2023,South East,Oxford University Hospitals NHS Foundation Trust,John Radcliffe Hospital,Type 1,625,122,511,114,264,5.9,15,159,278,56,291
351,12/03/2023,March,1,2023,North West,Liverpool University Hospitals NHS Foundation Trust,Royal Liverpool University Hospital,Type 1,477,153,336,141,226,15.8,24,180,110,32,335
352,12/03/2023,March,1,2023,London,Guy's and St Thomas' NHS Foundation Trust,St Thomas' Hospital,Type 1,465,147,396,69,123,7.4,0,197,288,59,118
353,12/03/2023,March,1,2023,Midlands,University Hospitals Birmingham NHS Foundation Trust,Queen Elizabeth Hospital Birmingham,Type 1,406,144,301,105,292,10.8,23,203,72,28,306
354,12/03/2023,March,1,2023,Yorkshire and Humber,Leeds Teaching Hospitals NHS Trust,Leeds General Infirmary,Type 1,356,140,244,112,282,7.7,1,123,231,13,112
355,12/03/2023,March,1,2023,South East,Oxford University Hospitals NHS Foundation Trust,John Radcliffe Hospital,Type 1,336,161,291,45,110,4.4,23,65,71,21,244
356,13/03/2023,March,1,2023,North West,Liverpool University Hospitals NHS Foundation Trust,Royal Liverpool University Hospital,Type 1,303,59,222,81,214,15.9,12,162,210,22,71
357,13/03/2023,March,1,2023,London,Guy's and St Thomas' NHS Foundation Trust,St Thomas' Hospital,Type 1,610,179,494,116,262,6.2,10,91,128,62,420
358,13/03/2023,March,1,2023,Midlands,University Hospitals Birmingham NHS Foundation Trust,Queen Elizabeth Hospital Birmingham,Type 1,669,92,583,86,103,11.6,23,178,249,46,374
359,13/03/2023,March,1,2023,Yorkshire and Humber,Leeds Teaching Hospitals NHS Trust,Leeds General Infirmary,Type 1,481,123,461,20,135,11,10,73,143,17,321
360,13/03/2023,March,1,2023,South East,Oxford University Hospitals NHS Foundation Trust,John Radcliffe Hospital,Type 1,626,94,464,162,226,9.9,5,54,132,19,475
361,14/03/2023,March,1,2023,North West,Liverpool University Hospitals NHS Foundation Trust,Royal Liverpool University Hospital,Type 1,331,145,326,5,170,5.6,15,138,104,63,164
362,14/03/2023,March,1,2023,London,Guy's and St Thomas' NHS Foundation Trust,St Thomas' Hospital,Type 1,263,175,160,103,122,4.4,10,97,275,65,77
363,14/03/2023,March,1,2023,Midlands,University Hospitals Birmingham NHS Foundation Trust,Queen Elizabeth Hospital Birmingham,Type 1,522,52,494,28,97,4.3,23,64,107,13,402
364,14/03/2023,March,1,2023,Yorkshire and Humber,Leeds Teaching Hospitals NHS Trust,Leeds General Infirmary,Type 1,440,169,381,59,257,7.2,23,41,113,80,247
365,14/03/2023,March,1,2023,South East,Oxford University Hospitals NHS Foundation Trust,John Radcliffe Hospital,Type 1,602,142,555,47,298,13.7,21,194,138,70,394
366,15/03/2023,March,1,2023,North West,Liverpool University Hospitals NHS Foundation Trust,Royal Liverpool University Hospital,Type 1,283,122,190,93,229,16,4,72,144,68,71
367,15/03/2023,March,1,2023,London,Guy's and St Thomas' NHS Foundation Trust,St Thomas' Hospital,Type 1,347,177,316,31,224,9.4,15,94,177,30,140
368,15/03/2023,March,1,2023,Midlands,University Hospitals Birmingham NHS Foundation Trust,Queen Elizabeth Hospital Birmingham,Type 1,319,129,296,23,127,10.5,16,93,263,12,44
369,15/03/2023,March,1,2023,Yorkshire and Humber,Leeds Teaching Hospitals NHS Trust,Leeds General Infirmary,Type 1,660,163,633,27,255,5.7,18,135,204,73,383
370,15/03/2023,March,1,2023,South East,Oxford University Hospitals NHS Foundation Trust,John Radcliffe Hospital,Type 1,614,89,511,103,95,14.1,1,194,264,23,327
371,16/03/2023,March,1,2023,North West,Liverpool University Hospitals NHS Foundation Trust,Royal Liverpool University Hospital,Type 1,548,150,370,178,105,9.5,18,125,279,23,246
372,16/03/2023,March,1,2023,London,Guy's and St Thomas' NHS Foundation Trust,St Thomas' Hospital,Type 1,681,179,572,109,216,11.8,1,48,256,57,368
373,16/03/2023,March,1,2023,Midlands,University Hospitals Birmingham NHS Foundation Trust,Queen Elizabeth Hospital Birmingham,Type 1,645,90,520,125,133,14.8,5,201,239,63,343
374,16/03/2023,March,1,2023,Yorkshire and Humber,Leeds Teaching Hospitals NHS Trust,Leeds General Infirmary,Type 1,623,81,529,94,174,14.1,0,84,175,23,425
375,16/03/2023,March,1,2023,South East,Oxford University Hospitals NHS Foundation Trust,John Radcliffe Hospital,Type 1,256,195,174,82,111,5.6,16,123,280,40,64
376,17/03/2023,March,1,2023,North West,Liverpool University Hospitals NHS Foundation Trust,Royal Liverpool University Hospital,Type 1,283,191,273,10,245,6.2,5,117,277,40,34
377,17/03/2023,March,1,2023,London,Guy's and St Thomas' NHS Foundation Trust,St Thomas' Hospital,Type 1,315,122,264,51,170,9.3,5,165,219,55,41
378,17/03/2023,March,1,2023,Midlands,University Hospitals Birmingham NHS Foundation Trust,Queen Elizabeth Hospital Birmingham,Type 1,251,67,209,42,288,11.7,5,204,226,56,31
379,17/03/2023,March,1,2023,Yorkshire and Humber,Leeds Teaching Hospitals NHS Trust,Leeds General Infirmary,Type 1,313,60,253,60,149,13.6,5,137,81,73,159
380,17/03/2023,March,1,2023,South East,Oxford University Hospitals NHS Foundation Trust,John Radcliffe Hospital,Type 1,513,128,381,132,137,4.4,1,109,62,13,438
381,18/03/2023,March,1,2023,North West,Liverpool University Hospitals NHS Foundation Trust,Royal Liverpool University Hospital,Type 1,469,137,312,157,209,13.4,22,188,245,40,184
382,18/03/2023,March,1,2023,London,Guy's and St Thomas' NHS Foundation Trust,St Thomas' Hospital,Type 1,366,161,337,29,220,7.1,25,185,290,67,9
383,18/03/2023,March,1,2023,Midlands,University Hospitals Birmingham NHS Foundation Trust,Queen Elizabeth Hospital Birmingham,Type 1,256,75,162,94,247,12.2,12,137,215,67,26
384,18/03/2023,March,1,2023,Yorkshire and Humber,Leeds Teaching Hospitals NHS Trust,Leeds General Infirmary,Type 1,547,111,447,100,248,12.3,22,100,224,40,283
385,18/03/2023,March,1,2023,South East,Oxford University Hospitals NHS Foundation Trust,John Radcliffe Hospital,Type 1,490,187,360,130,144,14.1,1,117,147,20,323
386,19/03/2023,March,1,2023,North West,Liverpool University Hospitals NHS Foundation Trust,Royal Liverpool University Hospital,Type 1,649,94,506,143,93,12.2,19,123,270,24,355
387,19/03/2023,March,1,2023,London,Guy's and St Thomas' NHS Foundation Trust,St Thomas' Hospital,Type 1,420,187,342,78,231,8,6,119,166,28,226
388,19/03/2023,March,1,2023,Midlands,University Hospitals Birmingham NHS Foundation Trust,Queen Elizabeth Hospital Birmingham,Type 1,513,153,355,158,272,7.2,12,52,217,29,267
389,19/03/2023,March,1,2023,Yorkshire and Humber,Leeds Teaching Hospitals NHS Trust,Leeds General Infirmary,Type 1,694,73,476,218,156,12.9,7,219,69,16,609
390,19/03/2023,March,1,2023,South East,Oxford University Hospitals NHS Foundation Trust,John Radcliffe Hospital,Type 1,632,185,510,122,316,4.9,6,57,172,51,409
391,20/03/2023,March,1,2023,North West,Liverpool University Hospitals NHS Foundation Trust,Royal Liverpool University Hospital,Type 1,279,93,255,24,219,7.9,24,151,189,54,36
392,20/03/2023,March,1,2023,London,Guy's and St Thomas' NHS Foundation Trust,St Thomas' Hospital,Type 1,594,91,489,105,192,15.9,11,171,220,53,321
393,20/03/2023,March,1,2023,Midlands,University Hospitals Birmingham NHS Foundation Trust,Queen Elizabeth Hospital Birmingham,Type 1,293,185,255,38,190,7.4,9,44,182,18,93
394,20/03/2023,March,1,2023,Yorkshire and Humber,Leeds Teaching Hospitals NHS Trust,Leeds General Infirmary,Type 1,690,59,501,189,263,12,21,196,52,80,558
395,20/03/2023,March,1,2023,South East,Oxford University Hospitals NHS Foundation Trust,John Radcliffe Hospital,Type 1,429,198,258,171,295,14.9,25,168,247,42,140
396,21/03/2023,March,1,2023,North West,Liverpool University Hospitals NHS Foundation Trust,Royal Liverpool University Hospital,Type 1,529,60,526,3,254,5.8,25,107,299,79,151
397,21/03/2023,March,1,2023,London,Guy's and St Thomas' NHS Foundation Trust,St Thomas' Hospital,Type 1,550,90,528,22,191,12.1,18,123,64,28,458
398,21/03/2023,March,1,2023,Midlands,University Hospitals Birmingham NHS Foundation Trust,Queen Elizabeth Hospital Birmingham,Type 1,551,96,344,207,107,6.8,23,67,53,36,462
399,21/03/2023,March,1,2023,Yorkshire and Humber,Leeds Teaching Hospitals NHS Trust,Leeds General Infirmary,Type 1,273,103,190,83,295,13.6,5,122,77,53,143
400,21/03/2023,March,1,2023,South East,Oxford University Hospitals NHS Foundation Trust,John Radcliffe Hospital,Type 1,271,61,174,97,152,15.7,20,150,78,48,145
401,22/03/2023,March,1,2023,North West,Liverpool University Hospitals NHS Foundation Trust,Royal Liverpool University Hospital,Type 1,491,75,319,172,268,7.7,6,182,100,31,360
402,22/03/2023,March,1,2023,London,Guy's and St Thomas' NHS Foundation Trust,St Thomas' Hospital,Type 1,357,179,330,27,215,9.6,12,136,127,65,165
403,22/03/2023,March,1,2023,Midlands,University Hospitals Birmingham NHS Foundation Trust,Queen Elizabeth Hospital Birmingham,Type 1,337,159,270,67,245,13.6,0,186,174,56,107
404,22/03/2023,March,1,2023,Yorkshire and Humber,Leeds Teaching Hospitals NHS Trust,Leeds General Infirmary,Type 1,463,129,302,161,186,11.3,13,80,121,51,291
405,22/03/2023,March,1,2023,South East,Oxford University Hospitals NHS Foundation Trust,John Radcliffe Hospital,Type 1,257,74,257,0,226,5.7,12,113,75,50,132
406,23/03/2023,March,1,2023,North West,Liverpool University Hospitals NHS Foundation Trust,Royal Liverpool University Hospital,Type 1,685,152,559,126,217,8,25,113,271,46,368
407,23/03/2023,March,1,2023,London,Guy's and St Thomas' NHS Foundation Trust,St Thomas' Hospital,Type 1,351,159,305,46,227,11.4,25,93,235,60,56
408,23/03/2023,March,1,2023,Midlands,University Hospitals Birmingham NHS Foundation Trust,Queen Elizabeth Hospital Birmingham,Type 1,657,92,513,144,265,11.1,8,199,194,59,404
409,23/03/2023,March,1,2023,Yorkshire and Humber,Leeds Teaching Hospitals NHS Trust,Leeds General Infirmary,Type 1,296,136,213,83,262,14.3,7,83,63,16,217
410,23/03/2023,March,1,2023,South East,Oxford University Hospitals NHS Foundation Trust,John Radcliffe Hospital,Type 1,370,189,224,146,94,4.4,5,112,99,73,198
411,24/03/2023,March,1,2023,North West,Liverpool University Hospitals NHS Foundation Trust,Royal Liverpool University Hospital,Type 1,615,94,465,150,184,4.8,4,103,237,43,335
412,24/03/2023,March,1,2023,London,Guy's and St Thomas' NHS Foundation Trust,St Thomas' Hospital,Type 1,641,62,466,175,178,11.8,12,147,56,73,512
413,24/03/2023,March,1,2023,Midlands,University Hospitals Birmingham NHS Foundation Trust,Queen Elizabeth Hospital Birmingham,Type 1,313,139,288,25,230,10.4,24,153,244,28,41
414,24/03/2023,March,1,2023,Yorkshire and Humber,Leeds Teaching Hospitals NHS Trust,Leeds General Infirmary,Type 1,259,152,237,22,170,9.1,1,49,212,37,10
415,24/03/2023,March,1,2023,South East,Oxford University Hospitals NHS Foundation Trust,John Radcliffe Hospital,Type 1,640,105,589,51,317,12.9,23,148,264,27,349
416,25/03/2023,March,1,2023,North West,Liverpool University Hospitals NHS Foundation Trust,Royal Liverpool University Hospital,Type 1,347,103,281,66,301,6.7,22,204,51,26,270
417,25/03/2023,March,1,2023,London,Guy's and St Thomas' NHS Foundation Trust,St Thomas' Hospital,Type 1,395,146,327,68,183,11.6,23,202,129,56,210
418,25/03/2023,March,1,2023,Midlands,University Hospitals Birmingham NHS Foundation Trust,Queen Elizabeth Hospital Birmingham,Type 1,443,134,380,63,280,13.1,23,119,58,18,367
419,25/03/2023,March,1,2023,Yorkshire and Humber,Leeds Teaching Hospitals NHS Trust,Leeds General Infirmary,Type 1,490,127,335,155,257,12.7,6,43,251,13,226
420,25/03/2023,March,1,2023,South East,Oxford University Hospitals NHS Foundation Trust,John Radcliffe Hospital,Type 1,399,134,370,29,198,16,25,119,104,23,272
421,26/03/2023,March,1,2023,North West,Liverpool University Hospitals NHS Foundation Trust,Royal Liverpool University Hospital,Type 1,569,109,453,116,90,6.7,14,195,285,60,224
422,26/03/2023,March,1,2023,London,Guy's and St Thomas' NHS Foundation Trust,St Thomas' Hospital,Type 1,579,116,390,189,149,10.8,24,185,282,66,231
423,26/03/2023,March,1,2023,Midlands,University Hospitals Birmingham NHS Foundation Trust,Queen Elizabeth Hospital Birmingham,Type 1,439,150,264,175,268,13.4,0,220,204,26,209
424,26/03/2023,March,1,2023,Yorkshire and Humber,Leeds Teaching Hospitals NHS Trust,Leeds General Infirmary,Type 1,432,104,394,38,114,8.1,14,199,53,35,344
425,26/03/2023,March,1,2023,South East,Oxford University Hospitals NHS Foundation Trust,John Radcliffe Hospital,Type 1,282,69,211,71,159,11.4,23,141,105,63,114
426,27/03/2023,March,1,2023,North West,Liverpool University Hospitals NHS Foundation Trust,Royal Liverpool University Hospital,Type 1,479,61,473,6,251,15.4,8,191,126,19,334
427,27/03/2023,March,1,2023,London,Guy's and St Thomas' NHS Foundation Trust,St Thomas' Hospital,Type 1,263,163,208,55,128,12.8,5,44,196,30,37
428,27/03/2023,March,1,2023,Midlands,University Hospitals Birmingham NHS Foundation Trust,Queen Elizabeth Hospital Birmingham,Type 1,365,83,345,20,107,5.4,0,115,105,54,206
429,27/03/2023,March,1,2023,Yorkshire and Humber,Leeds Teaching Hospitals NHS Trust,Leeds General Infirmary,Type 1,387,199,383,4,185,10.9,5,140,161,16,210
430,27/03/2023,March,1,2023,South East,Oxford University Hospitals NHS Foundation Trust,John Radcliffe Hospital,Type 1,473,91,400,73,181,5.2,4,117,166,17,290
431,28/03/2023,March,1,2023,North West,Liverpool University Hospitals NHS Foundation Trust,Royal Liverpool University Hospital,Type 1,668,51,459,209,231,5.2,21,133,221,58,389
432,28/03/2023,March,1,2023,London,Guy's and St Thomas' NHS Foundation Trust,St Thomas' Hospital,Type 1,663,175,452,211,127,15.9,1,94,109,33,521
433,28/03/2023,March,1,2023,Midlands,University Hospitals Birmingham NHS Foundation Trust,Queen Elizabeth Hospital Birmingham,Type 1,608,155,388,220,237,13.7,19,196,165,80,363
434,28/03/2023,March,1,2023,Yorkshire and Humber,Leeds Teaching Hospitals NHS Trust,Leeds General Infirmary,Type 1,344,115,320,24,94,11.8,4,41,262,73,9
435,28/03/2023,March,1,2023,South East,Oxford University Hospitals NHS Foundation Trust,John Radcliffe Hospital,Type 1,461,106,341,120,214,14.9,23,72,257,40,164
436,29/03/2023,March,1,2023,North West,Liverpool University Hospitals NHS Foundation Trust,Royal Liverpool University Hospital,Type 1,496,60,449,47,305,7.3,23,76,103,76,317
437,29/03/2023,March,1,2023,London,Guy's and St Thomas' NHS Foundation Trust,St Thomas' Hospital,Type 1,558,123,543,15,121,10.9,12,52,87,77,394
438,29/03/2023,March,1,2023,Midlands,University Hospitals Birmingham NHS Foundation Trust,Queen Elizabeth Hospital Birmingham,Type 1,370,80,295,75,233,15.3,1,151,69,75,226
439,29/03/2023,March,1,2023,Yorkshire and Humber,Leeds Teaching Hospitals NHS Trust,Leeds General Infirmary,Type 1,459,73,301,158,289,13.7,25,99,185,33,241
440,29/03/2023,March,1,2023,South East,Oxford University Hospitals NHS Foundation Trust,John Radcliffe Hospital,Type 1,478,106,319,159,181,7.5,13,174,219,36,223
441,30/03/2023,March,1,2023,North West,Liverpool University Hospitals NHS Foundation Trust,Royal Liverpool University Hospital,Type 1,545,159,341,204,145,13,11,84,109,75,361
442,30/03/2023,March,1,2023,London,Guy's and St Thomas' NHS Foundation Trust,St Thomas' Hospital,Type 1,414,176,396,18,124,8.2,21,210,233,13,168
443,30/03/2023,March,1,2023,Midlands,University Hospitals Birmingham NHS Foundation Trust,Queen Elizabeth Hospital Birmingham,Type 1,676,99,434,242,263,7.3,1,77,253,76,347
444,30/03/2023,March,1,2023,Yorkshire and Humber,Leeds Teaching Hospitals NHS Trust,Leeds General Infirmary,Type 1,462,196,286,176,173,11.7,23,201,180,11,271
445,30/03/2023,March,1,2023,South East,Oxford University Hospitals NHS Foundation Trust,John Radcliffe Hospital,Type 1,361,165,338,23,153,4.2,6,123,173,75,113
446,31/03/2023,March,1,2023,North West,Liverpool University Hospitals NHS Foundation Trust,Royal Liverpool University Hospital,Type 1,457,102,401,56,120,11.6,3,178,101,67,289
447,31/03/2023,March,1,2023,London,Guy's and St Thomas' NHS Foundation Trust,St Thomas' Hospital,Type 1,253,157,167,86,147,10.6,9,46,206,53,6
448,31/03/2023,March,1,2023,Midlands,University Hospitals Birmingham NHS Foundation Trust,Queen Elizabeth Hospital Birmingham,Type 1,677,200,487,190,262,12.5,7,190,58,10,609
449,31/03/2023,March,1,2023,Yorkshire and Humber,Leeds Teaching Hospitals NHS Trust,Leeds General Infirmary,Type 1,423,126,390,33,202,11.3,13,63,188,26,209
450,31/03/2023,March,1,2023,South East,Oxford University Hospitals NHS Foundation Trust,John Radcliffe Hospital,Type 1,276,93,198,78,145,12.4,20,185,160,25,91
451,01/04/2023,April,2,2023,North West,Liverpool University Hospitals NHS Foundation Trust,Royal Liverpool University Hospital,Type 1,698,106,683,15,203,13.4,19,94,210,77,411
452,01/04/2023,April,2,2023,London,Guy's and St Thomas' NHS Foundation Trust,St Thomas' Hospital,Type 1,556,138,365,191,299,6.1,12,114,290,70,196
453,01/04/2023,April,2,2023,Midlands,University Hospitals Birmingham NHS Foundation Trust,Queen Elizabeth Hospital Birmingham,Type 1,250,169,177,73,92,6,8,137,78,26,146
454,01/04/2023,April,2,2023,Yorkshire and Humber,Leeds Teaching Hospitals NHS Trust,Leeds General Infirmary,Type 1,471,109,393,78,256,11.6,13,71,80,75,316
455,01/04/2023,April,2,2023,South East,Oxford University Hospitals NHS Foundation Trust,John Radcliffe Hospital,Type 1,269,67,181,88,230,13.4,17,146,61,15,193
456,02/04/2023,April,2,2023,North West,Liverpool University Hospitals NHS Foundation Trust,Royal Liverpool University Hospital,Type 1,486,116,323,163,254,12.9,19,210,117,22,347
457,02/04/2023,April,2,2023,London,Guy's and St Thomas' NHS Foundation Trust,St Thomas' Hospital,Type 1,474,126,345,129,225,6.7,11,128,90,13,371
458,02/04/2023,April,2,2023,Midlands,University Hospitals Birmingham NHS Foundation Trust,Queen Elizabeth Hospital Birmingham,Type 1,332,169,243,89,147,4.6,6,68,299,58,25
459,02/04/2023,April,2,2023,Yorkshire and Humber,Leeds Teaching Hospitals NHS Trust,Leeds General Infirmary,Type 1,286,156,184,102,116,11.3,6,72,257,25,4
460,02/04/2023,April,2,2023,South East,Oxford University Hospitals NHS Foundation Trust,John Radcliffe Hospital,Type 1,391,168,325,66,121,4.9,23,109,212,71,108
461,03/04/2023,April,2,2023,North West,Liverpool University Hospitals NHS Foundation Trust,Royal Liverpool University Hospital,Type 1,392,164,342,50,289,15.4,10,59,91,62,239
462,03/04/2023,April,2,2023,London,Guy's and St Thomas' NHS Foundation Trust,St Thomas' Hospital,Type 1,552,191,457,95,320,14.4,15,181,50,37,465
463,03/04/2023,April,2,2023,Midlands,University Hospitals Birmingham NHS Foundation Trust,Queen Elizabeth Hospital Birmingham,Type 1,454,67,433,21,168,11.3,15,117,235,50,169
464,03/04/2023,April,2,2023,Yorkshire and Humber,Leeds Teaching Hospitals NHS Trust,Leeds General Infirmary,Type 1,535,71,366,169,176,14,18,144,75,39,421
465,03/04/2023,April,2,2023,South East,Oxford University Hospitals NHS Foundation Trust,John Radcliffe Hospital,Type 1,661,85,609,52,276,5,6,152,164,74,423
466,04/04/2023,April,2,2023,North West,Liverpool University Hospitals NHS Foundation Trust,Royal Liverpool University Hospital,Type 1,481,178,342,139,151,10.5,22,179,256,26,199
467,04/04/2023,April,2,2023,London,Guy's and St Thomas' NHS Foundation Trust,St Thomas' Hospital,Type 1,597,147,415,182,295,8.2,5,154,132,25,440
468,04/04/2023,April,2,2023,Midlands,University Hospitals Birmingham NHS Foundation Trust,Queen Elizabeth Hospital Birmingham,Type 1,305,129,258,47,176,15.2,15,75,86,34,185
469,04/04/2023,April,2,2023,Yorkshire and Humber,Leeds Teaching Hospitals NHS Trust,Leeds General Infirmary,Type 1,607,125,472,135,116,6.2,14,211,194,73,340
470,04/04/2023,April,2,2023,South East,Oxford University Hospitals NHS Foundation Trust,John Radcliffe Hospital,Type 1,566,123,528,38,280,7.3,23,121,160,77,329
471,05/04/2023,April,2,2023,North West,Liverpool University Hospitals NHS Foundation Trust,Royal Liverpool University Hospital,Type 1,271,86,180,91,126,5.3,5,209,256,22,7
472,05/04/2023,April,2,2023,London,Guy's and St Thomas' NHS Foundation Trust,St Thomas' Hospital,Type 1,524,98,350,174,127,7.5,7,162,89,74,361
473,05/04/2023,April,2,2023,Midlands,University Hospitals Birmingham NHS Foundation Trust,Queen Elizabeth Hospital Birmingham,Type 1,279,54,225,54,260,15.2,25,169,272,16,9
474,05/04/2023,April,2,2023,Yorkshire and Humber,Leeds Teaching Hospitals NHS Trust,Leeds General Infirmary,Type 1,284,174,222,62,95,12.7,21,93,262,33,11
475,05/04/2023,April,2,2023,South East,Oxford University Hospitals NHS Foundation Trust,John Radcliffe Hospital,Type 1,531,147,355,176,306,9,6,66,112,52,367
476,06/04/2023,April,2,2023,North West,Liverpool University Hospitals NHS Foundation Trust,Royal Liverpool University Hospital,Type 1,423,92,310,113,278,10,8,111,255,63,105
477,06/04/2023,April,2,2023,London,Guy's and St Thomas' NHS Foundation Trust,St Thomas' Hospital,Type 1,680,127,655,25,135,11.8,19,107,65,71,544
478,06/04/2023,April,2,2023,Midlands,University Hospitals Birmingham NHS Foundation Trust,Queen Elizabeth Hospital Birmingham,Type 1,302,182,252,50,265,6.6,13,91,290,71,59
479,06/04/2023,April,2,2023,Yorkshire and Humber,Leeds Teaching Hospitals NHS Trust,Leeds General Infirmary,Type 1,381,127,347,34,248,12.6,23,155,224,39,118
480,06/04/2023,April,2,2023,South East,Oxford University Hospitals NHS Foundation Trust,John Radcliffe Hospital,Type 1,290,94,211,79,155,10.7,19,79,241,53,4
481,07/04/2023,April,2,2023,North West,Liverpool University Hospitals NHS Foundation Trust,Royal Liverpool University Hospital,Type 1,589,130,401,188,302,12.2,19,78,123,65,401
482,07/04/2023,April,2,2023,London,Guy's and St Thomas' NHS Foundation Trust,St Thomas' Hospital,Type 1,612,183,592,20,177,6.1,21,178,131,30,451
483,07/04/2023,April,2,2023,Midlands,University Hospitals Birmingham NHS Foundation Trust,Queen Elizabeth Hospital Birmingham,Type 1,417,53,410,7,198,10.7,8,199,229,47,141
484,07/04/2023,April,2,2023,Yorkshire and Humber,Leeds Teaching Hospitals NHS Trust,Leeds General Infirmary,Type 1,547,178,340,207,247,7,25,63,151,51,345
485,07/04/2023,April,2,2023,South East,Oxford University Hospitals NHS Foundation Trust,John Radcliffe Hospital,Type 1,590,173,456,134,222,10,4,143,167,60,363
486,08/04/2023,April,2,2023,North West,Liverpool University Hospitals NHS Foundation Trust,Royal Liverpool University Hospital,Type 1,460,139,403,57,141,5.8,13,199,121,66,273
487,08/04/2023,April,2,2023,London,Guy's and St Thomas' NHS Foundation Trust,St Thomas' Hospital,Type 1,606,190,365,241,257,8.3,14,220,258,80,268
488,08/04/2023,April,2,2023,Midlands,University Hospitals Birmingham NHS Foundation Trust,Queen Elizabeth Hospital Birmingham,Type 1,296,134,188,108,252,8,2,93,124,21,151
489,08/04/2023,April,2,2023,Yorkshire and Humber,Leeds Teaching Hospitals NHS Trust,Leeds General Infirmary,Type 1,352,109,221,131,162,14.3,14,86,80,47,225
490,08/04/2023,April,2,2023,South East,Oxford University Hospitals NHS Foundation Trust,John Radcliffe Hospital,Type 1,285,70,282,3,198,4.9,16,170,230,18,37
491,09/04/2023,April,2,2023,North West,Liverpool University Hospitals NHS Foundation Trust,Royal Liverpool University Hospital,Type 1,547,195,373,174,169,12.3,12,183,192,30,325
492,09/04/2023,April,2,2023,London,Guy's and St Thomas' NHS Foundation Trust,St Thomas' Hospital,Type 1,467,114,315,152,151,13.8,4,69,72,77,318
493,09/04/2023,April,2,2023,Midlands,University Hospitals Birmingham NHS Foundation Trust,Queen Elizabeth Hospital Birmingham,Type 1,611,123,601,10,257,6.8,2,136,82,11,518
494,09/04/2023,April,2,2023,Yorkshire and Humber,Leeds Teaching Hospitals NHS Trust,Leeds General Infirmary,Type 1,367,67,310,57,237,5.1,21,115,108,54,205
495,09/04/2023,April,2,2023,South East,Oxford University Hospitals NHS Foundation Trust,John Radcliffe Hospital,Type 1,585,55,379,206,164,12.5,5,185,71,64,450
496,10/04/2023,April,2,2023,North West,Liverpool University Hospitals NHS Foundation Trust,Royal Liverpool University Hospital,Type 1,535,89,387,148,206,8.4,15,214,279,38,218
497,10/04/2023,April,2,2023,London,Guy's and St Thomas' NHS Foundation Trust,St Thomas' Hospital,Type 1,617,109,611,6,296,14.1,12,119,184,30,403
498,10/04/2023,April,2,2023,Midlands,University Hospitals Birmingham NHS Foundation Trust,Queen Elizabeth Hospital Birmingham,Type 1,514,149,403,111,128,6.3,24,211,244,79,191
499,10/04/2023,April,2,2023,Yorkshire and Humber,Leeds Teaching Hospitals NHS Trust,Leeds General Infirmary,Type 1,611,84,448,163,222,6.7,14,82,270,26,315
500,10/04/2023,April,2,2023,South East,Oxford University Hospitals NHS Foundation Trust,John Radcliffe Hospital,Type 1,609,168,518,91,256,11.4,20,186,220,34,355
501,11/04/2023,April,2,2023,North West,Liverpool University Hospitals NHS Foundation Trust,Royal Liverpool University Hospital,Type 1,295,131,254,41,133,12.8,2,64,169,24,102
502,11/04/2023,April,2,2023,London,Guy's and St Thomas' NHS Foundation Trust,St Thomas' Hospital,Type 1,504,116,394,110,293,11.3,3,160,198,63,243
503,11/04/2023,April,2,2023,Midlands,University Hospitals Birmingham NHS Foundation Trust,Queen Elizabeth Hospital Birmingham,Type 1,442,193,439,3,241,7.5,12,165,105,12,325
504,11/04/2023,April,2,2023,Yorkshire and Humber,Leeds Teaching Hospitals NHS Trust,Leeds General Infirmary,Type 1,437,160,376,61,122,15,19,163,188,25,224
505,11/04/2023,April,2,2023,South East,Oxford University Hospitals NHS Foundation Trust,John Radcliffe Hospital,Type 1,595,181,442,153,257,12.1,22,81,74,70,451
506,12/04/2023,April,2,2023,North West,Liverpool University Hospitals NHS Foundation Trust,Royal Liverpool University Hospital,Type 1,685,82,647,38,118,9.2,23,125,160,16,509
507,12/04/2023,April,2,2023,London,Guy's and St Thomas' NHS Foundation Trust,St Thomas' Hospital,Type 1,575,180,434,141,116,10.7,10,187,133,37,405
508,12/04/2023,April,2,2023,Midlands,University Hospitals Birmingham NHS Foundation Trust,Queen Elizabeth Hospital Birmingham,Type 1,662,61,419,243,102,4.3,12,156,273,72,317
509,12/04/2023,April,2,2023,Yorkshire and Humber,Leeds Teaching Hospitals NHS Trust,Leeds General Infirmary,Type 1,534,62,389,145,267,12.3,25,159,190,17,327
510,12/04/2023,April,2,2023,South East,Oxford University Hospitals NHS Foundation Trust,John Radcliffe Hospital,Type 1,360,110,341,19,153,14.5,25,172,295,69,4
511,13/04/2023,April,2,2023,North West,Liverpool University Hospitals NHS Foundation Trust,Royal Liverpool University Hospital,Type 1,326,50,199,127,222,4.8,6,47,97,65,164
512,13/04/2023,April,2,2023,London,Guy's and St Thomas' NHS Foundation Trust,St Thomas' Hospital,Type 1,362,157,270,92,136,7.6,21,185,287,62,13
513,13/04/2023,April,2,2023,Midlands,University Hospitals Birmingham NHS Foundation Trust,Queen Elizabeth Hospital Birmingham,Type 1,457,76,308,149,231,6.1,19,191,175,18,264
514,13/04/2023,April,2,2023,Yorkshire and Humber,Leeds Teaching Hospitals NHS Trust,Leeds General Infirmary,Type 1,516,85,429,87,240,14.4,18,193,96,47,373
515,13/04/2023,April,2,2023,South East,Oxford University Hospitals NHS Foundation Trust,John Radcliffe Hospital,Type 1,670,58,557,113,107,7.7,24,94,233,76,361
516,14/04/2023,April,2,2023,North West,Liverpool University Hospitals NHS Foundation Trust,Royal Liverpool University Hospital,Type 1,634,99,418,216,317,9.7,12,138,109,68,457
517,14/04/2023,April,2,2023,London,Guy's and St Thomas' NHS Foundation Trust,St Thomas' Hospital,Type 1,449,81,395,54,125,11.3,3,175,233,64,152
518,14/04/2023,April,2,2023,Midlands,University Hospitals Birmingham NHS Foundation Trust,Queen Elizabeth Hospital Birmingham,Type 1,325,69,205,120,134,10.3,21,113,176,68,81
519,14/04/2023,April,2,2023,Yorkshire and Humber,Leeds Teaching Hospitals NHS Trust,Leeds General Infirmary,Type 1,608,196,368,240,205,13.5,0,63,144,16,448
520,14/04/2023,April,2,2023,South East,Oxford University Hospitals NHS Foundation Trust,John Radcliffe Hospital,Type 1,449,193,275,174,216,5.1,21,91,102,60,287
521,15/04/2023,April,2,2023,North West,Liverpool University Hospitals NHS Foundation Trust,Royal Liverpool University Hospital,Type 1,298,157,246,52,178,7.4,7,47,246,67,15
522,15/04/2023,April,2,2023,London,Guy's and St Thomas' NHS Foundation Trust,St Thomas' Hospital,Type 1,483,158,400,83,146,9.4,15,74,71,55,357
523,15/04/2023,April,2,2023,Midlands,University Hospitals Birmingham NHS Foundation Trust,Queen Elizabeth Hospital Birmingham,Type 1,263,90,250,13,208,10.9,21,186,212,39,12
524,15/04/2023,April,2,2023,Yorkshire and Humber,Leeds Teaching Hospitals NHS Trust,Leeds General Infirmary,Type 1,496,124,335,161,199,11.9,21,40,195,20,281
525,15/04/2023,April,2,2023,South East,Oxford University Hospitals NHS Foundation Trust,John Radcliffe Hospital,Type 1,573,67,468,105,255,4.5,17,56,125,66,382
526,16/04/2023,April,2,2023,North West,Liverpool University Hospitals NHS Foundation Trust,Royal Liverpool University Hospital,Type 1,267,131,192,75,268,6.9,17,97,263,65,61
527,16/04/2023,April,2,2023,London,Guy's and St Thomas' NHS Foundation Trust,St Thomas' Hospital,Type 1,251,94,237,14,297,7.4,7,215,77,30,144
528,16/04/2023,April,2,2023,Midlands,University Hospitals Birmingham NHS Foundation Trust,Queen Elizabeth Hospital Birmingham,Type 1,505,119,399,106,293,13.5,18,135,183,68,254
529,16/04/2023,April,2,2023,Yorkshire and Humber,Leeds Teaching Hospitals NHS Trust,Leeds General Infirmary,Type 1,655,147,636,19,180,11.3,9,112,233,37,385
530,16/04/2023,April,2,2023,South East,Oxford University Hospitals NHS Foundation Trust,John Radcliffe Hospital,Type 1,576,114,485,91,219,13.3,19,186,295,40,241
531,17/04/2023,April,2,2023,North West,Liverpool University Hospitals NHS Foundation Trust,Royal Liverpool University Hospital,Type 1,465,142,426,39,126,11.5,11,90,226,35,204
532,17/04/2023,April,2,2023,London,Guy's and St Thomas' NHS Foundation Trust,St Thomas' Hospital,Type 1,601,134,493,108,231,6.4,22,124,111,68,422
533,17/04/2023,April,2,2023,Midlands,University Hospitals Birmingham NHS Foundation Trust,Queen Elizabeth Hospital Birmingham,Type 1,499,54,426,73,143,5.3,15,203,296,56,147
534,17/04/2023,April,2,2023,Yorkshire and Humber,Leeds Teaching Hospitals NHS Trust,Leeds General Infirmary,Type 1,651,112,552,99,250,9.8,6,203,222,29,400
535,17/04/2023,April,2,2023,South East,Oxford University Hospitals NHS Foundation Trust,John Radcliffe Hospital,Type 1,598,183,486,112,190,4.1,20,110,126,32,440
536,18/04/2023,April,2,2023,North West,Liverpool University Hospitals NHS Foundation Trust,Royal Liverpool University Hospital,Type 1,323,175,259,64,175,9.6,25,145,183,42,98
537,18/04/2023,April,2,2023,London,Guy's and St Thomas' NHS Foundation Trust,St Thomas' Hospital,Type 1,429,188,417,12,193,6.7,16,129,74,15,340
538,18/04/2023,April,2,2023,Midlands,University Hospitals Birmingham NHS Foundation Trust,Queen Elizabeth Hospital Birmingham,Type 1,308,62,211,97,104,11.6,15,187,92,63,153
539,18/04/2023,April,2,2023,Yorkshire and Humber,Leeds Teaching Hospitals NHS Trust,Leeds General Infirmary,Type 1,366,86,258,108,153,9.6,6,67,139,40,187
540,18/04/2023,April,2,2023,South East,Oxford University Hospitals NHS Foundation Trust,John Radcliffe Hospital,Type 1,435,137,323,112,111,15.1,5,184,235,26,174
541,19/04/2023,April,2,2023,North West,Liverpool University Hospitals NHS Foundation Trust,Royal Liverpool University Hospital,Type 1,327,111,205,122,136,13.3,10,63,242,63,22
542,19/04/2023,April,2,2023,London,Guy's and St Thomas' NHS Foundation Trust,St Thomas' Hospital,Type 1,567,190,518,49,267,13.6,0,57,103,72,392
543,19/04/2023,April,2,2023,Midlands,University Hospitals Birmingham NHS Foundation Trust,Queen Elizabeth Hospital Birmingham,Type 1,457,104,393,64,137,10.1,8,149,227,35,195
544,19/04/2023,April,2,2023,Yorkshire and Humber,Leeds Teaching Hospitals NHS Trust,Leeds General Infirmary,Type 1,392,192,387,5,198,15.4,12,195,273,56,63
545,19/04/2023,April,2,2023,South East,Oxford University Hospitals NHS Foundation Trust,John Radcliffe Hospital,Type 1,382,194,315,67,298,11.8,25,173,96,18,268
546,20/04/2023,April,2,2023,North West,Liverpool University Hospitals NHS Foundation Trust,Royal Liverpool University Hospital,Type 1,549,183,527,22,127,7.1,21,52,300,21,228
547,20/04/2023,April,2,2023,London,Guy's and St Thomas' NHS Foundation Trust,St Thomas' Hospital,Type 1,543,90,512,31,161,13.6,5,173,292,70,181
548,20/04/2023,April,2,2023,Midlands,University Hospitals Birmingham NHS Foundation Trust,Queen Elizabeth Hospital Birmingham,Type 1,329,159,286,43,235,13.8,20,52,254,53,22
549,20/04/2023,April,2,2023,Yorkshire and Humber,Leeds Teaching Hospitals NHS Trust,Leeds General Infirmary,Type 1,629,167,513,116,263,8.8,13,57,250,66,313
550,20/04/2023,April,2,2023,South East,Oxford University Hospitals NHS Foundation Trust,John Radcliffe Hospital,Type 1,365,111,363,2,127,10.5,1,51,161,40,164
551,21/04/2023,April,2,2023,North West,Liverpool University Hospitals NHS Foundation Trust,Royal Liverpool University Hospital,Type 1,274,170,267,7,202,13.2,18,203,149,49,76
552,21/04/2023,April,2,2023,London,Guy's and St Thomas' NHS Foundation Trust,St Thomas' Hospital,Type 1,587,192,390,197,163,6.1,17,164,126,65,396
553,21/04/2023,April,2,2023,Midlands,University Hospitals Birmingham NHS Foundation Trust,Queen Elizabeth Hospital Birmingham,Type 1,361,153,298,63,192,7.2,19,78,66,36,259
554,21/04/2023,April,2,2023,Yorkshire and Humber,Leeds Teaching Hospitals NHS Trust,Leeds General Infirmary,Type 1,680,142,436,244,310,6.3,1,149,78,41,561
555,21/04/2023,April,2,2023,South East,Oxford University Hospitals NHS Foundation Trust,John Radcliffe Hospital,Type 1,253,151,173,80,187,6.8,15,189,218,68,33
556,22/04/2023,April,2,2023,North West,Liverpool University Hospitals NHS Foundation Trust,Royal Liverpool University Hospital,Type 1,306,131,222,84,126,10.3,20,129,168,29,109
557,22/04/2023,April,2,2023,London,Guy's and St Thomas' NHS Foundation Trust,St Thomas' Hospital,Type 1,401,169,311,90,100,14.6,15,217,217,80,104
558,22/04/2023,April,2,2023,Midlands,University Hospitals Birmingham NHS Foundation Trust,Queen Elizabeth Hospital Birmingham,Type 1,590,101,568,22,186,14.2,14,73,190,30,370
559,22/04/2023,April,2,2023,Yorkshire and Humber,Leeds Teaching Hospitals NHS Trust,Leeds General Infirmary,Type 1,621,113,412,209,167,6,10,122,159,44,418
560,22/04/2023,April,2,2023,South East,Oxford University Hospitals NHS Foundation Trust,John Radcliffe Hospital,Type 1,345,58,251,94,275,7.3,2,176,183,30,132
561,23/04/2023,April,2,2023,North West,Liverpool University Hospitals NHS Foundation Trust,Royal Liverpool University Hospital,Type 1,459,147,456,3,209,8.7,21,72,182,65,212
562,23/04/2023,April,2,2023,London,Guy's and St Thomas' NHS Foundation Trust,St Thomas' Hospital,Type 1,615,102,540,75,128,11,0,143,118,48,449
563,23/04/2023,April,2,2023,Midlands,University Hospitals Birmingham NHS Foundation Trust,Queen Elizabeth Hospital Birmingham,Type 1,403,200,372,31,244,8.6,17,163,58,67,278
564,23/04/2023,April,2,2023,Yorkshire and Humber,Leeds Teaching Hospitals NHS Trust,Leeds General Infirmary,Type 1,298,127,283,15,146,5.5,15,95,187,67,44
565,23/04/2023,April,2,2023,South East,Oxford University Hospitals NHS Foundation Trust,John Radcliffe Hospital,Type 1,385,138,270,115,201,13.5,21,45,136,22,227
566,24/04/2023,April,2,2023,North West,Liverpool University Hospitals NHS Foundation Trust,Royal Liverpool University Hospital,Type 1,635,130,454,181,299,15,10,190,158,55,422
567,24/04/2023,April,2,2023,London,Guy's and St Thomas' NHS Foundation Trust,St Thomas' Hospital,Type 1,450,165,368,82,167,6.1,24,149,50,56,344
568,24/04/2023,April,2,2023,Midlands,University Hospitals Birmingham NHS Foundation Trust,Queen Elizabeth Hospital Birmingham,Type 1,370,191,269,101,123,12.1,13,214,118,63,189
569,24/04/2023,April,2,2023,Yorkshire and Humber,Leeds Teaching Hospitals NHS Trust,Leeds General Infirmary,Type 1,325,126,280,45,249,10.3,24,215,195,72,58
570,24/04/2023,April,2,2023,South East,Oxford University Hospitals NHS Foundation Trust,John Radcliffe Hospital,Type 1,661,172,507,154,305,9.2,22,220,104,10,547
571,25/04/2023,April,2,2023,North West,Liverpool University Hospitals NHS Foundation Trust,Royal Liverpool University Hospital,Type 1,335,199,226,109,308,15.1,23,156,291,18,26
572,25/04/2023,April,2,2023,London,Guy's and St Thomas' NHS Foundation Trust,St Thomas' Hospital,Type 1,377,88,260,117,194,14.8,5,149,105,35,237
573,25/04/2023,April,2,2023,Midlands,University Hospitals Birmingham NHS Foundation Trust,Queen Elizabeth Hospital Birmingham,Type 1,295,184,270,25,105,14.1,11,115,138,12,145
574,25/04/2023,April,2,2023,Yorkshire and Humber,Leeds Teaching Hospitals NHS Trust,Leeds General Infirmary,Type 1,429,76,289,140,287,9.1,7,133,221,48,160
575,25/04/2023,April,2,2023,South East,Oxford University Hospitals NHS Foundation Trust,John Radcliffe Hospital,Type 1,668,176,460,208,162,4.8,15,137,144,16,508
576,26/04/2023,April,2,2023,North West,Liverpool University Hospitals NHS Foundation Trust,Royal Liverpool University Hospital,Type 1,594,165,546,48,251,14.7,11,163,55,77,462
577,26/04/2023,April,2,2023,London,Guy's and St Thomas' NHS Foundation Trust,St Thomas' Hospital,Type 1,428,118,344,84,193,6.6,8,71,75,74,279
578,26/04/2023,April,2,2023,Midlands,University Hospitals Birmingham NHS Foundation Trust,Queen Elizabeth Hospital Birmingham,Type 1,604,161,595,9,237,6.4,21,129,89,30,485
579,26/04/2023,April,2,2023,Yorkshire and Humber,Leeds Teaching Hospitals NHS Trust,Leeds General Infirmary,Type 1,320,102,294,26,214,6.8,16,214,91,31,198
580,26/04/2023,April,2,2023,South East,Oxford University Hospitals NHS Foundation Trust,John Radcliffe Hospital,Type 1,272,167,199,73,232,11.7,5,165,73,27,172
581,27/04/2023,April,2,2023,North West,Liverpool University Hospitals NHS Foundation Trust,Royal Liverpool University Hospital,Type 1,385,186,242,143,209,14.8,16,163,60,64,261
582,27/04/2023,April,2,2023,London,Guy's and St Thomas' NHS Foundation Trust,St Thomas' Hospital,Type 1,525,106,426,99,269,4.5,25,121,110,41,374
583,27/04/2023,April,2,2023,Midlands,University Hospitals Birmingham NHS Foundation Trust,Queen Elizabeth Hospital Birmingham,Type 1,382,192,294,88,279,12.2,25,180,261,64,57
584,27/04/2023,April,2,2023,Yorkshire and Humber,Leeds Teaching Hospitals NHS Trust,Leeds General Infirmary,Type 1,505,72,315,190,133,11.5,7,43,124,62,319
585,27/04/2023,April,2,2023,South East,Oxford University Hospitals NHS Foundation Trust,John Radcliffe Hospital,Type 1,578,69,385,193,159,5.6,19,66,131,45,402
586,28/04/2023,April,2,2023,North West,Liverpool University Hospitals NHS Foundation Trust,Royal Liverpool University Hospital,Type 1,490,109,308,182,119,9.6,1,138,108,32,350
587,28/04/2023,April,2,2023,London,Guy's and St Thomas' NHS Foundation Trust,St Thomas' Hospital,Type 1,536,145,532,4,144,14.4,3,74,241,57,238
588,28/04/2023,April,2,2023,Midlands,University Hospitals Birmingham NHS Foundation Trust,Queen Elizabeth Hospital Birmingham,Type 1,448,138,335,113,279,7.3,20,117,220,57,171
589,28/04/2023,April,2,2023,Yorkshire and Humber,Leeds Teaching Hospitals NHS Trust,Leeds General Infirmary,Type 1,572,94,444,128,291,12,7,123,210,34,328
590,28/04/2023,April,2,2023,South East,Oxford University Hospitals NHS Foundation Trust,John Radcliffe Hospital,Type 1,502,96,322,180,100,9.3,22,212,139,58,305
591,29/04/2023,April,2,2023,North West,Liverpool University Hospitals NHS Foundation Trust,Royal Liverpool University Hospital,Type 1,635,105,562,73,286,14.1,14,141,217,65,353
592,29/04/2023,April,2,2023,London,Guy's and St Thomas' NHS Foundation Trust,St Thomas' Hospital,Type 1,483,176,470,13,285,10.9,20,84,271,10,202
593,29/04/2023,April,2,2023,Midlands,University Hospitals Birmingham NHS Foundation Trust,Queen Elizabeth Hospital Birmingham,Type 1,657,195,645,12,212,15.1,18,79,147,64,446
594,29/04/2023,April,2,2023,Yorkshire and Humber,Leeds Teaching Hospitals NHS Trust,Leeds General Infirmary,Type 1,406,163,347,59,121,15.8,4,73,281,77,48
595,29/04/2023,April,2,2023,South East,Oxford University Hospitals NHS Foundation Trust,John Radcliffe Hospital,Type 1,670,112,570,100,311,15.7,15,197,255,33,382
596,30/04/2023,April,2,2023,North West,Liverpool University Hospitals NHS Foundation Trust,Royal Liverpool University Hospital,Type 1,456,105,313,143,220,9.3,13,86,297,11,148
597,30/04/2023,April,2,2023,London,Guy's and St Thomas' NHS Foundation Trust,St Thomas' Hospital,Type 1,542,77,343,199,317,14,12,126,240,46,256
598,30/04/2023,April,2,2023,Midlands,University Hospitals Birmingham NHS Foundation Trust,Queen Elizabeth Hospital Birmingham,Type 1,282,113,281,1,196,14.6,13,52,146,19,117
599,30/04/2023,April,2,2023,Yorkshire and Humber,Leeds Teaching Hospitals NHS Trust,Leeds General Infirmary,Type 1,671,164,408,263,195,5,4,178,294,17,360
600,30/04/2023,April,2,2023,South East,Oxford University Hospitals NHS Foundation Trust,John Radcliffe Hospital,Type 1,301,50,288,13,232,6.9,2,136,285,28,12
601,01/05/2023,May,2,2023,North West,Liverpool University Hospitals NHS Foundation Trust,Royal Liverpool University Hospital,Type 1,388,171,341,47,128,10.3,3,206,257,54,77
602,01/05/2023,May,2,2023,London,Guy's and St Thomas' NHS Foundation Trust,St Thomas' Hospital,Type 1,527,135,499,28,311,6.1,23,66,182,33,312
603,01/05/2023,May,2,2023,Midlands,University Hospitals Birmingham NHS Foundation Trust,Queen Elizabeth Hospital Birmingham,Type 1,291,134,251,40,206,11.3,16,93,262,52,23
604,01/05/2023,May,2,2023,Yorkshire and Humber,Leeds Teaching Hospitals NHS Trust,Leeds General Infirmary,Type 1,598,182,539,59,104,13,9,157,282,16,300
605,01/05/2023,May,2,2023,South East,Oxford University Hospitals NHS Foundation Trust,John Radcliffe Hospital,Type 1,284,182,183,101,257,5.9,13,117,104,63,117
606,02/05/2023,May,2,2023,North West,Liverpool University Hospitals NHS Foundation Trust,Royal Liverpool University Hospital,Type 1,536,127,446,90,101,13.1,11,175,169,50,317
607,02/05/2023,May,2,2023,London,Guy's and St Thomas' NHS Foundation Trust,St Thomas' Hospital,Type 1,289,153,198,91,272,15,22,112,278,45,34
608,02/05/2023,May,2,2023,Midlands,University Hospitals Birmingham NHS Foundation Trust,Queen Elizabeth Hospital Birmingham,Type 1,678,156,656,22,111,12.1,24,132,91,66,521
609,02/05/2023,May,2,2023,Yorkshire and Humber,Leeds Teaching Hospitals NHS Trust,Leeds General Infirmary,Type 1,558,154,491,67,198,6.8,20,151,83,28,447
610,02/05/2023,May,2,2023,South East,Oxford University Hospitals NHS Foundation Trust,John Radcliffe Hospital,Type 1,381,66,286,95,164,7.3,10,97,190,24,167
611,03/05/2023,May,2,2023,North West,Liverpool University Hospitals NHS Foundation Trust,Royal Liverpool University Hospital,Type 1,424,81,321,103,142,7,18,219,210,67,147
612,03/05/2023,May,2,2023,London,Guy's and St Thomas' NHS Foundation Trust,St Thomas' Hospital,Type 1,507,71,321,186,153,5.1,19,106,89,70,348
613,03/05/2023,May,2,2023,Midlands,University Hospitals Birmingham NHS Foundation Trust,Queen Elizabeth Hospital Birmingham,Type 1,452,149,282,170,238,10.7,2,110,164,19,269
614,03/05/2023,May,2,2023,Yorkshire and Humber,Leeds Teaching Hospitals NHS Trust,Leeds General Infirmary,Type 1,663,144,526,137,141,15.1,10,164,225,68,370
615,03/05/2023,May,2,2023,South East,Oxford University Hospitals NHS Foundation Trust,John Radcliffe Hospital,Type 1,522,103,368,154,126,16,21,160,195,39,288
616,04/05/2023,May,2,2023,North West,Liverpool University Hospitals NHS Foundation Trust,Royal Liverpool University Hospital,Type 1,507,165,390,117,185,11.1,20,193,102,29,376
617,04/05/2023,May,2,2023,London,Guy's and St Thomas' NHS Foundation Trust,St Thomas' Hospital,Type 1,398,122,243,155,92,13.7,11,53,205,55,138
618,04/05/2023,May,2,2023,Midlands,University Hospitals Birmingham NHS Foundation Trust,Queen Elizabeth Hospital Birmingham,Type 1,561,128,358,203,113,13.6,1,171,144,78,339
619,04/05/2023,May,2,2023,Yorkshire and Humber,Leeds Teaching Hospitals NHS Trust,Leeds General Infirmary,Type 1,646,140,441,205,105,13.8,4,99,241,26,379
620,04/05/2023,May,2,2023,South East,Oxford University Hospitals NHS Foundation Trust,John Radcliffe Hospital,Type 1,559,196,531,28,310,14.6,21,127,239,63,257
621,05/05/2023,May,2,2023,North West,Liverpool University Hospitals NHS Foundation Trust,Royal Liverpool University Hospital,Type 1,684,117,628,56,128,12.2,6,43,134,44,506
622,05/05/2023,May,2,2023,London,Guy's and St Thomas' NHS Foundation Trust,St Thomas' Hospital,Type 1,464,176,362,102,276,4.2,12,196,176,60,228
623,05/05/2023,May,2,2023,Midlands,University Hospitals Birmingham NHS Foundation Trust,Queen Elizabeth Hospital Birmingham,Type 1,387,168,309,78,195,8.7,21,194,291,40,56
624,05/05/2023,May,2,2023,Yorkshire and Humber,Leeds Teaching Hospitals NHS Trust,Leeds General Infirmary,Type 1,663,164,411,252,320,9.6,12,198,189,33,441
625,05/05/2023,May,2,2023,South East,Oxford University Hospitals NHS Foundation Trust,John Radcliffe Hospital,Type 1,372,120,283,89,146,13.4,14,213,68,43,261
626,06/05/2023,May,2,2023,North West,Liverpool University Hospitals NHS Foundation Trust,Royal Liverpool University Hospital,Type 1,539,140,332,207,300,5.3,1,70,142,39,358
627,06/05/2023,May,2,2023,London,Guy's and St Thomas' NHS Foundation Trust,St Thomas' Hospital,Type 1,453,180,366,87,252,8.2,24,69,116,62,275
628,06/05/2023,May,2,2023,Midlands,University Hospitals Birmingham NHS Foundation Trust,Queen Elizabeth Hospital Birmingham,Type 1,282,106,243,39,311,8.8,6,166,109,35,138
629,06/05/2023,May,2,2023,Yorkshire and Humber,Leeds Teaching Hospitals NHS Trust,Leeds General Infirmary,Type 1,329,69,294,35,254,11.2,17,83,288,26,15
630,06/05/2023,May,2,2023,South East,Oxford University Hospitals NHS Foundation Trust,John Radcliffe Hospital,Type 1,439,59,327,112,125,10.5,23,122,243,73,123
631,07/05/2023,May,2,2023,North West,Liverpool University Hospitals NHS Foundation Trust,Royal Liverpool University Hospital,Type 1,371,148,359,12,121,6.2,20,154,282,34,55
632,07/05/2023,May,2,2023,London,Guy's and St Thomas' NHS Foundation Trust,St Thomas' Hospital,Type 1,636,167,403,233,137,9.1,7,81,255,26,355
633,07/05/2023,May,2,2023,Midlands,University Hospitals Birmingham NHS Foundation Trust,Queen Elizabeth Hospital Birmingham,Type 1,266,83,197,69,225,15.6,17,135,133,58,75
634,07/05/2023,May,2,2023,Yorkshire and Humber,Leeds Teaching Hospitals NHS Trust,Leeds General Infirmary,Type 1,558,115,432,126,139,9.3,22,97,291,64,203
635,07/05/2023,May,2,2023,South East,Oxford University Hospitals NHS Foundation Trust,John Radcliffe Hospital,Type 1,360,185,350,10,248,8.5,10,56,138,62,160
636,08/05/2023,May,2,2023,North West,Liverpool University Hospitals NHS Foundation Trust,Royal Liverpool University Hospital,Type 1,636,133,574,62,206,7.7,1,164,77,45,514
637,08/05/2023,May,2,2023,London,Guy's and St Thomas' NHS Foundation Trust,St Thomas' Hospital,Type 1,646,108,564,82,319,6.2,8,133,170,42,434
638,08/05/2023,May,2,2023,Midlands,University Hospitals Birmingham NHS Foundation Trust,Queen Elizabeth Hospital Birmingham,Type 1,447,163,414,33,91,9.5,0,170,148,29,270
639,08/05/2023,May,2,2023,Yorkshire and Humber,Leeds Teaching Hospitals NHS Trust,Leeds General Infirmary,Type 1,539,129,451,88,236,11.9,9,172,238,41,260
640,08/05/2023,May,2,2023,South East,Oxford University Hospitals NHS Foundation Trust,John Radcliffe Hospital,Type 1,301,80,283,18,248,11.3,4,200,299,77,75
641,09/05/2023,May,2,2023,North West,Liverpool University Hospitals NHS Foundation Trust,Royal Liverpool University Hospital,Type 1,381,118,304,77,199,9.7,15,123,176,47,158
642,09/05/2023,May,2,2023,London,Guy's and St Thomas' NHS Foundation Trust,St Thomas' Hospital,Type 1,518,64,338,180,184,9.6,5,70,125,19,374
643,09/05/2023,May,2,2023,Midlands,University Hospitals Birmingham NHS Foundation Trust,Queen Elizabeth Hospital Birmingham,Type 1,447,68,432,15,282,11.6,15,70,111,77,259
644,09/05/2023,May,2,2023,Yorkshire and Humber,Leeds Teaching Hospitals NHS Trust,Leeds General Infirmary,Type 1,540,157,520,20,139,11.6,25,76,129,31,380
645,09/05/2023,May,2,2023,South East,Oxford University Hospitals NHS Foundation Trust,John Radcliffe Hospital,Type 1,279,64,271,8,293,9.1,19,74,178,15,86
646,10/05/2023,May,2,2023,North West,Liverpool University Hospitals NHS Foundation Trust,Royal Liverpool University Hospital,Type 1,327,147,248,79,261,15.1,25,148,88,48,191
647,10/05/2023,May,2,2023,London,Guy's and St Thomas' NHS Foundation Trust,St Thomas' Hospital,Type 1,415,178,273,142,139,5.9,7,149,162,72,181
648,10/05/2023,May,2,2023,Midlands,University Hospitals Birmingham NHS Foundation Trust,Queen Elizabeth Hospital Birmingham,Type 1,527,68,344,183,303,11.1,18,194,268,11,248
649,10/05/2023,May,2,2023,Yorkshire and Humber,Leeds Teaching Hospitals NHS Trust,Leeds General Infirmary,Type 1,454,104,357,97,93,9.3,10,143,182,14,258
650,10/05/2023,May,2,2023,South East,Oxford University Hospitals NHS Foundation Trust,John Radcliffe Hospital,Type 1,302,172,261,41,219,4.1,18,138,195,41,66
651,11/05/2023,May,2,2023,North West,Liverpool University Hospitals NHS Foundation Trust,Royal Liverpool University Hospital,Type 1,277,71,265,12,101,9.3,10,205,223,80,26
652,11/05/2023,May,2,2023,London,Guy's and St Thomas' NHS Foundation Trust,St Thomas' Hospital,Type 1,648,152,402,246,163,5,7,128,144,17,487
653,11/05/2023,May,2,2023,Midlands,University Hospitals Birmingham NHS Foundation Trust,Queen Elizabeth Hospital Birmingham,Type 1,649,180,415,234,240,15.1,0,191,66,20,563
654,11/05/2023,May,2,2023,Yorkshire and Humber,Leeds Teaching Hospitals NHS Trust,Leeds General Infirmary,Type 1,473,117,370,103,91,12.8,13,96,258,17,198
655,11/05/2023,May,2,2023,South East,Oxford University Hospitals NHS Foundation Trust,John Radcliffe Hospital,Type 1,604,199,566,38,121,10.2,11,178,127,48,429
656,12/05/2023,May,2,2023,North West,Liverpool University Hospitals NHS Foundation Trust,Royal Liverpool University Hospital,Type 1,621,148,398,223,218,14,18,208,77,56,488
657,12/05/2023,May,2,2023,London,Guy's and St Thomas' NHS Foundation Trust,St Thomas' Hospital,Type 1,605,183,529,76,115,10,8,127,182,66,357
658,12/05/2023,May,2,2023,Midlands,University Hospitals Birmingham NHS Foundation Trust,Queen Elizabeth Hospital Birmingham,Type 1,671,199,639,32,299,14.4,16,110,245,13,413
659,12/05/2023,May,2,2023,Yorkshire and Humber,Leeds Teaching Hospitals NHS Trust,Leeds General Infirmary,Type 1,417,73,273,144,247,10.9,17,110,259,57,101
660,12/05/2023,May,2,2023,South East,Oxford University Hospitals NHS Foundation Trust,John Radcliffe Hospital,Type 1,528,119,397,131,212,12.2,20,180,54,75,399
661,13/05/2023,May,2,2023,North West,Liverpool University Hospitals NHS Foundation Trust,Royal Liverpool University Hospital,Type 1,290,177,227,63,172,12.8,12,114,228,48,14
662,13/05/2023,May,2,2023,London,Guy's and St Thomas' NHS Foundation Trust,St Thomas' Hospital,Type 1,642,102,431,211,125,11.4,0,169,233,44,365
663,13/05/2023,May,2,2023,Midlands,University Hospitals Birmingham NHS Foundation Trust,Queen Elizabeth Hospital Birmingham,Type 1,348,86,322,26,213,4.1,12,133,135,56,157
664,13/05/2023,May,2,2023,Yorkshire and Humber,Leeds Teaching Hospitals NHS Trust,Leeds General Infirmary,Type 1,537,157,412,125,271,4.2,21,98,232,41,264
665,13/05/2023,May,2,2023,South East,Oxford University Hospitals NHS Foundation Trust,John Radcliffe Hospital,Type 1,372,172,360,12,177,12.5,8,131,111,15,246
666,14/05/2023,May,2,2023,North West,Liverpool University Hospitals NHS Foundation Trust,Royal Liverpool University Hospital,Type 1,299,130,218,81,121,14.9,4,163,131,29,139
667,14/05/2023,May,2,2023,London,Guy's and St Thomas' NHS Foundation Trust,St Thomas' Hospital,Type 1,648,101,493,155,299,8.9,12,129,195,69,384
668,14/05/2023,May,2,2023,Midlands,University Hospitals Birmingham NHS Foundation Trust,Queen Elizabeth Hospital Birmingham,Type 1,347,99,209,138,227,12.4,1,97,225,45,77
669,14/05/2023,May,2,2023,Yorkshire and Humber,Leeds Teaching Hospitals NHS Trust,Leeds General Infirmary,Type 1,474,178,367,107,231,11,23,65,92,75,307
670,14/05/2023,May,2,2023,South East,Oxford University Hospitals NHS Foundation Trust,John Radcliffe Hospital,Type 1,526,145,326,200,201,11.7,21,203,237,11,278
671,15/05/2023,May,2,2023,North West,Liverpool University Hospitals NHS Foundation Trust,Royal Liverpool University Hospital,Type 1,323,119,253,70,254,14.4,22,127,252,10,61
672,15/05/2023,May,2,2023,London,Guy's and St Thomas' NHS Foundation Trust,St Thomas' Hospital,Type 1,435,92,421,14,290,10.1,8,88,209,49,177
673,15/05/2023,May,2,2023,Midlands,University Hospitals Birmingham NHS Foundation Trust,Queen Elizabeth Hospital Birmingham,Type 1,420,118,389,31,163,9,18,173,170,31,219
674,15/05/2023,May,2,2023,Yorkshire and Humber,Leeds Teaching Hospitals NHS Trust,Leeds General Infirmary,Type 1,575,118,528,47,235,15.4,20,49,205,56,314
675,15/05/2023,May,2,2023,South East,Oxford University Hospitals NHS Foundation Trust,John Radcliffe Hospital,Type 1,351,159,229,122,192,10.1,20,181,242,19,90
676,16/05/2023,May,2,2023,North West,Liverpool University Hospitals NHS Foundation Trust,Royal Liverpool University Hospital,Type 1,425,160,272,153,170,5.8,0,101,277,34,114
677,16/05/2023,May,2,2023,London,Guy's and St Thomas' NHS Foundation Trust,St Thomas' Hospital,Type 1,300,160,269,31,318,12.7,7,153,240,24,36
678,16/05/2023,May,2,2023,Midlands,University Hospitals Birmingham NHS Foundation Trust,Queen Elizabeth Hospital Birmingham,Type 1,412,150,279,133,297,8.3,23,163,134,44,234
679,16/05/2023,May,2,2023,Yorkshire and Humber,Leeds Teaching Hospitals NHS Trust,Leeds General Infirmary,Type 1,414,143,394,20,192,13,20,205,102,11,301
680,16/05/2023,May,2,2023,South East,Oxford University Hospitals NHS Foundation Trust,John Radcliffe Hospital,Type 1,462,165,369,93,100,13.5,21,75,70,55,337
681,17/05/2023,May,2,2023,North West,Liverpool University Hospitals NHS Foundation Trust,Royal Liverpool University Hospital,Type 1,618,193,511,107,187,6.3,8,203,292,55,271
682,17/05/2023,May,2,2023,London,Guy's and St Thomas' NHS Foundation Trust,St Thomas' Hospital,Type 1,337,54,311,26,168,15.8,4,107,228,20,89
683,17/05/2023,May,2,2023,Midlands,University Hospitals Birmingham NHS Foundation Trust,Queen Elizabeth Hospital Birmingham,Type 1,572,102,527,45,121,8.4,22,83,247,15,310
684,17/05/2023,May,2,2023,Yorkshire and Humber,Leeds Teaching Hospitals NHS Trust,Leeds General Infirmary,Type 1,283,185,175,108,102,9.9,11,119,191,14,78
685,17/05/2023,May,2,2023,South East,Oxford University Hospitals NHS Foundation Trust,John Radcliffe Hospital,Type 1,354,99,242,112,269,11.2,10,198,293,79,18
686,18/05/2023,May,2,2023,North West,Liverpool University Hospitals NHS Foundation Trust,Royal Liverpool University Hospital,Type 1,627,89,508,119,182,10.9,2,132,213,35,379
687,18/05/2023,May,2,2023,London,Guy's and St Thomas' NHS Foundation Trust,St Thomas' Hospital,Type 1,596,129,420,176,146,11.2,4,124,105,42,449
688,18/05/2023,May,2,2023,Midlands,University Hospitals Birmingham NHS Foundation Trust,Queen Elizabeth Hospital Birmingham,Type 1,613,57,598,15,318,7.6,3,138,185,68,360
689,18/05/2023,May,2,2023,Yorkshire and Humber,Leeds Teaching Hospitals NHS Trust,Leeds General Infirmary,Type 1,603,62,579,24,187,8.1,1,204,92,77,434
690,18/05/2023,May,2,2023,South East,Oxford University Hospitals NHS Foundation Trust,John Radcliffe Hospital,Type 1,284,67,198,86,105,6.9,0,159,189,16,79
691,19/05/2023,May,2,2023,North West,Liverpool University Hospitals NHS Foundation Trust,Royal Liverpool University Hospital,Type 1,587,114,533,54,162,11.3,8,59,71,28,488
692,19/05/2023,May,2,2023,London,Guy's and St Thomas' NHS Foundation Trust,St Thomas' Hospital,Type 1,466,128,353,113,121,7.8,12,130,108,67,291
693,19/05/2023,May,2,2023,Midlands,University Hospitals Birmingham NHS Foundation Trust,Queen Elizabeth Hospital Birmingham,Type 1,399,71,301,98,246,7.9,20,166,72,57,270
694,19/05/2023,May,2,2023,Yorkshire and Humber,Leeds Teaching Hospitals NHS Trust,Leeds General Infirmary,Type 1,602,180,396,206,190,10.6,3,196,289,36,277
695,19/05/2023,May,2,2023,South East,Oxford University Hospitals NHS Foundation Trust,John Radcliffe Hospital,Type 1,609,164,561,48,120,14.6,20,188,251,27,331
696,20/05/2023,May,2,2023,North West,Liverpool University Hospitals NHS Foundation Trust,Royal Liverpool University Hospital,Type 1,336,103,290,46,313,5.2,17,106,59,29,248
697,20/05/2023,May,2,2023,London,Guy's and St Thomas' NHS Foundation Trust,St Thomas' Hospital,Type 1,281,168,195,86,248,12.4,17,200,60,76,145
698,20/05/2023,May,2,2023,Midlands,University Hospitals Birmingham NHS Foundation Trust,Queen Elizabeth Hospital Birmingham,Type 1,389,77,260,129,168,12.8,11,191,94,43,252
699,20/05/2023,May,2,2023,Yorkshire and Humber,Leeds Teaching Hospitals NHS Trust,Leeds General Infirmary,Type 1,660,50,643,17,201,13.8,23,174,239,63,358
700,20/05/2023,May,2,2023,South East,Oxford University Hospitals NHS Foundation Trust,John Radcliffe Hospital,Type 1,609,137,496,113,139,4.3,20,43,226,70,313
701,21/05/2023,May,2,2023,North West,Liverpool University Hospitals NHS Foundation Trust,Royal Liverpool University Hospital,Type 1,497,153,478,19,315,5.4,2,43,100,26,371
702,21/05/2023,May,2,2023,London,Guy's and St Thomas' NHS Foundation Trust,St Thomas' Hospital,Type 1,556,146,360,196,196,11.2,13,114,125,77,354
703,21/05/2023,May,2,2023,Midlands,University Hospitals Birmingham NHS Foundation Trust,Queen Elizabeth Hospital Birmingham,Type 1,645,84,611,34,224,12,1,216,289,26,330
704,21/05/2023,May,2,2023,Yorkshire and Humber,Leeds Teaching Hospitals NHS Trust,Leeds General Infirmary,Type 1,336,90,202,134,291,9.7,22,145,229,60,47
705,21/05/2023,May,2,2023,South East,Oxford University Hospitals NHS Foundation Trust,John Radcliffe Hospital,Type 1,439,112,396,43,212,10.2,24,141,266,29,144
706,22/05/2023,May,2,2023,North West,Liverpool University Hospitals NHS Foundation Trust,Royal Liverpool University Hospital,Type 1,625,157,603,22,318,15.7,2,42,176,52,397
707,22/05/2023,May,2,2023,London,Guy's and St Thomas' NHS Foundation Trust,St Thomas' Hospital,Type 1,450,172,311,139,270,9.9,19,175,105,47,298
708,22/05/2023,May,2,2023,Midlands,University Hospitals Birmingham NHS Foundation Trust,Queen Elizabeth Hospital Birmingham,Type 1,298,74,199,99,201,12.2,4,85,218,41,39
709,22/05/2023,May,2,2023,Yorkshire and Humber,Leeds Teaching Hospitals NHS Trust,Leeds General Infirmary,Type 1,455,109,345,110,203,8.2,1,155,87,63,305
710,22/05/2023,May,2,2023,South East,Oxford University Hospitals NHS Foundation Trust,John Radcliffe Hospital,Type 1,509,134,382,127,160,13.5,13,203,160,29,320
711,23/05/2023,May,2,2023,North West,Liverpool University Hospitals NHS Foundation Trust,Royal Liverpool University Hospital,Type 1,404,101,325,79,222,10.7,15,92,139,47,218
712,23/05/2023,May,2,2023,London,Guy's and St Thomas' NHS Foundation Trust,St Thomas' Hospital,Type 1,406,152,345,61,163,14.7,2,105,168,58,180
713,23/05/2023,May,2,2023,Midlands,University Hospitals Birmingham NHS Foundation Trust,Queen Elizabeth Hospital Birmingham,Type 1,346,198,297,49,202,6.9,10,143,114,65,167
714,23/05/2023,May,2,2023,Yorkshire and Humber,Leeds Teaching Hospitals NHS Trust,Leeds General Infirmary,Type 1,473,180,427,46,185,4.5,21,203,96,45,332
715,23/05/2023,May,2,2023,South East,Oxford University Hospitals NHS Foundation Trust,John Radcliffe Hospital,Type 1,462,52,390,72,236,8.8,20,119,111,51,300
716,24/05/2023,May,2,2023,North West,Liverpool University Hospitals NHS Foundation Trust,Royal Liverpool University Hospital,Type 1,582,115,523,59,303,13.6,4,176,219,23,340
717,24/05/2023,May,2,2023,London,Guy's and St Thomas' NHS Foundation Trust,St Thomas' Hospital,Type 1,364,66,276,88,266,14.8,8,75,183,53,128
718,24/05/2023,May,2,2023,Midlands,University Hospitals Birmingham NHS Foundation Trust,Queen Elizabeth Hospital Birmingham,Type 1,295,129,199,96,237,6.1,18,197,57,49,189
719,24/05/2023,May,2,2023,Yorkshire and Humber,Leeds Teaching Hospitals NHS Trust,Leeds General Infirmary,Type 1,688,102,491,197,180,12.3,11,190,194,71,423
720,24/05/2023,May,2,2023,South East,Oxford University Hospitals NHS Foundation Trust,John Radcliffe Hospital,Type 1,662,179,518,144,99,5.9,15,106,196,54,412
721,25/05/2023,May,2,2023,North West,Liverpool University Hospitals NHS Foundation Trust,Royal Liverpool University Hospital,Type 1,479,137,470,9,225,5.4,1,133,117,70,292
722,25/05/2023,May,2,2023,London,Guy's and St Thomas' NHS Foundation Trust,St Thomas' Hospital,Type 1,302,106,291,11,179,7.1,23,167,193,59,50
723,25/05/2023,May,2,2023,Midlands,University Hospitals Birmingham NHS Foundation Trust,Queen Elizabeth Hospital Birmingham,Type 1,456,137,418,38,131,13.6,20,216,100,34,322
724,25/05/2023,May,2,2023,Yorkshire and Humber,Leeds Teaching Hospitals NHS Trust,Leeds General Infirmary,Type 1,657,190,591,66,129,15.4,13,40,56,50,551
725,25/05/2023,May,2,2023,South East,Oxford University Hospitals NHS Foundation Trust,John Radcliffe Hospital,Type 1,501,196,335,166,308,5.6,11,212,77,21,403
726,26/05/2023,May,2,2023,North West,Liverpool University Hospitals NHS Foundation Trust,Royal Liverpool University Hospital,Type 1,698,173,630,68,112,8.3,14,123,149,66,483
727,26/05/2023,May,2,2023,London,Guy's and St Thomas' NHS Foundation Trust,St Thomas' Hospital,Type 1,481,189,344,137,96,11.1,25,108,147,66,268
728,26/05/2023,May,2,2023,Midlands,University Hospitals Birmingham NHS Foundation Trust,Queen Elizabeth Hospital Birmingham,Type 1,467,89,393,74,119,8.7,8,176,234,75,158
729,26/05/2023,May,2,2023,Yorkshire and Humber,Leeds Teaching Hospitals NHS Trust,Leeds General Infirmary,Type 1,371,58,351,20,194,7,22,219,79,56,236
730,26/05/2023,May,2,2023,South East,Oxford University Hospitals NHS Foundation Trust,John Radcliffe Hospital,Type 1,317,149,295,22,205,8.7,22,151,98,46,173
731,27/05/2023,May,2,2023,North West,Liverpool University Hospitals NHS Foundation Trust,Royal Liverpool University Hospital,Type 1,583,111,398,185,144,14.1,22,200,241,69,273
732,27/05/2023,May,2,2023,London,Guy's and St Thomas' NHS Foundation Trust,St Thomas' Hospital,Type 1,447,154,300,147,263,6.6,22,166,105,13,329
733,27/05/2023,May,2,2023,Midlands,University Hospitals Birmingham NHS Foundation Trust,Queen Elizabeth Hospital Birmingham,Type 1,469,62,309,160,104,10.6,14,171,265,49,155
734,27/05/2023,May,2,2023,Yorkshire and Humber,Leeds Teaching Hospitals NHS Trust,Leeds General Infirmary,Type 1,399,104,331,68,266,6.2,23,143,102,34,263
735,27/05/2023,May,2,2023,South East,Oxford University Hospitals NHS Foundation Trust,John Radcliffe Hospital,Type 1,366,75,300,66,194,8.8,2,42,132,23,211
736,28/05/2023,May,2,2023,North West,Liverpool University Hospitals NHS Foundation Trust,Royal Liverpool University Hospital,Type 1,684,82,684,0,198,14.3,1,56,156,80,448
737,28/05/2023,May,2,2023,London,Guy's and St Thomas' NHS Foundation Trust,St Thomas' Hospital,Type 1,621,70,454,167,139,13.8,13,201,170,26,425
738,28/05/2023,May,2,2023,Midlands,University Hospitals Birmingham NHS Foundation Trust,Queen Elizabeth Hospital Birmingham,Type 1,355,64,285,70,145,6.6,16,203,156,29,170
739,28/05/2023,May,2,2023,Yorkshire and Humber,Leeds Teaching Hospitals NHS Trust,Leeds General Infirmary,Type 1,258,180,208,50,112,11.6,25,50,297,48,87
740,28/05/2023,May,2,2023,South East,Oxford University Hospitals NHS Foundation Trust,John Radcliffe Hospital,Type 1,622,75,557,65,319,6.3,15,182,205,33,384
741,29/05/2023,May,2,2023,North West,Liverpool University Hospitals NHS Foundation Trust,Royal Liverpool University Hospital,Type 1,615,191,390,225,231,10.7,25,42,273,70,272
742,29/05/2023,May,2,2023,London,Guy's and St Thomas' NHS Foundation Trust,St Thomas' Hospital,Type 1,475,63,328,147,281,4.4,9,204,108,62,305
743,29/05/2023,May,2,2023,Midlands,University Hospitals Birmingham NHS Foundation Trust,Queen Elizabeth Hospital Birmingham,Type 1,488,122,368,120,183,14.8,0,66,131,22,335
744,29/05/2023,May,2,2023,Yorkshire and Humber,Leeds Teaching Hospitals NHS Trust,Leeds General Infirmary,Type 1,523,150,485,38,212,7.8,7,61,177,74,272
745,29/05/2023,May,2,2023,South East,Oxford University Hospitals NHS Foundation Trust,John Radcliffe Hospital,Type 1,690,84,572,118,175,10.5,6,216,263,51,376
746,30/05/2023,May,2,2023,North West,Liverpool University Hospitals NHS Foundation Trust,Royal Liverpool University Hospital,Type 1,290,108,236,54,113,10.9,24,123,105,59,126
747,30/05/2023,May,2,2023,London,Guy's and St Thomas' NHS Foundation Trust,St Thomas' Hospital,Type 1,366,147,271,95,125,7.3,15,138,59,54,253
748,30/05/2023,May,2,2023,Midlands,University Hospitals Birmingham NHS Foundation Trust,Queen Elizabeth Hospital Birmingham,Type 1,547,116,505,42,181,10.5,9,190,178,28,341
749,30/05/2023,May,2,2023,Yorkshire and Humber,Leeds Teaching Hospitals NHS Trust,Leeds General Infirmary,Type 1,285,166,206,79,246,13.7,9,152,195,30,60
750,30/05/2023,May,2,2023,South East,Oxford University Hospitals NHS Foundation Trust,John Radcliffe Hospital,Type 1,554,112,485,69,190,5.7,13,132,251,34,269
751,31/05/2023,May,2,2023,North West,Liverpool University Hospitals NHS Foundation Trust,Royal Liverpool University Hospital,Type 1,261,65,228,33,241,5.5,15,94,154,39,68
752,31/05/2023,May,2,2023,London,Guy's and St Thomas' NHS Foundation Trust,St Thomas' Hospital,Type 1,310,150,293,17,106,15.9,20,103,178,33,99
753,31/05/2023,May,2,2023,Midlands,University Hospitals Birmingham NHS Foundation Trust,Queen Elizabeth Hospital Birmingham,Type 1,562,83,391,171,97,9.6,24,94,168,36,358
754,31/05/2023,May,2,2023,Yorkshire and Humber,Leeds Teaching Hospitals NHS Trust,Leeds General Infirmary,Type 1,285,66,196,89,108,13.5,19,164,233,73,21
755,31/05/2023,May,2,2023,South East,Oxford University Hospitals NHS Foundation Trust,John Radcliffe Hospital,Type 1,428,56,298,130,169,8,25,156,177,62,189
756,01/06/2023,June,2,2023,North West,Liverpool University Hospitals NHS Foundation Trust,Royal Liverpool University Hospital,Type 1,668,51,595,73,185,6.1,5,145,142,29,497
757,01/06/2023,June,2,2023,London,Guy's and St Thomas' NHS Foundation Trust,St Thomas' Hospital,Type 1,288,67,233,55,99,7.2,22,108,145,71,72
758,01/06/2023,June,2,2023,Midlands,University Hospitals Birmingham NHS Foundation Trust,Queen Elizabeth Hospital Birmingham,Type 1,297,170,229,68,300,14.6,7,47,290,30,23
759,01/06/2023,June,2,2023,Yorkshire and Humber,Leeds Teaching Hospitals NHS Trust,Leeds General Infirmary,Type 1,316,153,239,77,152,4,19,202,166,62,88
760,01/06/2023,June,2,2023,South East,Oxford University Hospitals NHS Foundation Trust,John Radcliffe Hospital,Type 1,610,78,542,68,263,7.5,13,55,103,58,449
761,02/06/2023,June,2,2023,North West,Liverpool University Hospitals NHS Foundation Trust,Royal Liverpool University Hospital,Type 1,510,183,384,126,116,15.2,10,219,258,22,230
762,02/06/2023,June,2,2023,London,Guy's and St Thomas' NHS Foundation Trust,St Thomas' Hospital,Type 1,288,153,201,87,236,11.5,17,90,245,78,35
763,02/06/2023,June,2,2023,Midlands,University Hospitals Birmingham NHS Foundation Trust,Queen Elizabeth Hospital Birmingham,Type 1,364,114,364,0,289,4.5,18,118,50,27,287
764,02/06/2023,June,2,2023,Yorkshire and Humber,Leeds Teaching Hospitals NHS Trust,Leeds General Infirmary,Type 1,443,198,273,170,306,5.4,2,107,265,27,151
765,02/06/2023,June,2,2023,South East,Oxford University Hospitals NHS Foundation Trust,John Radcliffe Hospital,Type 1,622,94,378,244,118,5.2,22,148,96,33,493
766,03/06/2023,June,2,2023,North West,Liverpool University Hospitals NHS Foundation Trust,Royal Liverpool University Hospital,Type 1,296,91,215,81,315,13.8,0,56,62,11,223
767,03/06/2023,June,2,2023,London,Guy's and St Thomas' NHS Foundation Trust,St Thomas' Hospital,Type 1,374,163,259,115,299,6.7,21,142,250,77,47
768,03/06/2023,June,2,2023,Midlands,University Hospitals Birmingham NHS Foundation Trust,Queen Elizabeth Hospital Birmingham,Type 1,414,60,304,110,245,12.9,25,131,258,70,86
769,03/06/2023,June,2,2023,Yorkshire and Humber,Leeds Teaching Hospitals NHS Trust,Leeds General Infirmary,Type 1,629,136,391,238,280,14.8,15,148,185,79,365
770,03/06/2023,June,2,2023,South East,Oxford University Hospitals NHS Foundation Trust,John Radcliffe Hospital,Type 1,561,84,531,30,221,7,7,116,124,69,368
771,04/06/2023,June,2,2023,North West,Liverpool University Hospitals NHS Foundation Trust,Royal Liverpool University Hospital,Type 1,692,190,610,82,95,14.7,4,52,252,56,384
772,04/06/2023,June,2,2023,London,Guy's and St Thomas' NHS Foundation Trust,St Thomas' Hospital,Type 1,346,99,237,109,171,10.8,24,55,300,29,17
773,04/06/2023,June,2,2023,Midlands,University Hospitals Birmingham NHS Foundation Trust,Queen Elizabeth Hospital Birmingham,Type 1,277,138,194,83,225,12.1,21,87,279,60,62
774,04/06/2023,June,2,2023,Yorkshire and Humber,Leeds Teaching Hospitals NHS Trust,Leeds General Infirmary,Type 1,649,188,397,252,236,6.3,18,193,85,38,526
775,04/06/2023,June,2,2023,South East,Oxford University Hospitals NHS Foundation Trust,John Radcliffe Hospital,Type 1,257,159,225,32,308,6.2,19,202,102,11,144
776,05/06/2023,June,2,2023,North West,Liverpool University Hospitals NHS Foundation Trust,Royal Liverpool University Hospital,Type 1,653,67,502,151,224,13,5,177,56,30,567
777,05/06/2023,June,2,2023,London,Guy's and St Thomas' NHS Foundation Trust,St Thomas' Hospital,Type 1,271,50,199,72,224,7.4,23,88,80,26,165
778,05/06/2023,June,2,2023,Midlands,University Hospitals Birmingham NHS Foundation Trust,Queen Elizabeth Hospital Birmingham,Type 1,456,173,321,135,106,8.6,3,42,57,19,380
779,05/06/2023,June,2,2023,Yorkshire and Humber,Leeds Teaching Hospitals NHS Trust,Leeds General Infirmary,Type 1,599,102,437,162,161,13.9,11,186,176,47,376
780,05/06/2023,June,2,2023,South East,Oxford University Hospitals NHS Foundation Trust,John Radcliffe Hospital,Type 1,521,79,408,113,180,12.4,4,53,177,15,329
781,06/06/2023,June,2,2023,North West,Liverpool University Hospitals NHS Foundation Trust,Royal Liverpool University Hospital,Type 1,427,76,346,81,124,15.3,23,127,251,31,145
782,06/06/2023,June,2,2023,London,Guy's and St Thomas' NHS Foundation Trust,St Thomas' Hospital,Type 1,319,90,224,95,235,11,18,64,144,79,96
783,06/06/2023,June,2,2023,Midlands,University Hospitals Birmingham NHS Foundation Trust,Queen Elizabeth Hospital Birmingham,Type 1,250,151,188,62,96,7,17,96,242,63,55
784,06/06/2023,June,2,2023,Yorkshire and Humber,Leeds Teaching Hospitals NHS Trust,Leeds General Infirmary,Type 1,420,197,318,102,192,6.2,16,58,114,25,281
785,06/06/2023,June,2,2023,South East,Oxford University Hospitals NHS Foundation Trust,John Radcliffe Hospital,Type 1,386,198,328,58,196,9.2,18,68,160,68,158
786,07/06/2023,June,2,2023,North West,Liverpool University Hospitals NHS Foundation Trust,Royal Liverpool University Hospital,Type 1,524,157,385,139,115,6.4,22,78,190,42,292
787,07/06/2023,June,2,2023,London,Guy's and St Thomas' NHS Foundation Trust,St Thomas' Hospital,Type 1,662,179,531,131,281,10.3,2,63,189,37,436
788,07/06/2023,June,2,2023,Midlands,University Hospitals Birmingham NHS Foundation Trust,Queen Elizabeth Hospital Birmingham,Type 1,523,167,317,206,257,13.3,8,125,298,40,185
789,07/06/2023,June,2,2023,Yorkshire and Humber,Leeds Teaching Hospitals NHS Trust,Leeds General Infirmary,Type 1,480,158,359,121,302,10.8,10,115,261,58,161
790,07/06/2023,June,2,2023,South East,Oxford University Hospitals NHS Foundation Trust,John Radcliffe Hospital,Type 1,519,95,347,172,250,15.2,7,139,60,43,416
791,08/06/2023,June,2,2023,North West,Liverpool University Hospitals NHS Foundation Trust,Royal Liverpool University Hospital,Type 1,551,193,379,172,260,13,19,181,159,75,317
792,08/06/2023,June,2,2023,London,Guy's and St Thomas' NHS Foundation Trust,St Thomas' Hospital,Type 1,647,145,388,259,217,5.7,17,99,223,56,368
793,08/06/2023,June,2,2023,Midlands,University Hospitals Birmingham NHS Foundation Trust,Queen Elizabeth Hospital Birmingham,Type 1,641,93,478,163,286,7.8,17,130,101,67,473
794,08/06/2023,June,2,2023,Yorkshire and Humber,Leeds Teaching Hospitals NHS Trust,Leeds General Infirmary,Type 1,517,86,362,155,131,14.4,13,90,273,63,181
795,08/06/2023,June,2,2023,South East,Oxford University Hospitals NHS Foundation Trust,John Radcliffe Hospital,Type 1,318,151,254,64,126,14.2,2,114,169,62,87
796,09/06/2023,June,2,2023,North West,Liverpool University Hospitals NHS Foundation Trust,Royal Liverpool University Hospital,Type 1,553,191,478,75,141,11.9,25,57,151,12,390
797,09/06/2023,June,2,2023,London,Guy's and St Thomas' NHS Foundation Trust,St Thomas' Hospital,Type 1,543,190,502,41,144,14,23,97,222,77,244
798,09/06/2023,June,2,2023,Midlands,University Hospitals Birmingham NHS Foundation Trust,Queen Elizabeth Hospital Birmingham,Type 1,253,115,240,13,200,13.2,14,40,224,25,4
799,09/06/2023,June,2,2023,Yorkshire and Humber,Leeds Teaching Hospitals NHS Trust,Leeds General Infirmary,Type 1,295,146,208,87,163,9.8,25,154,269,59,33
800,09/06/2023,June,2,2023,South East,Oxford University Hospitals NHS Foundation Trust,John Radcliffe Hospital,Type 1,350,73,230,120,316,4.3,21,180,129,80,141
801,10/06/2023,June,2,2023,North West,Liverpool University Hospitals NHS Foundation Trust,Royal Liverpool University Hospital,Type 1,450,157,406,44,95,8.5,13,61,244,37,169
802,10/06/2023,June,2,2023,London,Guy's and St Thomas' NHS Foundation Trust,St Thomas' Hospital,Type 1,575,75,410,165,171,11.6,3,121,268,75,232
803,10/06/2023,June,2,2023,Midlands,University Hospitals Birmingham NHS Foundation Trust,Queen Elizabeth Hospital Birmingham,Type 1,322,148,214,108,148,15.9,4,139,116,43,163
804,10/06/2023,June,2,2023,Yorkshire and Humber,Leeds Teaching Hospitals NHS Trust,Leeds General Infirmary,Type 1,261,194,175,86,251,13.8,13,96,121,39,101
805,10/06/2023,June,2,2023,South East,Oxford University Hospitals NHS Foundation Trust,John Radcliffe Hospital,Type 1,635,184,543,92,208,12.1,20,67,128,21,486
806,11/06/2023,June,2,2023,North West,Liverpool University Hospitals NHS Foundation Trust,Royal Liverpool University Hospital,Type 1,671,145,442,229,297,10.7,5,94,163,38,470
807,11/06/2023,June,2,2023,London,Guy's and St Thomas' NHS Foundation Trust,St Thomas' Hospital,Type 1,669,172,668,1,222,4.3,23,203,108,14,547
808,11/06/2023,June,2,2023,Midlands,University Hospitals Birmingham NHS Foundation Trust,Queen Elizabeth Hospital Birmingham,Type 1,277,73,235,42,280,15.5,14,124,222,23,32
809,11/06/2023,June,2,2023,Yorkshire and Humber,Leeds Teaching Hospitals NHS Trust,Leeds General Infirmary,Type 1,579,160,510,69,252,14.3,24,71,135,17,427
810,11/06/2023,June,2,2023,South East,Oxford University Hospitals NHS Foundation Trust,John Radcliffe Hospital,Type 1,276,76,256,20,160,4.2,0,211,178,74,24
811,12/06/2023,June,2,2023,North West,Liverpool University Hospitals NHS Foundation Trust,Royal Liverpool University Hospital,Type 1,338,83,213,125,217,9.3,20,187,272,11,55
812,12/06/2023,June,2,2023,London,Guy's and St Thomas' NHS Foundation Trust,St Thomas' Hospital,Type 1,505,60,444,61,260,11.5,4,169,153,19,333
813,12/06/2023,June,2,2023,Midlands,University Hospitals Birmingham NHS Foundation Trust,Queen Elizabeth Hospital Birmingham,Type 1,418,173,387,31,207,8.1,3,178,64,61,293
814,12/06/2023,June,2,2023,Yorkshire and Humber,Leeds Teaching Hospitals NHS Trust,Leeds General Infirmary,Type 1,360,135,314,46,253,10.8,13,104,265,33,62
815,12/06/2023,June,2,2023,South East,Oxford University Hospitals NHS Foundation Trust,John Radcliffe Hospital,Type 1,545,72,488,57,120,10.8,19,161,102,38,405
816,13/06/2023,June,2,2023,North West,Liverpool University Hospitals NHS Foundation Trust,Royal Liverpool University Hospital,Type 1,441,121,333,108,254,11.4,5,104,288,23,130
817,13/06/2023,June,2,2023,London,Guy's and St Thomas' NHS Foundation Trust,St Thomas' Hospital,Type 1,294,161,197,97,296,7.5,21,72,137,80,77
818,13/06/2023,June,2,2023,Midlands,University Hospitals Birmingham NHS Foundation Trust,Queen Elizabeth Hospital Birmingham,Type 1,355,174,251,104,181,10.9,11,128,297,80,22
819,13/06/2023,June,2,2023,Yorkshire and Humber,Leeds Teaching Hospitals NHS Trust,Leeds General Infirmary,Type 1,353,164,340,13,276,10.3,8,169,138,62,153
820,13/06/2023,June,2,2023,South East,Oxford University Hospitals NHS Foundation Trust,John Radcliffe Hospital,Type 1,625,122,433,192,93,10.3,16,67,266,26,333
821,14/06/2023,June,2,2023,North West,Liverpool University Hospitals NHS Foundation Trust,Royal Liverpool University Hospital,Type 1,461,140,305,156,97,10.6,10,67,86,52,323
822,14/06/2023,June,2,2023,London,Guy's and St Thomas' NHS Foundation Trust,St Thomas' Hospital,Type 1,602,94,421,181,279,8.2,14,109,255,72,275
823,14/06/2023,June,2,2023,Midlands,University Hospitals Birmingham NHS Foundation Trust,Queen Elizabeth Hospital Birmingham,Type 1,406,90,277,129,188,11.3,6,107,143,37,226
824,14/06/2023,June,2,2023,Yorkshire and Humber,Leeds Teaching Hospitals NHS Trust,Leeds General Infirmary,Type 1,525,121,436,89,257,10.1,22,55,75,64,386
825,14/06/2023,June,2,2023,South East,Oxford University Hospitals NHS Foundation Trust,John Radcliffe Hospital,Type 1,567,113,353,214,238,14.6,0,212,180,37,350
826,15/06/2023,June,2,2023,North West,Liverpool University Hospitals NHS Foundation Trust,Royal Liverpool University Hospital,Type 1,370,139,290,80,230,13.7,17,167,72,15,283
827,15/06/2023,June,2,2023,London,Guy's and St Thomas' NHS Foundation Trust,St Thomas' Hospital,Type 1,520,51,377,143,266,10.9,7,112,94,79,347
828,15/06/2023,June,2,2023,Midlands,University Hospitals Birmingham NHS Foundation Trust,Queen Elizabeth Hospital Birmingham,Type 1,425,148,304,121,112,14.8,3,143,85,10,330
829,15/06/2023,June,2,2023,Yorkshire and Humber,Leeds Teaching Hospitals NHS Trust,Leeds General Infirmary,Type 1,421,52,383,38,247,10.8,19,59,94,74,253
830,15/06/2023,June,2,2023,South East,Oxford University Hospitals NHS Foundation Trust,John Radcliffe Hospital,Type 1,280,137,256,24,285,5.5,5,160,251,10,19
831,16/06/2023,June,2,2023,North West,Liverpool University Hospitals NHS Foundation Trust,Royal Liverpool University Hospital,Type 1,595,76,463,132,152,11,9,137,169,47,379
832,16/06/2023,June,2,2023,London,Guy's and St Thomas' NHS Foundation Trust,St Thomas' Hospital,Type 1,390,167,237,153,250,5.3,8,158,182,26,182
833,16/06/2023,June,2,2023,Midlands,University Hospitals Birmingham NHS Foundation Trust,Queen Elizabeth Hospital Birmingham,Type 1,612,78,450,162,113,14,17,157,118,27,467
834,16/06/2023,June,2,2023,Yorkshire and Humber,Leeds Teaching Hospitals NHS Trust,Leeds General Infirmary,Type 1,360,64,244,116,119,6.8,0,48,52,61,247
835,16/06/2023,June,2,2023,South East,Oxford University Hospitals NHS Foundation Trust,John Radcliffe Hospital,Type 1,580,145,355,225,200,11.2,11,112,235,43,302
836,17/06/2023,June,2,2023,North West,Liverpool University Hospitals NHS Foundation Trust,Royal Liverpool University Hospital,Type 1,417,160,352,65,317,11.3,10,125,200,33,184
837,17/06/2023,June,2,2023,London,Guy's and St Thomas' NHS Foundation Trust,St Thomas' Hospital,Type 1,458,100,441,17,195,8,21,78,268,47,143
838,17/06/2023,June,2,2023,Midlands,University Hospitals Birmingham NHS Foundation Trust,Queen Elizabeth Hospital Birmingham,Type 1,438,120,382,56,230,4.9,15,92,91,53,294
839,17/06/2023,June,2,2023,Yorkshire and Humber,Leeds Teaching Hospitals NHS Trust,Leeds General Infirmary,Type 1,664,149,513,151,206,10,3,200,67,38,559
840,17/06/2023,June,2,2023,South East,Oxford University Hospitals NHS Foundation Trust,John Radcliffe Hospital,Type 1,427,100,415,12,247,12.8,15,113,83,56,288
841,18/06/2023,June,2,2023,North West,Liverpool University Hospitals NHS Foundation Trust,Royal Liverpool University Hospital,Type 1,345,188,293,52,281,6.7,7,126,217,21,107
842,18/06/2023,June,2,2023,London,Guy's and St Thomas' NHS Foundation Trust,St Thomas' Hospital,Type 1,289,65,226,63,205,6.8,22,144,163,73,53
843,18/06/2023,June,2,2023,Midlands,University Hospitals Birmingham NHS Foundation Trust,Queen Elizabeth Hospital Birmingham,Type 1,534,151,519,15,91,5.8,9,187,227,32,275
844,18/06/2023,June,2,2023,Yorkshire and Humber,Leeds Teaching Hospitals NHS Trust,Leeds General Infirmary,Type 1,641,103,601,40,245,13.4,23,80,261,63,317
845,18/06/2023,June,2,2023,South East,Oxford University Hospitals NHS Foundation Trust,John Radcliffe Hospital,Type 1,331,124,248,83,94,13.6,21,169,114,61,156
846,19/06/2023,June,2,2023,North West,Liverpool University Hospitals NHS Foundation Trust,Royal Liverpool University Hospital,Type 1,616,163,528,88,220,4.3,23,174,98,63,455
847,19/06/2023,June,2,2023,London,Guy's and St Thomas' NHS Foundation Trust,St Thomas' Hospital,Type 1,262,140,181,81,185,11.3,9,168,143,35,84
848,19/06/2023,June,2,2023,Midlands,University Hospitals Birmingham NHS Foundation Trust,Queen Elizabeth Hospital Birmingham,Type 1,700,175,681,19,243,7,14,83,216,44,440
849,19/06/2023,June,2,2023,Yorkshire and Humber,Leeds Teaching Hospitals NHS Trust,Leeds General Infirmary,Type 1,386,172,260,126,273,13.6,19,209,261,49,76
850,19/06/2023,June,2,2023,South East,Oxford University Hospitals NHS Foundation Trust,John Radcliffe Hospital,Type 1,271,185,219,52,297,5,18,98,108,72,91
851,20/06/2023,June,2,2023,North West,Liverpool University Hospitals NHS Foundation Trust,Royal Liverpool University Hospital,Type 1,361,112,240,121,138,11.9,12,92,122,14,225
852,20/06/2023,June,2,2023,London,Guy's and St Thomas' NHS Foundation Trust,St Thomas' Hospital,Type 1,597,119,389,208,199,15.3,2,95,277,22,298
853,20/06/2023,June,2,2023,Midlands,University Hospitals Birmingham NHS Foundation Trust,Queen Elizabeth Hospital Birmingham,Type 1,280,108,203,77,168,8.6,5,184,212,17,51
854,20/06/2023,June,2,2023,Yorkshire and Humber,Leeds Teaching Hospitals NHS Trust,Leeds General Infirmary,Type 1,421,193,294,127,288,15.7,22,109,77,78,266
855,20/06/2023,June,2,2023,South East,Oxford University Hospitals NHS Foundation Trust,John Radcliffe Hospital,Type 1,428,128,270,158,127,10.7,2,114,244,63,121
856,21/06/2023,June,2,2023,North West,Liverpool University Hospitals NHS Foundation Trust,Royal Liverpool University Hospital,Type 1,473,184,319,154,130,10.6,20,145,275,79,119
857,21/06/2023,June,2,2023,London,Guy's and St Thomas' NHS Foundation Trust,St Thomas' Hospital,Type 1,401,61,301,100,179,14.4,19,220,180,21,200
858,21/06/2023,June,2,2023,Midlands,University Hospitals Birmingham NHS Foundation Trust,Queen Elizabeth Hospital Birmingham,Type 1,468,82,352,116,317,4.4,5,202,74,23,371
859,21/06/2023,June,2,2023,Yorkshire and Humber,Leeds Teaching Hospitals NHS Trust,Leeds General Infirmary,Type 1,515,124,391,124,149,15.9,8,180,75,61,379
860,21/06/2023,June,2,2023,South East,Oxford University Hospitals NHS Foundation Trust,John Radcliffe Hospital,Type 1,266,130,196,70,320,4.8,12,179,283,20,37
861,22/06/2023,June,2,2023,North West,Liverpool University Hospitals NHS Foundation Trust,Royal Liverpool University Hospital,Type 1,488,188,463,25,254,14.6,0,82,65,61,362
862,22/06/2023,June,2,2023,London,Guy's and St Thomas' NHS Foundation Trust,St Thomas' Hospital,Type 1,635,97,489,146,104,11.9,0,200,262,53,320
863,22/06/2023,June,2,2023,Midlands,University Hospitals Birmingham NHS Foundation Trust,Queen Elizabeth Hospital Birmingham,Type 1,663,125,498,165,248,5.4,4,158,280,21,362
864,22/06/2023,June,2,2023,Yorkshire and Humber,Leeds Teaching Hospitals NHS Trust,Leeds General Infirmary,Type 1,613,134,607,6,309,5.5,20,109,174,42,397
865,22/06/2023,June,2,2023,South East,Oxford University Hospitals NHS Foundation Trust,John Radcliffe Hospital,Type 1,467,127,367,100,201,8.2,0,98,101,72,294
866,23/06/2023,June,2,2023,North West,Liverpool University Hospitals NHS Foundation Trust,Royal Liverpool University Hospital,Type 1,253,134,201,52,201,12.1,0,145,171,44,38
867,23/06/2023,June,2,2023,London,Guy's and St Thomas' NHS Foundation Trust,St Thomas' Hospital,Type 1,345,126,260,85,306,5.4,1,183,208,76,61
868,23/06/2023,June,2,2023,Midlands,University Hospitals Birmingham NHS Foundation Trust,Queen Elizabeth Hospital Birmingham,Type 1,286,154,282,4,308,10.8,22,176,250,39,3
869,23/06/2023,June,2,2023,Yorkshire and Humber,Leeds Teaching Hospitals NHS Trust,Leeds General Infirmary,Type 1,260,88,168,92,242,4.9,8,77,279,78,97
870,23/06/2023,June,2,2023,South East,Oxford University Hospitals NHS Foundation Trust,John Radcliffe Hospital,Type 1,410,79,373,37,310,15.8,0,47,216,71,123
871,24/06/2023,June,2,2023,North West,Liverpool University Hospitals NHS Foundation Trust,Royal Liverpool University Hospital,Type 1,438,128,300,138,113,5.2,2,205,229,24,185
872,24/06/2023,June,2,2023,London,Guy's and St Thomas' NHS Foundation Trust,St Thomas' Hospital,Type 1,534,179,458,76,284,6.6,2,208,176,60,298
873,24/06/2023,June,2,2023,Midlands,University Hospitals Birmingham NHS Foundation Trust,Queen Elizabeth Hospital Birmingham,Type 1,483,157,439,44,219,12.1,4,201,124,45,314
874,24/06/2023,June,2,2023,Yorkshire and Humber,Leeds Teaching Hospitals NHS Trust,Leeds General Infirmary,Type 1,513,76,392,121,313,11.8,3,173,135,47,331
875,24/06/2023,June,2,2023,South East,Oxford University Hospitals NHS Foundation Trust,John Radcliffe Hospital,Type 1,591,177,562,29,239,14.5,14,138,62,36,493
876,25/06/2023,June,2,2023,North West,Liverpool University Hospitals NHS Foundation Trust,Royal Liverpool University Hospital,Type 1,471,172,459,12,108,12.2,23,156,298,52,121
877,25/06/2023,June,2,2023,London,Guy's and St Thomas' NHS Foundation Trust,St Thomas' Hospital,Type 1,294,108,238,56,138,11.9,7,48,77,25,192
878,25/06/2023,June,2,2023,Midlands,University Hospitals Birmingham NHS Foundation Trust,Queen Elizabeth Hospital Birmingham,Type 1,436,156,285,151,275,4.5,13,130,232,16,188
879,25/06/2023,June,2,2023,Yorkshire and Humber,Leeds Teaching Hospitals NHS Trust,Leeds General Infirmary,Type 1,647,133,452,195,181,5.1,24,123,107,41,499
880,25/06/2023,June,2,2023,South East,Oxford University Hospitals NHS Foundation Trust,John Radcliffe Hospital,Type 1,454,85,297,157,187,7.5,25,198,193,61,200
881,26/06/2023,June,2,2023,North West,Liverpool University Hospitals NHS Foundation Trust,Royal Liverpool University Hospital,Type 1,638,54,435,203,317,14.9,6,87,250,14,374
882,26/06/2023,June,2,2023,London,Guy's and St Thomas' NHS Foundation Trust,St Thomas' Hospital,Type 1,674,75,636,38,111,4.2,15,73,105,80,489
883,26/06/2023,June,2,2023,Midlands,University Hospitals Birmingham NHS Foundation Trust,Queen Elizabeth Hospital Birmingham,Type 1,310,192,251,59,94,14.5,7,60,258,69,17
884,26/06/2023,June,2,2023,Yorkshire and Humber,Leeds Teaching Hospitals NHS Trust,Leeds General Infirmary,Type 1,471,136,360,111,184,10.1,14,161,226,26,219
885,26/06/2023,June,2,2023,South East,Oxford University Hospitals NHS Foundation Trust,John Radcliffe Hospital,Type 1,575,92,532,43,216,5.7,4,147,187,32,356
886,27/06/2023,June,2,2023,North West,Liverpool University Hospitals NHS Foundation Trust,Royal Liverpool University Hospital,Type 1,646,96,511,135,182,12.6,17,205,298,74,274
887,27/06/2023,June,2,2023,London,Guy's and St Thomas' NHS Foundation Trust,St Thomas' Hospital,Type 1,373,73,367,6,226,14.4,13,198,282,48,43
888,27/06/2023,June,2,2023,Midlands,University Hospitals Birmingham NHS Foundation Trust,Queen Elizabeth Hospital Birmingham,Type 1,403,67,368,35,190,8.6,23,61,77,54,272
889,27/06/2023,June,2,2023,Yorkshire and Humber,Leeds Teaching Hospitals NHS Trust,Leeds General Infirmary,Type 1,595,167,571,24,159,15.4,13,107,249,32,314
890,27/06/2023,June,2,2023,South East,Oxford University Hospitals NHS Foundation Trust,John Radcliffe Hospital,Type 1,334,185,267,67,247,9.6,25,169,225,22,87
891,28/06/2023,June,2,2023,North West,Liverpool University Hospitals NHS Foundation Trust,Royal Liverpool University Hospital,Type 1,570,168,342,228,116,6.7,25,220,218,44,308
892,28/06/2023,June,2,2023,London,Guy's and St Thomas' NHS Foundation Trust,St Thomas' Hospital,Type 1,334,121,261,73,126,5.4,17,132,178,32,124
893,28/06/2023,June,2,2023,Midlands,University Hospitals Birmingham NHS Foundation Trust,Queen Elizabeth Hospital Birmingham,Type 1,483,155,407,76,285,6.6,4,216,165,53,265
894,28/06/2023,June,2,2023,Yorkshire and Humber,Leeds Teaching Hospitals NHS Trust,Leeds General Infirmary,Type 1,393,94,250,143,142,8,20,201,101,38,254
895,28/06/2023,June,2,2023,South East,Oxford University Hospitals NHS Foundation Trust,John Radcliffe Hospital,Type 1,514,183,415,99,280,5,2,44,85,51,378
896,29/06/2023,June,2,2023,North West,Liverpool University Hospitals NHS Foundation Trust,Royal Liverpool University Hospital,Type 1,287,157,259,28,92,10.8,6,61,270,80,63
897,29/06/2023,June,2,2023,London,Guy's and St Thomas' NHS Foundation Trust,St Thomas' Hospital,Type 1,671,84,530,141,151,15.8,10,61,272,38,361
898,29/06/2023,June,2,2023,Midlands,University Hospitals Birmingham NHS Foundation Trust,Queen Elizabeth Hospital Birmingham,Type 1,281,63,172,109,184,6,22,54,72,15,194
899,29/06/2023,June,2,2023,Yorkshire and Humber,Leeds Teaching Hospitals NHS Trust,Leeds General Infirmary,Type 1,283,67,185,98,172,14,16,181,129,10,144
900,29/06/2023,June,2,2023,South East,Oxford University Hospitals NHS Foundation Trust,John Radcliffe Hospital,Type 1,390,175,280,110,180,11.6,5,211,68,72,250
901,30/06/2023,June,2,2023,North West,Liverpool University Hospitals NHS Foundation Trust,Royal Liverpool University Hospital,Type 1,383,148,335,48,170,6.7,9,168,192,33,158
902,30/06/2023,June,2,2023,London,Guy's and St Thomas' NHS Foundation Trust,St Thomas' Hospital,Type 1,696,170,639,57,91,14.2,14,72,223,66,407
903,30/06/2023,June,2,2023,Midlands,University Hospitals Birmingham NHS Foundation Trust,Queen Elizabeth Hospital Birmingham,Type 1,671,83,576,95,138,7.1,3,190,120,44,507
904,30/06/2023,June,2,2023,Yorkshire and Humber,Leeds Teaching Hospitals NHS Trust,Leeds General Infirmary,Type 1,601,140,509,92,272,4.9,7,137,288,69,244
905,30/06/2023,June,2,2023,South East,Oxford University Hospitals NHS Foundation Trust,John Radcliffe Hospital,Type 1,684,98,476,208,211,4.4,14,166,206,78,400
906,01/07/2023,July,3,2023,North West,Liverpool University Hospitals NHS Foundation Trust,Royal Liverpool University Hospital,Type 1,432,161,278,154,102,4.7,16,157,288,28,116
907,01/07/2023,July,3,2023,London,Guy's and St Thomas' NHS Foundation Trust,St Thomas' Hospital,Type 1,322,199,226,96,187,10.6,8,156,111,61,150
908,01/07/2023,July,3,2023,Midlands,University Hospitals Birmingham NHS Foundation Trust,Queen Elizabeth Hospital Birmingham,Type 1,645,96,572,73,132,9.8,2,146,72,74,499
909,01/07/2023,July,3,2023,Yorkshire and Humber,Leeds Teaching Hospitals NHS Trust,Leeds General Infirmary,Type 1,593,74,589,4,178,10.6,18,187,90,41,462
910,01/07/2023,July,3,2023,South East,Oxford University Hospitals NHS Foundation Trust,John Radcliffe Hospital,Type 1,572,91,485,87,108,13.1,12,59,141,24,407
911,02/07/2023,July,3,2023,North West,Liverpool University Hospitals NHS Foundation Trust,Royal Liverpool University Hospital,Type 1,577,56,438,139,106,12.9,22,182,299,38,240
912,02/07/2023,July,3,2023,London,Guy's and St Thomas' NHS Foundation Trust,St Thomas' Hospital,Type 1,666,159,526,140,235,4.7,2,49,216,26,424
913,02/07/2023,July,3,2023,Midlands,University Hospitals Birmingham NHS Foundation Trust,Queen Elizabeth Hospital Birmingham,Type 1,667,131,507,160,234,7.4,1,107,51,62,554
914,02/07/2023,July,3,2023,Yorkshire and Humber,Leeds Teaching Hospitals NHS Trust,Leeds General Infirmary,Type 1,545,93,523,22,316,12.8,21,52,135,19,391
915,02/07/2023,July,3,2023,South East,Oxford University Hospitals NHS Foundation Trust,John Radcliffe Hospital,Type 1,657,196,587,70,320,14.5,6,56,289,72,296
916,03/07/2023,July,3,2023,North West,Liverpool University Hospitals NHS Foundation Trust,Royal Liverpool University Hospital,Type 1,535,191,495,40,272,8.6,22,47,92,13,430
917,03/07/2023,July,3,2023,London,Guy's and St Thomas' NHS Foundation Trust,St Thomas' Hospital,Type 1,572,187,529,43,219,13.3,14,210,87,80,405
918,03/07/2023,July,3,2023,Midlands,University Hospitals Birmingham NHS Foundation Trust,Queen Elizabeth Hospital Birmingham,Type 1,655,100,628,27,263,8,3,172,184,60,411
919,03/07/2023,July,3,2023,Yorkshire and Humber,Leeds Teaching Hospitals NHS Trust,Leeds General Infirmary,Type 1,557,88,412,145,213,6.8,2,130,211,24,322
920,03/07/2023,July,3,2023,South East,Oxford University Hospitals NHS Foundation Trust,John Radcliffe Hospital,Type 1,495,100,309,186,320,5.1,24,148,169,27,299
921,04/07/2023,July,3,2023,North West,Liverpool University Hospitals NHS Foundation Trust,Royal Liverpool University Hospital,Type 1,376,142,358,18,120,7.2,14,117,79,12,285
922,04/07/2023,July,3,2023,London,Guy's and St Thomas' NHS Foundation Trust,St Thomas' Hospital,Type 1,405,56,249,156,159,9.1,2,164,296,42,67
923,04/07/2023,July,3,2023,Midlands,University Hospitals Birmingham NHS Foundation Trust,Queen Elizabeth Hospital Birmingham,Type 1,601,152,372,229,155,8.1,20,145,76,17,508
924,04/07/2023,July,3,2023,Yorkshire and Humber,Leeds Teaching Hospitals NHS Trust,Leeds General Infirmary,Type 1,326,120,308,18,93,13,6,132,144,68,114
925,04/07/2023,July,3,2023,South East,Oxford University Hospitals NHS Foundation Trust,John Radcliffe Hospital,Type 1,671,134,604,67,290,11.3,3,133,63,79,529
926,05/07/2023,July,3,2023,North West,Liverpool University Hospitals NHS Foundation Trust,Royal Liverpool University Hospital,Type 1,460,183,387,73,290,10.1,5,151,126,10,324
927,05/07/2023,July,3,2023,London,Guy's and St Thomas' NHS Foundation Trust,St Thomas' Hospital,Type 1,657,82,412,245,195,9.1,5,200,104,29,524
928,05/07/2023,July,3,2023,Midlands,University Hospitals Birmingham NHS Foundation Trust,Queen Elizabeth Hospital Birmingham,Type 1,638,162,460,178,201,14,11,138,134,43,461
929,05/07/2023,July,3,2023,Yorkshire and Humber,Leeds Teaching Hospitals NHS Trust,Leeds General Infirmary,Type 1,262,149,243,19,171,4.4,7,204,275,33,46
930,05/07/2023,July,3,2023,South East,Oxford University Hospitals NHS Foundation Trust,John Radcliffe Hospital,Type 1,695,103,562,133,155,7.2,1,176,208,51,436
931,06/07/2023,July,3,2023,North West,Liverpool University Hospitals NHS Foundation Trust,Royal Liverpool University Hospital,Type 1,420,59,331,89,295,7.1,22,134,99,25,296
932,06/07/2023,July,3,2023,London,Guy's and St Thomas' NHS Foundation Trust,St Thomas' Hospital,Type 1,254,96,183,71,252,8,3,98,292,27,65
933,06/07/2023,July,3,2023,Midlands,University Hospitals Birmingham NHS Foundation Trust,Queen Elizabeth Hospital Birmingham,Type 1,544,195,341,203,274,8.4,23,115,220,52,272
934,06/07/2023,July,3,2023,Yorkshire and Humber,Leeds Teaching Hospitals NHS Trust,Leeds General Infirmary,Type 1,266,150,261,5,226,8.7,15,159,201,70,5
935,06/07/2023,July,3,2023,South East,Oxford University Hospitals NHS Foundation Trust,John Radcliffe Hospital,Type 1,466,71,284,182,281,6.2,20,71,259,26,181
936,07/07/2023,July,3,2023,North West,Liverpool University Hospitals NHS Foundation Trust,Royal Liverpool University Hospital,Type 1,415,167,330,85,253,10.8,22,56,257,16,142
937,07/07/2023,July,3,2023,London,Guy's and St Thomas' NHS Foundation Trust,St Thomas' Hospital,Type 1,647,198,634,13,165,10.6,11,117,247,34,366
938,07/07/2023,July,3,2023,Midlands,University Hospitals Birmingham NHS Foundation Trust,Queen Elizabeth Hospital Birmingham,Type 1,287,129,182,105,255,12.9,12,125,132,46,109
939,07/07/2023,July,3,2023,Yorkshire and Humber,Leeds Teaching Hospitals NHS Trust,Leeds General Infirmary,Type 1,630,150,503,127,191,12.9,13,149,248,21,361
940,07/07/2023,July,3,2023,South East,Oxford University Hospitals NHS Foundation Trust,John Radcliffe Hospital,Type 1,370,145,367,3,268,15.1,23,108,207,28,135
941,08/07/2023,July,3,2023,North West,Liverpool University Hospitals NHS Foundation Trust,Royal Liverpool University Hospital,Type 1,647,121,473,174,177,13.6,7,105,262,60,325
942,08/07/2023,July,3,2023,London,Guy's and St Thomas' NHS Foundation Trust,St Thomas' Hospital,Type 1,284,144,256,28,298,12.4,25,189,111,56,117
943,08/07/2023,July,3,2023,Midlands,University Hospitals Birmingham NHS Foundation Trust,Queen Elizabeth Hospital Birmingham,Type 1,466,189,419,47,234,5.4,22,97,141,73,252
944,08/07/2023,July,3,2023,Yorkshire and Humber,Leeds Teaching Hospitals NHS Trust,Leeds General Infirmary,Type 1,467,156,280,187,202,8.7,7,118,131,60,276
945,08/07/2023,July,3,2023,South East,Oxford University Hospitals NHS Foundation Trust,John Radcliffe Hospital,Type 1,588,183,417,171,152,7.4,8,181,152,32,404
946,09/07/2023,July,3,2023,North West,Liverpool University Hospitals NHS Foundation Trust,Royal Liverpool University Hospital,Type 1,484,158,444,40,258,6,8,82,106,78,300
947,09/07/2023,July,3,2023,London,Guy's and St Thomas' NHS Foundation Trust,St Thomas' Hospital,Type 1,681,146,614,67,260,8.7,22,220,188,15,478
948,09/07/2023,July,3,2023,Midlands,University Hospitals Birmingham NHS Foundation Trust,Queen Elizabeth Hospital Birmingham,Type 1,258,192,207,51,233,7.5,14,186,251,60,53
949,09/07/2023,July,3,2023,Yorkshire and Humber,Leeds Teaching Hospitals NHS Trust,Leeds General Infirmary,Type 1,508,92,443,65,134,7.9,13,110,290,61,157
950,09/07/2023,July,3,2023,South East,Oxford University Hospitals NHS Foundation Trust,John Radcliffe Hospital,Type 1,603,191,440,163,128,11.6,9,205,115,11,477
951,10/07/2023,July,3,2023,North West,Liverpool University Hospitals NHS Foundation Trust,Royal Liverpool University Hospital,Type 1,310,186,214,96,304,7.7,25,191,199,61,50
952,10/07/2023,July,3,2023,London,Guy's and St Thomas' NHS Foundation Trust,St Thomas' Hospital,Type 1,442,86,436,6,238,9.5,25,108,208,34,200
953,10/07/2023,July,3,2023,Midlands,University Hospitals Birmingham NHS Foundation Trust,Queen Elizabeth Hospital Birmingham,Type 1,548,62,517,31,301,7.7,2,62,227,55,266
954,10/07/2023,July,3,2023,Yorkshire and Humber,Leeds Teaching Hospitals NHS Trust,Leeds General Infirmary,Type 1,454,75,297,157,244,13.9,15,154,115,63,276
955,10/07/2023,July,3,2023,South East,Oxford University Hospitals NHS Foundation Trust,John Radcliffe Hospital,Type 1,414,196,342,72,237,15.8,23,216,273,30,111
956,11/07/2023,July,3,2023,North West,Liverpool University Hospitals NHS Foundation Trust,Royal Liverpool University Hospital,Type 1,639,61,419,220,233,9.4,25,144,126,28,485
957,11/07/2023,July,3,2023,London,Guy's and St Thomas' NHS Foundation Trust,St Thomas' Hospital,Type 1,696,91,641,55,287,11.9,18,214,94,43,559
958,11/07/2023,July,3,2023,Midlands,University Hospitals Birmingham NHS Foundation Trust,Queen Elizabeth Hospital Birmingham,Type 1,631,156,476,155,149,14.1,9,128,61,16,554
959,11/07/2023,July,3,2023,Yorkshire and Humber,Leeds Teaching Hospitals NHS Trust,Leeds General Infirmary,Type 1,612,198,423,189,187,14.7,9,83,58,78,476
960,11/07/2023,July,3,2023,South East,Oxford University Hospitals NHS Foundation Trust,John Radcliffe Hospital,Type 1,378,123,378,0,166,13.2,15,83,190,34,154
961,12/07/2023,July,3,2023,North West,Liverpool University Hospitals NHS Foundation Trust,Royal Liverpool University Hospital,Type 1,489,64,487,2,153,4.6,15,163,94,33,362
962,12/07/2023,July,3,2023,London,Guy's and St Thomas' NHS Foundation Trust,St Thomas' Hospital,Type 1,654,55,572,82,198,7.4,14,57,159,73,422
963,12/07/2023,July,3,2023,Midlands,University Hospitals Birmingham NHS Foundation Trust,Queen Elizabeth Hospital Birmingham,Type 1,571,51,356,215,263,5.3,23,41,162,73,336
964,12/07/2023,July,3,2023,Yorkshire and Humber,Leeds Teaching Hospitals NHS Trust,Leeds General Infirmary,Type 1,427,101,349,78,188,14.2,20,99,205,67,155
965,12/07/2023,July,3,2023,South East,Oxford University Hospitals NHS Foundation Trust,John Radcliffe Hospital,Type 1,439,153,305,134,169,7.7,7,205,244,59,136
966,13/07/2023,July,3,2023,North West,Liverpool University Hospitals NHS Foundation Trust,Royal Liverpool University Hospital,Type 1,335,173,334,1,188,15.5,11,139,62,26,247
967,13/07/2023,July,3,2023,London,Guy's and St Thomas' NHS Foundation Trust,St Thomas' Hospital,Type 1,547,142,528,19,144,6.4,16,191,66,30,451
968,13/07/2023,July,3,2023,Midlands,University Hospitals Birmingham NHS Foundation Trust,Queen Elizabeth Hospital Birmingham,Type 1,482,113,376,106,121,14.2,12,219,229,30,223
969,13/07/2023,July,3,2023,Yorkshire and Humber,Leeds Teaching Hospitals NHS Trust,Leeds General Infirmary,Type 1,572,160,557,15,101,4.2,18,50,116,30,426
970,13/07/2023,July,3,2023,South East,Oxford University Hospitals NHS Foundation Trust,John Radcliffe Hospital,Type 1,638,88,454,184,318,13.6,19,144,116,79,443
971,14/07/2023,July,3,2023,North West,Liverpool University Hospitals NHS Foundation Trust,Royal Liverpool University Hospital,Type 1,621,62,538,83,231,15.3,16,204,124,59,438
972,14/07/2023,July,3,2023,London,Guy's and St Thomas' NHS Foundation Trust,St Thomas' Hospital,Type 1,601,173,513,88,252,7.8,13,195,234,65,302
973,14/07/2023,July,3,2023,Midlands,University Hospitals Birmingham NHS Foundation Trust,Queen Elizabeth Hospital Birmingham,Type 1,335,193,320,15,214,14.6,9,144,87,34,214
974,14/07/2023,July,3,2023,Yorkshire and Humber,Leeds Teaching Hospitals NHS Trust,Leeds General Infirmary,Type 1,278,168,237,41,149,13.8,11,220,239,21,18
975,14/07/2023,July,3,2023,South East,Oxford University Hospitals NHS Foundation Trust,John Radcliffe Hospital,Type 1,453,194,357,96,213,11.7,8,52,203,56,194
976,15/07/2023,July,3,2023,North West,Liverpool University Hospitals NHS Foundation Trust,Royal Liverpool University Hospital,Type 1,625,199,512,113,161,14.8,12,203,282,19,324
977,15/07/2023,July,3,2023,London,Guy's and St Thomas' NHS Foundation Trust,St Thomas' Hospital,Type 1,479,170,294,185,224,14,2,162,92,56,331
978,15/07/2023,July,3,2023,Midlands,University Hospitals Birmingham NHS Foundation Trust,Queen Elizabeth Hospital Birmingham,Type 1,278,174,181,97,147,4.3,1,127,67,71,140
979,15/07/2023,July,3,2023,Yorkshire and Humber,Leeds Teaching Hospitals NHS Trust,Leeds General Infirmary,Type 1,277,113,275,2,232,4.5,16,134,149,78,50
980,15/07/2023,July,3,2023,South East,Oxford University Hospitals NHS Foundation Trust,John Radcliffe Hospital,Type 1,300,65,260,40,138,10.3,12,96,250,60,10
981,16/07/2023,July,3,2023,North West,Liverpool University Hospitals NHS Foundation Trust,Royal Liverpool University Hospital,Type 1,571,140,465,106,201,14.3,16,178,196,34,341
982,16/07/2023,July,3,2023,London,Guy's and St Thomas' NHS Foundation Trust,St Thomas' Hospital,Type 1,672,114,470,202,144,8.5,16,62,263,59,350
983,16/07/2023,July,3,2023,Midlands,University Hospitals Birmingham NHS Foundation Trust,Queen Elizabeth Hospital Birmingham,Type 1,338,118,324,14,143,15.6,16,217,190,26,122
984,16/07/2023,July,3,2023,Yorkshire and Humber,Leeds Teaching Hospitals NHS Trust,Leeds General Infirmary,Type 1,609,57,550,59,267,6,2,160,297,72,240
985,16/07/2023,July,3,2023,South East,Oxford University Hospitals NHS Foundation Trust,John Radcliffe Hospital,Type 1,365,143,264,101,288,11.5,5,143,206,20,139
986,17/07/2023,July,3,2023,North West,Liverpool University Hospitals NHS Foundation Trust,Royal Liverpool University Hospital,Type 1,684,135,605,79,285,4.4,14,217,245,79,360
987,17/07/2023,July,3,2023,London,Guy's and St Thomas' NHS Foundation Trust,St Thomas' Hospital,Type 1,672,172,417,255,165,4.3,13,88,251,38,383
988,17/07/2023,July,3,2023,Midlands,University Hospitals Birmingham NHS Foundation Trust,Queen Elizabeth Hospital Birmingham,Type 1,642,176,496,146,182,11.1,22,147,77,63,502
989,17/07/2023,July,3,2023,Yorkshire and Humber,Leeds Teaching Hospitals NHS Trust,Leeds General Infirmary,Type 1,285,86,230,55,283,8.3,23,63,268,33,16
990,17/07/2023,July,3,2023,South East,Oxford University Hospitals NHS Foundation Trust,John Radcliffe Hospital,Type 1,363,164,305,58,187,9,20,117,192,64,107
991,18/07/2023,July,3,2023,North West,Liverpool University Hospitals NHS Foundation Trust,Royal Liverpool University Hospital,Type 1,556,143,338,218,233,9,22,48,180,79,297
992,18/07/2023,July,3,2023,London,Guy's and St Thomas' NHS Foundation Trust,St Thomas' Hospital,Type 1,507,183,457,50,169,8.1,15,107,78,69,360
993,18/07/2023,July,3,2023,Midlands,University Hospitals Birmingham NHS Foundation Trust,Queen Elizabeth Hospital Birmingham,Type 1,364,133,332,32,298,13.9,4,162,151,27,186
994,18/07/2023,July,3,2023,Yorkshire and Humber,Leeds Teaching Hospitals NHS Trust,Leeds General Infirmary,Type 1,612,145,611,1,135,5.7,2,63,100,75,437
995,18/07/2023,July,3,2023,South East,Oxford University Hospitals NHS Foundation Trust,John Radcliffe Hospital,Type 1,461,182,329,132,275,4.8,8,166,95,64,302
996,19/07/2023,July,3,2023,North West,Liverpool University Hospitals NHS Foundation Trust,Royal Liverpool University Hospital,Type 1,616,191,484,132,102,6.1,11,101,187,41,388
997,19/07/2023,July,3,2023,London,Guy's and St Thomas' NHS Foundation Trust,St Thomas' Hospital,Type 1,480,157,348,132,191,5.8,9,109,266,56,158
998,19/07/2023,July,3,2023,Midlands,University Hospitals Birmingham NHS Foundation Trust,Queen Elizabeth Hospital Birmingham,Type 1,253,99,199,54,232,4.1,7,164,276,22,45
999,19/07/2023,July,3,2023,Yorkshire and Humber,Leeds Teaching Hospitals NHS Trust,Leeds General Infirmary,Type 1,434,94,402,32,311,14.2,2,150,108,50,276
1000,19/07/2023,July,3,2023,South East,Oxford University Hospitals NHS Foundation Trust,John Radcliffe Hospital,Type 1,513,157,478,35,161,15.7,2,51,109,72,332
1001,20/07/2023,July,3,2023,North West,Liverpool University Hospitals NHS Foundation Trust,Royal Liverpool University Hospital,Type 1,554,175,411,143,306,4,16,126,207,24,323
1002,20/07/2023,July,3,2023,London,Guy's and St Thomas' NHS Foundation Trust,St Thomas' Hospital,Type 1,594,133,551,43,221,12.2,20,76,283,31,280
1003,20/07/2023,July,3,2023,Midlands,University Hospitals Birmingham NHS Foundation Trust,Queen Elizabeth Hospital Birmingham,Type 1,504,93,502,2,159,15.3,3,43,280,46,178
1004,20/07/2023,July,3,2023,Yorkshire and Humber,Leeds Teaching Hospitals NHS Trust,Leeds General Infirmary,Type 1,535,106,338,197,254,11.3,17,217,107,17,411
1005,20/07/2023,July,3,2023,South East,Oxford University Hospitals NHS Foundation Trust,John Radcliffe Hospital,Type 1,363,113,293,70,247,15,11,41,289,36,38
1006,21/07/2023,July,3,2023,North West,Liverpool University Hospitals NHS Foundation Trust,Royal Liverpool University Hospital,Type 1,333,185,214,119,184,14.3,18,216,277,43,13
1007,21/07/2023,July,3,2023,London,Guy's and St Thomas' NHS Foundation Trust,St Thomas' Hospital,Type 1,365,186,224,141,232,8.5,21,168,159,70,136
1008,21/07/2023,July,3,2023,Midlands,University Hospitals Birmingham NHS Foundation Trust,Queen Elizabeth Hospital Birmingham,Type 1,313,185,221,92,194,15.8,4,111,61,41,211
1009,21/07/2023,July,3,2023,Yorkshire and Humber,Leeds Teaching Hospitals NHS Trust,Leeds General Infirmary,Type 1,562,155,433,129,274,11.2,20,159,102,58,402
1010,21/07/2023,July,3,2023,South East,Oxford University Hospitals NHS Foundation Trust,John Radcliffe Hospital,Type 1,516,186,347,169,189,4.6,23,154,131,29,356
1011,22/07/2023,July,3,2023,North West,Liverpool University Hospitals NHS Foundation Trust,Royal Liverpool University Hospital,Type 1,479,68,463,16,116,14.4,21,115,277,35,167
1012,22/07/2023,July,3,2023,London,Guy's and St Thomas' NHS Foundation Trust,St Thomas' Hospital,Type 1,605,195,394,211,162,12.7,22,60,78,39,488
1013,22/07/2023,July,3,2023,Midlands,University Hospitals Birmingham NHS Foundation Trust,Queen Elizabeth Hospital Birmingham,Type 1,519,72,413,106,306,4.6,7,192,117,51,351
1014,22/07/2023,July,3,2023,Yorkshire and Humber,Leeds Teaching Hospitals NHS Trust,Leeds General Infirmary,Type 1,468,93,395,73,98,13.4,0,200,144,70,254
1015,22/07/2023,July,3,2023,South East,Oxford University Hospitals NHS Foundation Trust,John Radcliffe Hospital,Type 1,364,97,355,9,269,14.3,4,197,168,75,121
1016,23/07/2023,July,3,2023,North West,Liverpool University Hospitals NHS Foundation Trust,Royal Liverpool University Hospital,Type 1,588,171,463,125,189,7.5,13,100,74,53,461
1017,23/07/2023,July,3,2023,London,Guy's and St Thomas' NHS Foundation Trust,St Thomas' Hospital,Type 1,383,69,260,123,121,8.5,4,80,160,35,188
1018,23/07/2023,July,3,2023,Midlands,University Hospitals Birmingham NHS Foundation Trust,Queen Elizabeth Hospital Birmingham,Type 1,319,65,305,14,191,4.7,15,177,288,60,29
1019,23/07/2023,July,3,2023,Yorkshire and Humber,Leeds Teaching Hospitals NHS Trust,Leeds General Infirmary,Type 1,526,140,519,7,272,12.1,1,143,122,80,324
1020,23/07/2023,July,3,2023,South East,Oxford University Hospitals NHS Foundation Trust,John Radcliffe Hospital,Type 1,276,87,260,16,307,12,8,139,158,43,75
1021,24/07/2023,July,3,2023,North West,Liverpool University Hospitals NHS Foundation Trust,Royal Liverpool University Hospital,Type 1,257,113,208,49,261,10.2,24,61,161,41,55
1022,24/07/2023,July,3,2023,London,Guy's and St Thomas' NHS Foundation Trust,St Thomas' Hospital,Type 1,263,99,219,44,174,13.4,13,146,84,74,105
1023,24/07/2023,July,3,2023,Midlands,University Hospitals Birmingham NHS Foundation Trust,Queen Elizabeth Hospital Birmingham,Type 1,594,137,409,185,151,11.4,3,215,209,32,353
1024,24/07/2023,July,3,2023,Yorkshire and Humber,Leeds Teaching Hospitals NHS Trust,Leeds General Infirmary,Type 1,427,53,260,167,230,10.5,11,138,109,13,305
1025,24/07/2023,July,3,2023,South East,Oxford University Hospitals NHS Foundation Trust,John Radcliffe Hospital,Type 1,562,146,375,187,115,7.6,9,220,58,14,490
1026,25/07/2023,July,3,2023,North West,Liverpool University Hospitals NHS Foundation Trust,Royal Liverpool University Hospital,Type 1,348,184,343,5,222,15.3,1,197,56,57,235
1027,25/07/2023,July,3,2023,London,Guy's and St Thomas' NHS Foundation Trust,St Thomas' Hospital,Type 1,505,55,317,188,181,9.7,4,190,58,80,367
1028,25/07/2023,July,3,2023,Midlands,University Hospitals Birmingham NHS Foundation Trust,Queen Elizabeth Hospital Birmingham,Type 1,357,134,278,79,122,13.9,0,164,268,38,51
1029,25/07/2023,July,3,2023,Yorkshire and Humber,Leeds Teaching Hospitals NHS Trust,Leeds General Infirmary,Type 1,325,120,322,3,172,7,16,153,58,64,203
1030,25/07/2023,July,3,2023,South East,Oxford University Hospitals NHS Foundation Trust,John Radcliffe Hospital,Type 1,606,147,387,219,197,7.4,9,183,252,35,319
1031,26/07/2023,July,3,2023,North West,Liverpool University Hospitals NHS Foundation Trust,Royal Liverpool University Hospital,Type 1,641,176,543,98,100,15.2,6,204,140,52,449
1032,26/07/2023,July,3,2023,London,Guy's and St Thomas' NHS Foundation Trust,St Thomas' Hospital,Type 1,420,175,289,131,111,12.6,1,91,264,50,106
1033,26/07/2023,July,3,2023,Midlands,University Hospitals Birmingham NHS Foundation Trust,Queen Elizabeth Hospital Birmingham,Type 1,373,54,236,137,243,5.2,6,173,85,59,229
1034,26/07/2023,July,3,2023,Yorkshire and Humber,Leeds Teaching Hospitals NHS Trust,Leeds General Infirmary,Type 1,642,99,445,197,153,15.2,19,200,280,42,320
1035,26/07/2023,July,3,2023,South East,Oxford University Hospitals NHS Foundation Trust,John Radcliffe Hospital,Type 1,580,88,437,143,91,10.9,19,213,174,49,357
1036,27/07/2023,July,3,2023,North West,Liverpool University Hospitals NHS Foundation Trust,Royal Liverpool University Hospital,Type 1,424,195,385,39,93,12.1,13,220,84,56,284
1037,27/07/2023,July,3,2023,London,Guy's and St Thomas' NHS Foundation Trust,St Thomas' Hospital,Type 1,677,152,447,230,306,11.3,3,107,249,60,368
1038,27/07/2023,July,3,2023,Midlands,University Hospitals Birmingham NHS Foundation Trust,Queen Elizabeth Hospital Birmingham,Type 1,596,65,589,7,181,11.3,13,115,74,71,451
1039,27/07/2023,July,3,2023,Yorkshire and Humber,Leeds Teaching Hospitals NHS Trust,Leeds General Infirmary,Type 1,308,95,292,16,234,9.5,2,126,297,16,5
1040,27/07/2023,July,3,2023,South East,Oxford University Hospitals NHS Foundation Trust,John Radcliffe Hospital,Type 1,535,97,408,127,153,9,2,101,204,63,268
1041,28/07/2023,July,3,2023,North West,Liverpool University Hospitals NHS Foundation Trust,Royal Liverpool University Hospital,Type 1,669,66,560,109,319,9.1,0,105,242,14,413
1042,28/07/2023,July,3,2023,London,Guy's and St Thomas' NHS Foundation Trust,St Thomas' Hospital,Type 1,387,195,344,43,306,12.9,5,133,208,70,109
1043,28/07/2023,July,3,2023,Midlands,University Hospitals Birmingham NHS Foundation Trust,Queen Elizabeth Hospital Birmingham,Type 1,308,114,189,119,282,9.4,15,56,117,39,152
1044,28/07/2023,July,3,2023,Yorkshire and Humber,Leeds Teaching Hospitals NHS Trust,Leeds General Infirmary,Type 1,538,152,431,107,315,6.7,12,182,274,79,185
1045,28/07/2023,July,3,2023,South East,Oxford University Hospitals NHS Foundation Trust,John Radcliffe Hospital,Type 1,452,173,341,111,259,8.4,2,187,202,21,229
1046,29/07/2023,July,3,2023,North West,Liverpool University Hospitals NHS Foundation Trust,Royal Liverpool University Hospital,Type 1,489,163,339,150,177,14.4,19,85,204,60,225
1047,29/07/2023,July,3,2023,London,Guy's and St Thomas' NHS Foundation Trust,St Thomas' Hospital,Type 1,356,186,347,9,214,8.3,0,204,103,13,240
1048,29/07/2023,July,3,2023,Midlands,University Hospitals Birmingham NHS Foundation Trust,Queen Elizabeth Hospital Birmingham,Type 1,533,125,423,110,98,4,7,117,280,58,195
1049,29/07/2023,July,3,2023,Yorkshire and Humber,Leeds Teaching Hospitals NHS Trust,Leeds General Infirmary,Type 1,301,169,288,13,135,8.1,11,43,75,13,213
1050,29/07/2023,July,3,2023,South East,Oxford University Hospitals NHS Foundation Trust,John Radcliffe Hospital,Type 1,570,125,475,95,103,13.8,17,157,90,20,460
1051,30/07/2023,July,3,2023,North West,Liverpool University Hospitals NHS Foundation Trust,Royal Liverpool University Hospital,Type 1,565,135,547,18,299,9.6,11,217,300,13,252
1052,30/07/2023,July,3,2023,London,Guy's and St Thomas' NHS Foundation Trust,St Thomas' Hospital,Type 1,568,120,419,149,229,6.9,19,49,216,72,280
1053,30/07/2023,July,3,2023,Midlands,University Hospitals Birmingham NHS Foundation Trust,Queen Elizabeth Hospital Birmingham,Type 1,260,174,202,58,150,9.2,11,125,201,38,21
1054,30/07/2023,July,3,2023,Yorkshire and Humber,Leeds Teaching Hospitals NHS Trust,Leeds General Infirmary,Type 1,510,59,453,57,215,15.7,25,104,138,17,355
1055,30/07/2023,July,3,2023,South East,Oxford University Hospitals NHS Foundation Trust,John Radcliffe Hospital,Type 1,660,122,514,146,199,8,7,215,233,62,365
1056,31/07/2023,July,3,2023,North West,Liverpool University Hospitals NHS Foundation Trust,Royal Liverpool University Hospital,Type 1,252,156,168,84,315,9.2,2,125,131,17,104
1057,31/07/2023,July,3,2023,London,Guy's and St Thomas' NHS Foundation Trust,St Thomas' Hospital,Type 1,411,142,321,90,202,6.7,24,50,251,12,148
1058,31/07/2023,July,3,2023,Midlands,University Hospitals Birmingham NHS Foundation Trust,Queen Elizabeth Hospital Birmingham,Type 1,697,121,580,117,241,10.1,18,76,218,35,444
1059,31/07/2023,July,3,2023,Yorkshire and Humber,Leeds Teaching Hospitals NHS Trust,Leeds General Infirmary,Type 1,358,161,291,67,154,5.7,1,97,145,16,197
1060,31/07/2023,July,3,2023,South East,Oxford University Hospitals NHS Foundation Trust,John Radcliffe Hospital,Type 1,312,63,210,102,97,11.7,0,60,283,25,4
1061,01/08/2023,August,3,2023,North West,Liverpool University Hospitals NHS Foundation Trust,Royal Liverpool University Hospital,Type 1,534,72,347,187,230,14.9,2,140,68,39,427
1062,01/08/2023,August,3,2023,London,Guy's and St Thomas' NHS Foundation Trust,St Thomas' Hospital,Type 1,679,159,655,24,167,10.1,18,204,140,28,511
1063,01/08/2023,August,3,2023,Midlands,University Hospitals Birmingham NHS Foundation Trust,Queen Elizabeth Hospital Birmingham,Type 1,617,193,564,53,289,5.1,9,122,190,52,375
1064,01/08/2023,August,3,2023,Yorkshire and Humber,Leeds Teaching Hospitals NHS Trust,Leeds General Infirmary,Type 1,604,57,503,101,189,12.1,23,57,143,70,391
1065,01/08/2023,August,3,2023,South East,Oxford University Hospitals NHS Foundation Trust,John Radcliffe Hospital,Type 1,434,96,302,132,237,14,15,103,189,71,174
1066,02/08/2023,August,3,2023,North West,Liverpool University Hospitals NHS Foundation Trust,Royal Liverpool University Hospital,Type 1,592,95,402,190,114,5.1,15,54,276,17,299
1067,02/08/2023,August,3,2023,London,Guy's and St Thomas' NHS Foundation Trust,St Thomas' Hospital,Type 1,262,163,241,21,170,5.7,16,137,184,77,1
1068,02/08/2023,August,3,2023,Midlands,University Hospitals Birmingham NHS Foundation Trust,Queen Elizabeth Hospital Birmingham,Type 1,673,105,512,161,114,5.2,23,130,185,61,427
1069,02/08/2023,August,3,2023,Yorkshire and Humber,Leeds Teaching Hospitals NHS Trust,Leeds General Infirmary,Type 1,538,129,444,94,153,6,11,168,249,28,261
1070,02/08/2023,August,3,2023,South East,Oxford University Hospitals NHS Foundation Trust,John Radcliffe Hospital,Type 1,404,181,328,76,119,10.9,16,174,51,15,338
1071,03/08/2023,August,3,2023,North West,Liverpool University Hospitals NHS Foundation Trust,Royal Liverpool University Hospital,Type 1,544,50,368,176,155,8.7,24,75,179,11,354
1072,03/08/2023,August,3,2023,London,Guy's and St Thomas' NHS Foundation Trust,St Thomas' Hospital,Type 1,571,102,518,53,289,12.4,19,200,116,47,408
1073,03/08/2023,August,3,2023,Midlands,University Hospitals Birmingham NHS Foundation Trust,Queen Elizabeth Hospital Birmingham,Type 1,520,83,488,32,160,15.2,24,135,94,58,368
1074,03/08/2023,August,3,2023,Yorkshire and Humber,Leeds Teaching Hospitals NHS Trust,Leeds General Infirmary,Type 1,634,110,433,201,211,6.1,21,176,74,40,520
1075,03/08/2023,August,3,2023,South East,Oxford University Hospitals NHS Foundation Trust,John Radcliffe Hospital,Type 1,573,190,408,165,277,14.7,4,198,276,16,281
1076,04/08/2023,August,3,2023,North West,Liverpool University Hospitals NHS Foundation Trust,Royal Liverpool University Hospital,Type 1,612,128,597,15,143,14.6,4,110,292,11,309
1077,04/08/2023,August,3,2023,London,Guy's and St Thomas' NHS Foundation Trust,St Thomas' Hospital,Type 1,388,85,269,119,167,14.1,11,200,234,74,80
1078,04/08/2023,August,3,2023,Midlands,University Hospitals Birmingham NHS Foundation Trust,Queen Elizabeth Hospital Birmingham,Type 1,277,97,184,93,92,12.2,15,142,69,23,185
1079,04/08/2023,August,3,2023,Yorkshire and Humber,Leeds Teaching Hospitals NHS Trust,Leeds General Infirmary,Type 1,458,62,314,144,310,13.3,9,72,193,18,247
1080,04/08/2023,August,3,2023,South East,Oxford University Hospitals NHS Foundation Trust,John Radcliffe Hospital,Type 1,329,163,297,32,275,11.3,10,217,243,72,14
1081,05/08/2023,August,3,2023,North West,Liverpool University Hospitals NHS Foundation Trust,Royal Liverpool University Hospital,Type 1,335,129,249,86,274,15,14,204,64,55,216
1082,05/08/2023,August,3,2023,London,Guy's and St Thomas' NHS Foundation Trust,St Thomas' Hospital,Type 1,365,76,268,97,290,8.3,4,74,151,72,142
1083,05/08/2023,August,3,2023,Midlands,University Hospitals Birmingham NHS Foundation Trust,Queen Elizabeth Hospital Birmingham,Type 1,583,158,470,113,92,12.5,9,198,116,42,425
1084,05/08/2023,August,3,2023,Yorkshire and Humber,Leeds Teaching Hospitals NHS Trust,Leeds General Infirmary,Type 1,483,105,409,74,174,14.9,0,52,178,32,273
1085,05/08/2023,August,3,2023,South East,Oxford University Hospitals NHS Foundation Trust,John Radcliffe Hospital,Type 1,277,140,212,65,187,7,3,120,266,80,69
1086,06/08/2023,August,3,2023,North West,Liverpool University Hospitals NHS Foundation Trust,Royal Liverpool University Hospital,Type 1,471,151,471,0,90,8.9,18,75,238,35,198
1087,06/08/2023,August,3,2023,London,Guy's and St Thomas' NHS Foundation Trust,St Thomas' Hospital,Type 1,564,146,414,150,227,8.7,23,105,107,59,398
1088,06/08/2023,August,3,2023,Midlands,University Hospitals Birmingham NHS Foundation Trust,Queen Elizabeth Hospital Birmingham,Type 1,435,96,280,155,320,10.9,4,146,229,22,184
1089,06/08/2023,August,3,2023,Yorkshire and Humber,Leeds Teaching Hospitals NHS Trust,Leeds General Infirmary,Type 1,250,160,156,94,188,13.2,20,153,204,48,2
1090,06/08/2023,August,3,2023,South East,Oxford University Hospitals NHS Foundation Trust,John Radcliffe Hospital,Type 1,408,63,315,93,250,13.5,9,118,79,60,269
1091,07/08/2023,August,3,2023,North West,Liverpool University Hospitals NHS Foundation Trust,Royal Liverpool University Hospital,Type 1,307,170,264,43,251,12.2,21,88,107,54,146
1092,07/08/2023,August,3,2023,London,Guy's and St Thomas' NHS Foundation Trust,St Thomas' Hospital,Type 1,315,102,216,99,206,9,11,101,71,52,192
1093,07/08/2023,August,3,2023,Midlands,University Hospitals Birmingham NHS Foundation Trust,Queen Elizabeth Hospital Birmingham,Type 1,366,182,236,130,266,8.7,23,50,261,39,66
1094,07/08/2023,August,3,2023,Yorkshire and Humber,Leeds Teaching Hospitals NHS Trust,Leeds General Infirmary,Type 1,573,123,396,177,137,9.4,15,155,266,37,270
1095,07/08/2023,August,3,2023,South East,Oxford University Hospitals NHS Foundation Trust,John Radcliffe Hospital,Type 1,314,125,222,92,159,15.3,0,105,240,64,10
1096,08/08/2023,August,3,2023,North West,Liverpool University Hospitals NHS Foundation Trust,Royal Liverpool University Hospital,Type 1,250,84,166,84,224,13.2,7,166,165,78,7
1097,08/08/2023,August,3,2023,London,Guy's and St Thomas' NHS Foundation Trust,St Thomas' Hospital,Type 1,338,132,306,32,190,7.9,22,133,91,21,226
1098,08/08/2023,August,3,2023,Midlands,University Hospitals Birmingham NHS Foundation Trust,Queen Elizabeth Hospital Birmingham,Type 1,655,77,598,57,229,10,23,99,173,61,421
1099,08/08/2023,August,3,2023,Yorkshire and Humber,Leeds Teaching Hospitals NHS Trust,Leeds General Infirmary,Type 1,615,116,500,115,319,4.7,16,217,253,76,286
1100,08/08/2023,August,3,2023,South East,Oxford University Hospitals NHS Foundation Trust,John Radcliffe Hospital,Type 1,360,140,290,70,257,4.9,23,185,198,25,137
1101,09/08/2023,August,3,2023,North West,Liverpool University Hospitals NHS Foundation Trust,Royal Liverpool University Hospital,Type 1,548,189,356,192,101,10.1,4,64,274,26,248
1102,09/08/2023,August,3,2023,London,Guy's and St Thomas' NHS Foundation Trust,St Thomas' Hospital,Type 1,603,89,533,70,172,11.5,16,181,117,10,476
1103,09/08/2023,August,3,2023,Midlands,University Hospitals Birmingham NHS Foundation Trust,Queen Elizabeth Hospital Birmingham,Type 1,546,68,468,78,278,14.9,20,216,76,31,439
1104,09/08/2023,August,3,2023,Yorkshire and Humber,Leeds Teaching Hospitals NHS Trust,Leeds General Infirmary,Type 1,310,139,263,47,103,6.8,5,44,193,43,74
1105,09/08/2023,August,3,2023,South East,Oxford University Hospitals NHS Foundation Trust,John Radcliffe Hospital,Type 1,448,89,300,148,213,10,15,102,295,44,109
1106,10/08/2023,August,3,2023,North West,Liverpool University Hospitals NHS Foundation Trust,Royal Liverpool University Hospital,Type 1,556,165,460,96,162,10.2,1,215,111,12,433
1107,10/08/2023,August,3,2023,London,Guy's and St Thomas' NHS Foundation Trust,St Thomas' Hospital,Type 1,295,76,288,7,294,11.5,7,102,270,26,1
1108,10/08/2023,August,3,2023,Midlands,University Hospitals Birmingham NHS Foundation Trust,Queen Elizabeth Hospital Birmingham,Type 1,474,172,446,28,158,13.3,0,133,108,25,341
1109,10/08/2023,August,3,2023,Yorkshire and Humber,Leeds Teaching Hospitals NHS Trust,Leeds General Infirmary,Type 1,391,106,315,76,236,13.3,1,155,141,68,182
1110,10/08/2023,August,3,2023,South East,Oxford University Hospitals NHS Foundation Trust,John Radcliffe Hospital,Type 1,263,191,165,98,212,5.8,8,142,115,13,135
1111,11/08/2023,August,3,2023,North West,Liverpool University Hospitals NHS Foundation Trust,Royal Liverpool University Hospital,Type 1,565,169,487,78,186,6.7,19,159,278,42,245
1112,11/08/2023,August,3,2023,London,Guy's and St Thomas' NHS Foundation Trust,St Thomas' Hospital,Type 1,654,110,503,151,123,7.2,2,146,237,67,350
1113,11/08/2023,August,3,2023,Midlands,University Hospitals Birmingham NHS Foundation Trust,Queen Elizabeth Hospital Birmingham,Type 1,502,196,303,199,275,13.1,4,73,130,41,331
1114,11/08/2023,August,3,2023,Yorkshire and Humber,Leeds Teaching Hospitals NHS Trust,Leeds General Infirmary,Type 1,426,93,360,66,209,11.5,15,135,130,46,250
1115,11/08/2023,August,3,2023,South East,Oxford University Hospitals NHS Foundation Trust,John Radcliffe Hospital,Type 1,472,63,314,158,111,4.8,19,76,96,19,357
1116,12/08/2023,August,3,2023,North West,Liverpool University Hospitals NHS Foundation Trust,Royal Liverpool University Hospital,Type 1,252,176,155,97,242,7.1,23,174,111,14,127
1117,12/08/2023,August,3,2023,London,Guy's and St Thomas' NHS Foundation Trust,St Thomas' Hospital,Type 1,515,147,323,192,233,15,3,124,168,34,313
1118,12/08/2023,August,3,2023,Midlands,University Hospitals Birmingham NHS Foundation Trust,Queen Elizabeth Hospital Birmingham,Type 1,414,103,411,3,172,14.5,13,42,69,10,335
1119,12/08/2023,August,3,2023,Yorkshire and Humber,Leeds Teaching Hospitals NHS Trust,Leeds General Infirmary,Type 1,688,179,447,241,238,11.3,8,152,72,71,545
1120,12/08/2023,August,3,2023,South East,Oxford University Hospitals NHS Foundation Trust,John Radcliffe Hospital,Type 1,290,95,182,108,208,4.3,15,172,291,55,56
1121,13/08/2023,August,3,2023,North West,Liverpool University Hospitals NHS Foundation Trust,Royal Liverpool University Hospital,Type 1,460,51,452,8,280,10.8,14,41,250,10,200
1122,13/08/2023,August,3,2023,London,Guy's and St Thomas' NHS Foundation Trust,St Thomas' Hospital,Type 1,474,136,429,45,211,12.6,9,196,269,72,133
1123,13/08/2023,August,3,2023,Midlands,University Hospitals Birmingham NHS Foundation Trust,Queen Elizabeth Hospital Birmingham,Type 1,318,141,195,123,120,14.7,0,57,147,60,111
1124,13/08/2023,August,3,2023,Yorkshire and Humber,Leeds Teaching Hospitals NHS Trust,Leeds General Infirmary,Type 1,680,146,578,102,273,13.8,11,190,290,57,333
1125,13/08/2023,August,3,2023,South East,Oxford University Hospitals NHS Foundation Trust,John Radcliffe Hospital,Type 1,411,177,260,151,320,4.5,15,214,179,64,168
1126,14/08/2023,August,3,2023,North West,Liverpool University Hospitals NHS Foundation Trust,Royal Liverpool University Hospital,Type 1,687,108,569,118,99,8.4,8,179,284,29,374
1127,14/08/2023,August,3,2023,London,Guy's and St Thomas' NHS Foundation Trust,St Thomas' Hospital,Type 1,450,54,350,100,119,5.2,21,133,79,61,310
1128,14/08/2023,August,3,2023,Midlands,University Hospitals Birmingham NHS Foundation Trust,Queen Elizabeth Hospital Birmingham,Type 1,642,121,562,80,313,9.6,14,109,181,19,442
1129,14/08/2023,August,3,2023,Yorkshire and Humber,Leeds Teaching Hospitals NHS Trust,Leeds General Infirmary,Type 1,388,183,343,45,121,6.6,12,148,118,22,248
1130,14/08/2023,August,3,2023,South East,Oxford University Hospitals NHS Foundation Trust,John Radcliffe Hospital,Type 1,438,50,337,101,259,6,18,78,125,48,265
1131,15/08/2023,August,3,2023,North West,Liverpool University Hospitals NHS Foundation Trust,Royal Liverpool University Hospital,Type 1,387,139,363,24,241,14.1,20,192,240,33,114
1132,15/08/2023,August,3,2023,London,Guy's and St Thomas' NHS Foundation Trust,St Thomas' Hospital,Type 1,540,89,390,150,92,13.6,19,84,143,12,385
1133,15/08/2023,August,3,2023,Midlands,University Hospitals Birmingham NHS Foundation Trust,Queen Elizabeth Hospital Birmingham,Type 1,636,75,553,83,276,11.3,24,162,117,58,461
1134,15/08/2023,August,3,2023,Yorkshire and Humber,Leeds Teaching Hospitals NHS Trust,Leeds General Infirmary,Type 1,296,123,287,9,284,13.4,10,47,183,50,63
1135,15/08/2023,August,3,2023,South East,Oxford University Hospitals NHS Foundation Trust,John Radcliffe Hospital,Type 1,608,127,437,171,309,15.5,15,64,222,52,334
1136,16/08/2023,August,3,2023,North West,Liverpool University Hospitals NHS Foundation Trust,Royal Liverpool University Hospital,Type 1,353,143,292,61,216,13.5,19,99,204,68,81
1137,16/08/2023,August,3,2023,London,Guy's and St Thomas' NHS Foundation Trust,St Thomas' Hospital,Type 1,328,200,308,20,114,12.4,22,126,207,40,81
1138,16/08/2023,August,3,2023,Midlands,University Hospitals Birmingham NHS Foundation Trust,Queen Elizabeth Hospital Birmingham,Type 1,510,60,475,35,303,5.2,16,48,250,36,224
1139,16/08/2023,August,3,2023,Yorkshire and Humber,Leeds Teaching Hospitals NHS Trust,Leeds General Infirmary,Type 1,268,163,231,37,297,5.1,0,131,252,63,47
1140,16/08/2023,August,3,2023,South East,Oxford University Hospitals NHS Foundation Trust,John Radcliffe Hospital,Type 1,290,140,249,41,160,16,3,40,86,54,150
1141,17/08/2023,August,3,2023,North West,Liverpool University Hospitals NHS Foundation Trust,Royal Liverpool University Hospital,Type 1,572,162,426,146,271,4.5,16,56,153,52,367
1142,17/08/2023,August,3,2023,London,Guy's and St Thomas' NHS Foundation Trust,St Thomas' Hospital,Type 1,338,69,218,120,118,15.8,23,48,52,39,247
1143,17/08/2023,August,3,2023,Midlands,University Hospitals Birmingham NHS Foundation Trust,Queen Elizabeth Hospital Birmingham,Type 1,594,144,535,59,91,13.2,2,65,133,72,389
1144,17/08/2023,August,3,2023,Yorkshire and Humber,Leeds Teaching Hospitals NHS Trust,Leeds General Infirmary,Type 1,256,178,216,40,249,6.7,21,138,236,72,52
1145,17/08/2023,August,3,2023,South East,Oxford University Hospitals NHS Foundation Trust,John Radcliffe Hospital,Type 1,690,53,450,240,234,5,14,58,173,65,452
1146,18/08/2023,August,3,2023,North West,Liverpool University Hospitals NHS Foundation Trust,Royal Liverpool University Hospital,Type 1,506,99,397,109,241,5.9,12,87,204,76,226
1147,18/08/2023,August,3,2023,London,Guy's and St Thomas' NHS Foundation Trust,St Thomas' Hospital,Type 1,285,82,275,10,296,13.9,6,138,77,26,182
1148,18/08/2023,August,3,2023,Midlands,University Hospitals Birmingham NHS Foundation Trust,Queen Elizabeth Hospital Birmingham,Type 1,387,186,318,69,300,11.5,3,68,270,18,99
1149,18/08/2023,August,3,2023,Yorkshire and Humber,Leeds Teaching Hospitals NHS Trust,Leeds General Infirmary,Type 1,641,89,408,233,147,6.6,25,206,154,78,409
1150,18/08/2023,August,3,2023,South East,Oxford University Hospitals NHS Foundation Trust,John Radcliffe Hospital,Type 1,308,59,208,100,296,15.3,10,149,56,79,173
1151,19/08/2023,August,3,2023,North West,Liverpool University Hospitals NHS Foundation Trust,Royal Liverpool University Hospital,Type 1,375,53,288,87,127,4.5,2,93,214,46,115
1152,19/08/2023,August,3,2023,London,Guy's and St Thomas' NHS Foundation Trust,St Thomas' Hospital,Type 1,417,55,275,142,160,13.1,7,151,68,17,332
1153,19/08/2023,August,3,2023,Midlands,University Hospitals Birmingham NHS Foundation Trust,Queen Elizabeth Hospital Birmingham,Type 1,334,164,299,35,168,4.8,6,183,254,49,31
1154,19/08/2023,August,3,2023,Yorkshire and Humber,Leeds Teaching Hospitals NHS Trust,Leeds General Infirmary,Type 1,667,141,543,124,254,7.7,22,150,64,21,582
1155,19/08/2023,August,3,2023,South East,Oxford University Hospitals NHS Foundation Trust,John Radcliffe Hospital,Type 1,495,179,442,53,249,8.7,17,191,119,16,360
1156,20/08/2023,August,3,2023,North West,Liverpool University Hospitals NHS Foundation Trust,Royal Liverpool University Hospital,Type 1,623,156,620,3,100,10.6,13,128,212,72,339
1157,20/08/2023,August,3,2023,London,Guy's and St Thomas' NHS Foundation Trust,St Thomas' Hospital,Type 1,678,77,606,72,315,9.9,13,148,98,51,529
1158,20/08/2023,August,3,2023,Midlands,University Hospitals Birmingham NHS Foundation Trust,Queen Elizabeth Hospital Birmingham,Type 1,299,172,265,34,127,12.9,5,173,290,13,4
1159,20/08/2023,August,3,2023,Yorkshire and Humber,Leeds Teaching Hospitals NHS Trust,Leeds General Infirmary,Type 1,269,146,221,48,213,9.1,4,134,246,19,4
1160,20/08/2023,August,3,2023,South East,Oxford University Hospitals NHS Foundation Trust,John Radcliffe Hospital,Type 1,549,145,421,128,148,8.5,3,119,222,20,307
1161,21/08/2023,August,3,2023,North West,Liverpool University Hospitals NHS Foundation Trust,Royal Liverpool University Hospital,Type 1,575,189,422,153,163,14.3,17,79,54,50,471
1162,21/08/2023,August,3,2023,London,Guy's and St Thomas' NHS Foundation Trust,St Thomas' Hospital,Type 1,443,70,391,52,137,13.2,12,90,271,25,147
1163,21/08/2023,August,3,2023,Midlands,University Hospitals Birmingham NHS Foundation Trust,Queen Elizabeth Hospital Birmingham,Type 1,432,179,320,112,106,10.5,18,138,286,15,131
1164,21/08/2023,August,3,2023,Yorkshire and Humber,Leeds Teaching Hospitals NHS Trust,Leeds General Infirmary,Type 1,509,150,463,46,158,15.4,5,43,79,17,413
1165,21/08/2023,August,3,2023,South East,Oxford University Hospitals NHS Foundation Trust,John Radcliffe Hospital,Type 1,337,200,249,88,230,15.1,6,201,108,27,202
1166,22/08/2023,August,3,2023,North West,Liverpool University Hospitals NHS Foundation Trust,Royal Liverpool University Hospital,Type 1,275,133,269,6,259,13.7,1,194,153,19,103
1167,22/08/2023,August,3,2023,London,Guy's and St Thomas' NHS Foundation Trust,St Thomas' Hospital,Type 1,469,66,349,120,108,7.4,14,148,245,69,155
1168,22/08/2023,August,3,2023,Midlands,University Hospitals Birmingham NHS Foundation Trust,Queen Elizabeth Hospital Birmingham,Type 1,501,53,492,9,189,9.8,19,168,214,54,233
1169,22/08/2023,August,3,2023,Yorkshire and Humber,Leeds Teaching Hospitals NHS Trust,Leeds General Infirmary,Type 1,564,200,532,32,205,8.7,17,55,125,51,388
1170,22/08/2023,August,3,2023,South East,Oxford University Hospitals NHS Foundation Trust,John Radcliffe Hospital,Type 1,290,134,191,99,313,16,5,128,134,74,82
1171,23/08/2023,August,3,2023,North West,Liverpool University Hospitals NHS Foundation Trust,Royal Liverpool University Hospital,Type 1,606,105,536,70,216,6.3,6,159,225,46,335
1172,23/08/2023,August,3,2023,London,Guy's and St Thomas' NHS Foundation Trust,St Thomas' Hospital,Type 1,596,68,480,116,233,5,16,129,115,62,419
1173,23/08/2023,August,3,2023,Midlands,University Hospitals Birmingham NHS Foundation Trust,Queen Elizabeth Hospital Birmingham,Type 1,257,98,159,98,248,14.5,21,162,154,50,53
1174,23/08/2023,August,3,2023,Yorkshire and Humber,Leeds Teaching Hospitals NHS Trust,Leeds General Infirmary,Type 1,465,62,352,113,233,15.7,9,174,186,65,214
1175,23/08/2023,August,3,2023,South East,Oxford University Hospitals NHS Foundation Trust,John Radcliffe Hospital,Type 1,591,151,514,77,170,14.4,17,45,285,64,242
1176,24/08/2023,August,3,2023,North West,Liverpool University Hospitals NHS Foundation Trust,Royal Liverpool University Hospital,Type 1,366,62,274,92,112,12.9,7,89,251,79,36
1177,24/08/2023,August,3,2023,London,Guy's and St Thomas' NHS Foundation Trust,St Thomas' Hospital,Type 1,322,54,299,23,308,4.6,12,53,192,43,87
1178,24/08/2023,August,3,2023,Midlands,University Hospitals Birmingham NHS Foundation Trust,Queen Elizabeth Hospital Birmingham,Type 1,411,53,404,7,242,9.7,1,198,215,57,139
1179,24/08/2023,August,3,2023,Yorkshire and Humber,Leeds Teaching Hospitals NHS Trust,Leeds General Infirmary,Type 1,613,93,545,68,266,14.7,22,52,167,42,404
1180,24/08/2023,August,3,2023,South East,Oxford University Hospitals NHS Foundation Trust,John Radcliffe Hospital,Type 1,250,169,219,31,166,13.4,18,70,296,57,103
1181,25/08/2023,August,3,2023,North West,Liverpool University Hospitals NHS Foundation Trust,Royal Liverpool University Hospital,Type 1,481,169,419,62,278,14.1,18,40,78,67,336
1182,25/08/2023,August,3,2023,London,Guy's and St Thomas' NHS Foundation Trust,St Thomas' Hospital,Type 1,651,100,493,158,158,9.5,8,64,92,48,511
1183,25/08/2023,August,3,2023,Midlands,University Hospitals Birmingham NHS Foundation Trust,Queen Elizabeth Hospital Birmingham,Type 1,522,84,323,199,147,6.3,8,131,270,58,194
1184,25/08/2023,August,3,2023,Yorkshire and Humber,Leeds Teaching Hospitals NHS Trust,Leeds General Infirmary,Type 1,594,137,448,146,194,5,19,139,238,39,317
1185,25/08/2023,August,3,2023,South East,Oxford University Hospitals NHS Foundation Trust,John Radcliffe Hospital,Type 1,486,93,448,38,148,5.8,16,77,215,53,218
1186,26/08/2023,August,3,2023,North West,Liverpool University Hospitals NHS Foundation Trust,Royal Liverpool University Hospital,Type 1,554,148,396,158,202,8.6,6,216,294,60,200
1187,26/08/2023,August,3,2023,London,Guy's and St Thomas' NHS Foundation Trust,St Thomas' Hospital,Type 1,381,117,359,22,248,6.8,25,207,146,59,176
1188,26/08/2023,August,3,2023,Midlands,University Hospitals Birmingham NHS Foundation Trust,Queen Elizabeth Hospital Birmingham,Type 1,261,79,256,5,246,12.6,14,53,207,71,17
1189,26/08/2023,August,3,2023,Yorkshire and Humber,Leeds Teaching Hospitals NHS Trust,Leeds General Infirmary,Type 1,518,58,408,110,213,4.6,18,218,114,17,387
1190,26/08/2023,August,3,2023,South East,Oxford University Hospitals NHS Foundation Trust,John Radcliffe Hospital,Type 1,579,183,538,41,229,10.1,1,179,135,66,378
1191,27/08/2023,August,3,2023,North West,Liverpool University Hospitals NHS Foundation Trust,Royal Liverpool University Hospital,Type 1,591,155,539,52,102,5.6,20,145,225,40,326
1192,27/08/2023,August,3,2023,London,Guy's and St Thomas' NHS Foundation Trust,St Thomas' Hospital,Type 1,533,80,397,136,220,8.7,24,71,164,47,322
1193,27/08/2023,August,3,2023,Midlands,University Hospitals Birmingham NHS Foundation Trust,Queen Elizabeth Hospital Birmingham,Type 1,446,144,363,83,192,14.9,20,121,252,77,117
1194,27/08/2023,August,3,2023,Yorkshire and Humber,Leeds Teaching Hospitals NHS Trust,Leeds General Infirmary,Type 1,452,112,312,140,320,5.8,5,180,271,46,135
1195,27/08/2023,August,3,2023,South East,Oxford University Hospitals NHS Foundation Trust,John Radcliffe Hospital,Type 1,304,105,263,41,190,6.5,7,52,137,41,126
1196,28/08/2023,August,3,2023,North West,Liverpool University Hospitals NHS Foundation Trust,Royal Liverpool University Hospital,Type 1,629,140,475,154,173,8.8,14,74,52,74,503
1197,28/08/2023,August,3,2023,London,Guy's and St Thomas' NHS Foundation Trust,St Thomas' Hospital,Type 1,532,180,347,185,251,15,8,58,225,58,249
1198,28/08/2023,August,3,2023,Midlands,University Hospitals Birmingham NHS Foundation Trust,Queen Elizabeth Hospital Birmingham,Type 1,495,79,448,47,181,8.8,8,162,219,46,230
1199,28/08/2023,August,3,2023,Yorkshire and Humber,Leeds Teaching Hospitals NHS Trust,Leeds General Infirmary,Type 1,675,80,524,151,145,8.1,4,49,200,48,427
1200,28/08/2023,August,3,2023,South East,Oxford University Hospitals NHS Foundation Trust,John Radcliffe Hospital,Type 1,349,101,326,23,289,4.9,10,73,218,66,65
1201,29/08/2023,August,3,2023,North West,Liverpool University Hospitals NHS Foundation Trust,Royal Liverpool University Hospital,Type 1,419,130,392,27,255,6.3,23,140,155,18,246
1202,29/08/2023,August,3,2023,London,Guy's and St Thomas' NHS Foundation Trust,St Thomas' Hospital,Type 1,262,84,234,28,227,6.5,25,50,130,48,84
1203,29/08/2023,August,3,2023,Midlands,University Hospitals Birmingham NHS Foundation Trust,Queen Elizabeth Hospital Birmingham,Type 1,250,152,161,89,107,14.1,17,193,55,17,178
1204,29/08/2023,August,3,2023,Yorkshire and Humber,Leeds Teaching Hospitals NHS Trust,Leeds General Infirmary,Type 1,466,102,459,7,249,6.2,24,86,202,22,242
1205,29/08/2023,August,3,2023,South East,Oxford University Hospitals NHS Foundation Trust,John Radcliffe Hospital,Type 1,317,148,238,79,124,4.3,15,214,294,53,30
1206,30/08/2023,August,3,2023,North West,Liverpool University Hospitals NHS Foundation Trust,Royal Liverpool University Hospital,Type 1,258,116,220,38,223,12.4,19,97,72,20,166
1207,30/08/2023,August,3,2023,London,Guy's and St Thomas' NHS Foundation Trust,St Thomas' Hospital,Type 1,363,144,252,111,187,11.4,2,65,276,72,15
1208,30/08/2023,August,3,2023,Midlands,University Hospitals Birmingham NHS Foundation Trust,Queen Elizabeth Hospital Birmingham,Type 1,697,129,459,238,121,9.1,12,94,163,23,511
1209,30/08/2023,August,3,2023,Yorkshire and Humber,Leeds Teaching Hospitals NHS Trust,Leeds General Infirmary,Type 1,492,148,426,66,179,4.3,2,199,214,33,245
1210,30/08/2023,August,3,2023,South East,Oxford University Hospitals NHS Foundation Trust,John Radcliffe Hospital,Type 1,292,135,275,17,129,4.5,17,64,177,21,94
1211,31/08/2023,August,3,2023,North West,Liverpool University Hospitals NHS Foundation Trust,Royal Liverpool University Hospital,Type 1,601,120,597,4,309,12.7,24,163,140,77,384
1212,31/08/2023,August,3,2023,London,Guy's and St Thomas' NHS Foundation Trust,St Thomas' Hospital,Type 1,611,73,600,11,90,7,5,168,68,64,479
1213,31/08/2023,August,3,2023,Midlands,University Hospitals Birmingham NHS Foundation Trust,Queen Elizabeth Hospital Birmingham,Type 1,276,102,256,20,205,15.3,7,183,189,61,26
1214,31/08/2023,August,3,2023,Yorkshire and Humber,Leeds Teaching Hospitals NHS Trust,Leeds General Infirmary,Type 1,300,82,261,39,208,13.5,8,74,253,36,11
1215,31/08/2023,August,3,2023,South East,Oxford University Hospitals NHS Foundation Trust,John Radcliffe Hospital,Type 1,260,130,248,12,145,9.9,7,49,137,45,78
1216,01/09/2023,September,3,2023,North West,Liverpool University Hospitals NHS Foundation Trust,Royal Liverpool University Hospital,Type 1,250,146,200,50,204,15.2,14,43,179,72,1
1217,01/09/2023,September,3,2023,London,Guy's and St Thomas' NHS Foundation Trust,St Thomas' Hospital,Type 1,630,132,551,79,195,5,5,133,73,32,525
1218,01/09/2023,September,3,2023,Midlands,University Hospitals Birmingham NHS Foundation Trust,Queen Elizabeth Hospital Birmingham,Type 1,680,111,592,88,223,13.4,12,191,177,11,492
1219,01/09/2023,September,3,2023,Yorkshire and Humber,Leeds Teaching Hospitals NHS Trust,Leeds General Infirmary,Type 1,381,134,251,130,200,13.7,5,153,253,49,79
1220,01/09/2023,September,3,2023,South East,Oxford University Hospitals NHS Foundation Trust,John Radcliffe Hospital,Type 1,472,54,391,81,271,7.2,6,46,277,48,147
1221,02/09/2023,September,3,2023,North West,Liverpool University Hospitals NHS Foundation Trust,Royal Liverpool University Hospital,Type 1,593,108,472,121,106,15.6,4,155,101,35,457
1222,02/09/2023,September,3,2023,London,Guy's and St Thomas' NHS Foundation Trust,St Thomas' Hospital,Type 1,262,81,233,29,259,15.9,11,78,158,28,76
1223,02/09/2023,September,3,2023,Midlands,University Hospitals Birmingham NHS Foundation Trust,Queen Elizabeth Hospital Birmingham,Type 1,443,194,372,71,281,5.4,25,92,144,19,280
1224,02/09/2023,September,3,2023,Yorkshire and Humber,Leeds Teaching Hospitals NHS Trust,Leeds General Infirmary,Type 1,528,135,422,106,216,14.7,0,203,278,10,240
1225,02/09/2023,September,3,2023,South East,Oxford University Hospitals NHS Foundation Trust,John Radcliffe Hospital,Type 1,680,76,665,15,159,6.3,14,70,188,80,412
1226,03/09/2023,September,3,2023,North West,Liverpool University Hospitals NHS Foundation Trust,Royal Liverpool University Hospital,Type 1,391,60,335,56,134,13,21,118,85,52,254
1227,03/09/2023,September,3,2023,London,Guy's and St Thomas' NHS Foundation Trust,St Thomas' Hospital,Type 1,428,181,421,7,144,9.7,14,93,70,43,315
1228,03/09/2023,September,3,2023,Midlands,University Hospitals Birmingham NHS Foundation Trust,Queen Elizabeth Hospital Birmingham,Type 1,318,106,269,49,100,5.8,11,74,102,37,179
1229,03/09/2023,September,3,2023,Yorkshire and Humber,Leeds Teaching Hospitals NHS Trust,Leeds General Infirmary,Type 1,371,122,246,125,154,10.5,12,152,182,67,122
1230,03/09/2023,September,3,2023,South East,Oxford University Hospitals NHS Foundation Trust,John Radcliffe Hospital,Type 1,598,167,433,165,276,6.2,22,105,243,77,278
1231,04/09/2023,September,3,2023,North West,Liverpool University Hospitals NHS Foundation Trust,Royal Liverpool University Hospital,Type 1,588,158,509,79,301,9.4,3,81,118,56,414
1232,04/09/2023,September,3,2023,London,Guy's and St Thomas' NHS Foundation Trust,St Thomas' Hospital,Type 1,384,128,294,90,112,6,16,197,190,67,127
1233,04/09/2023,September,3,2023,Midlands,University Hospitals Birmingham NHS Foundation Trust,Queen Elizabeth Hospital Birmingham,Type 1,331,173,238,93,299,14.7,10,114,238,68,25
1234,04/09/2023,September,3,2023,Yorkshire and Humber,Leeds Teaching Hospitals NHS Trust,Leeds General Infirmary,Type 1,420,198,300,120,132,7.5,25,213,134,18,268
1235,04/09/2023,September,3,2023,South East,Oxford University Hospitals NHS Foundation Trust,John Radcliffe Hospital,Type 1,550,53,481,69,138,7.4,21,89,152,79,319
1236,05/09/2023,September,3,2023,North West,Liverpool University Hospitals NHS Foundation Trust,Royal Liverpool University Hospital,Type 1,364,168,302,62,131,10,25,143,109,64,191
1237,05/09/2023,September,3,2023,London,Guy's and St Thomas' NHS Foundation Trust,St Thomas' Hospital,Type 1,591,98,425,166,316,6.8,23,68,204,29,358
1238,05/09/2023,September,3,2023,Midlands,University Hospitals Birmingham NHS Foundation Trust,Queen Elizabeth Hospital Birmingham,Type 1,469,199,284,185,268,14.2,19,211,99,64,306
1239,05/09/2023,September,3,2023,Yorkshire and Humber,Leeds Teaching Hospitals NHS Trust,Leeds General Infirmary,Type 1,432,75,362,70,282,10.8,0,213,199,46,187
1240,05/09/2023,September,3,2023,South East,Oxford University Hospitals NHS Foundation Trust,John Radcliffe Hospital,Type 1,335,114,321,14,224,6.3,4,107,229,49,57
1241,06/09/2023,September,3,2023,North West,Liverpool University Hospitals NHS Foundation Trust,Royal Liverpool University Hospital,Type 1,426,166,374,52,174,9.7,22,175,207,40,179
1242,06/09/2023,September,3,2023,London,Guy's and St Thomas' NHS Foundation Trust,St Thomas' Hospital,Type 1,482,57,351,131,126,9.6,23,95,229,49,204
1243,06/09/2023,September,3,2023,Midlands,University Hospitals Birmingham NHS Foundation Trust,Queen Elizabeth Hospital Birmingham,Type 1,283,152,220,63,248,6,24,216,267,13,3
1244,06/09/2023,September,3,2023,Yorkshire and Humber,Leeds Teaching Hospitals NHS Trust,Leeds General Infirmary,Type 1,577,196,466,111,163,7.3,3,220,75,49,453
1245,06/09/2023,September,3,2023,South East,Oxford University Hospitals NHS Foundation Trust,John Radcliffe Hospital,Type 1,334,199,311,23,147,11,14,166,248,38,48
1246,07/09/2023,September,3,2023,North West,Liverpool University Hospitals NHS Foundation Trust,Royal Liverpool University Hospital,Type 1,330,172,316,14,132,13.3,3,155,74,65,191
1247,07/09/2023,September,3,2023,London,Guy's and St Thomas' NHS Foundation Trust,St Thomas' Hospital,Type 1,430,107,290,140,152,14.7,6,162,259,68,103
1248,07/09/2023,September,3,2023,Midlands,University Hospitals Birmingham NHS Foundation Trust,Queen Elizabeth Hospital Birmingham,Type 1,303,168,271,32,238,4.3,8,41,113,50,140
1249,07/09/2023,September,3,2023,Yorkshire and Humber,Leeds Teaching Hospitals NHS Trust,Leeds General Infirmary,Type 1,291,196,256,35,287,4.1,8,207,51,50,190
1250,07/09/2023,September,3,2023,South East,Oxford University Hospitals NHS Foundation Trust,John Radcliffe Hospital,Type 1,590,102,445,145,301,13.2,15,99,277,25,288
1251,08/09/2023,September,3,2023,North West,Liverpool University Hospitals NHS Foundation Trust,Royal Liverpool University Hospital,Type 1,376,79,374,2,313,6.8,5,89,86,13,277
1252,08/09/2023,September,3,2023,London,Guy's and St Thomas' NHS Foundation Trust,St Thomas' Hospital,Type 1,489,72,350,139,222,10.1,15,48,124,10,355
1253,08/09/2023,September,3,2023,Midlands,University Hospitals Birmingham NHS Foundation Trust,Queen Elizabeth Hospital Birmingham,Type 1,440,56,383,57,275,12,23,80,246,45,149
1254,08/09/2023,September,3,2023,Yorkshire and Humber,Leeds Teaching Hospitals NHS Trust,Leeds General Infirmary,Type 1,537,130,519,18,253,12.3,11,96,79,10,448
1255,08/09/2023,September,3,2023,South East,Oxford University Hospitals NHS Foundation Trust,John Radcliffe Hospital,Type 1,386,50,278,108,222,12,22,164,97,31,258
1256,09/09/2023,September,3,2023,North West,Liverpool University Hospitals NHS Foundation Trust,Royal Liverpool University Hospital,Type 1,447,127,313,134,296,13.8,23,220,144,13,290
1257,09/09/2023,September,3,2023,London,Guy's and St Thomas' NHS Foundation Trust,St Thomas' Hospital,Type 1,377,152,323,54,109,7.1,7,76,153,46,178
1258,09/09/2023,September,3,2023,Midlands,University Hospitals Birmingham NHS Foundation Trust,Queen Elizabeth Hospital Birmingham,Type 1,700,70,489,211,201,7.4,13,56,65,34,601
1259,09/09/2023,September,3,2023,Yorkshire and Humber,Leeds Teaching Hospitals NHS Trust,Leeds General Infirmary,Type 1,378,50,344,34,313,6,24,176,132,18,228
1260,09/09/2023,September,3,2023,South East,Oxford University Hospitals NHS Foundation Trust,John Radcliffe Hospital,Type 1,350,96,264,86,223,8.5,23,53,191,28,131
1261,10/09/2023,September,3,2023,North West,Liverpool University Hospitals NHS Foundation Trust,Royal Liverpool University Hospital,Type 1,698,114,599,99,110,13.3,8,127,175,23,500
1262,10/09/2023,September,3,2023,London,Guy's and St Thomas' NHS Foundation Trust,St Thomas' Hospital,Type 1,583,60,473,110,229,7.2,17,113,161,42,380
1263,10/09/2023,September,3,2023,Midlands,University Hospitals Birmingham NHS Foundation Trust,Queen Elizabeth Hospital Birmingham,Type 1,415,71,276,139,181,9.7,12,215,261,55,99
1264,10/09/2023,September,3,2023,Yorkshire and Humber,Leeds Teaching Hospitals NHS Trust,Leeds General Infirmary,Type 1,555,78,451,104,218,15.4,17,206,151,19,385
1265,10/09/2023,September,3,2023,South East,Oxford University Hospitals NHS Foundation Trust,John Radcliffe Hospital,Type 1,661,143,465,196,146,7.8,19,163,196,21,444
1266,11/09/2023,September,3,2023,North West,Liverpool University Hospitals NHS Foundation Trust,Royal Liverpool University Hospital,Type 1,485,145,301,184,253,4.6,21,148,165,25,295
1267,11/09/2023,September,3,2023,London,Guy's and St Thomas' NHS Foundation Trust,St Thomas' Hospital,Type 1,621,184,573,48,183,15.1,20,83,237,12,372
1268,11/09/2023,September,3,2023,Midlands,University Hospitals Birmingham NHS Foundation Trust,Queen Elizabeth Hospital Birmingham,Type 1,266,54,198,68,263,6.1,25,114,152,30,84
1269,11/09/2023,September,3,2023,Yorkshire and Humber,Leeds Teaching Hospitals NHS Trust,Leeds General Infirmary,Type 1,528,100,429,99,118,5.2,25,61,191,67,270
1270,11/09/2023,September,3,2023,South East,Oxford University Hospitals NHS Foundation Trust,John Radcliffe Hospital,Type 1,429,72,317,112,182,10.7,23,59,162,70,197
1271,12/09/2023,September,3,2023,North West,Liverpool University Hospitals NHS Foundation Trust,Royal Liverpool University Hospital,Type 1,264,63,260,4,224,11,18,193,213,62,11
1272,12/09/2023,September,3,2023,London,Guy's and St Thomas' NHS Foundation Trust,St Thomas' Hospital,Type 1,476,59,287,189,173,15.8,20,92,98,23,355
1273,12/09/2023,September,3,2023,Midlands,University Hospitals Birmingham NHS Foundation Trust,Queen Elizabeth Hospital Birmingham,Type 1,633,68,564,69,141,11.7,11,73,211,18,404
1274,12/09/2023,September,3,2023,Yorkshire and Humber,Leeds Teaching Hospitals NHS Trust,Leeds General Infirmary,Type 1,641,130,397,244,139,6,7,169,265,80,296
1275,12/09/2023,September,3,2023,South East,Oxford University Hospitals NHS Foundation Trust,John Radcliffe Hospital,Type 1,652,53,470,182,295,14.7,14,73,253,39,360
1276,13/09/2023,September,3,2023,North West,Liverpool University Hospitals NHS Foundation Trust,Royal Liverpool University Hospital,Type 1,431,52,341,90,314,7.4,1,59,58,76,297
1277,13/09/2023,September,3,2023,London,Guy's and St Thomas' NHS Foundation Trust,St Thomas' Hospital,Type 1,370,179,249,121,231,11.5,25,91,159,36,175
1278,13/09/2023,September,3,2023,Midlands,University Hospitals Birmingham NHS Foundation Trust,Queen Elizabeth Hospital Birmingham,Type 1,591,154,373,218,195,8,1,141,185,44,362
1279,13/09/2023,September,3,2023,Yorkshire and Humber,Leeds Teaching Hospitals NHS Trust,Leeds General Infirmary,Type 1,553,124,481,72,110,14.9,0,97,121,51,381
1280,13/09/2023,September,3,2023,South East,Oxford University Hospitals NHS Foundation Trust,John Radcliffe Hospital,Type 1,648,176,483,165,106,7.8,9,154,132,22,494
1281,14/09/2023,September,3,2023,North West,Liverpool University Hospitals NHS Foundation Trust,Royal Liverpool University Hospital,Type 1,507,91,357,150,91,12.3,21,69,73,74,360
1282,14/09/2023,September,3,2023,London,Guy's and St Thomas' NHS Foundation Trust,St Thomas' Hospital,Type 1,663,140,538,125,117,7.3,1,144,116,75,472
1283,14/09/2023,September,3,2023,Midlands,University Hospitals Birmingham NHS Foundation Trust,Queen Elizabeth Hospital Birmingham,Type 1,533,114,364,169,90,15.9,23,97,59,65,409
1284,14/09/2023,September,3,2023,Yorkshire and Humber,Leeds Teaching Hospitals NHS Trust,Leeds General Infirmary,Type 1,642,145,563,79,193,4.2,23,99,112,76,454
1285,14/09/2023,September,3,2023,South East,Oxford University Hospitals NHS Foundation Trust,John Radcliffe Hospital,Type 1,629,166,530,99,139,15.5,16,114,112,14,503
1286,15/09/2023,September,3,2023,North West,Liverpool University Hospitals NHS Foundation Trust,Royal Liverpool University Hospital,Type 1,307,178,296,11,162,9.2,15,165,190,76,41
1287,15/09/2023,September,3,2023,London,Guy's and St Thomas' NHS Foundation Trust,St Thomas' Hospital,Type 1,551,117,450,101,177,10.4,13,97,56,65,430
1288,15/09/2023,September,3,2023,Midlands,University Hospitals Birmingham NHS Foundation Trust,Queen Elizabeth Hospital Birmingham,Type 1,367,69,262,105,113,9.9,23,100,278,54,35
1289,15/09/2023,September,3,2023,Yorkshire and Humber,Leeds Teaching Hospitals NHS Trust,Leeds General Infirmary,Type 1,638,51,607,31,252,14.7,9,41,186,46,406
1290,15/09/2023,September,3,2023,South East,Oxford University Hospitals NHS Foundation Trust,John Radcliffe Hospital,Type 1,528,171,318,210,110,11.1,10,48,133,22,373
1291,16/09/2023,September,3,2023,North West,Liverpool University Hospitals NHS Foundation Trust,Royal Liverpool University Hospital,Type 1,330,161,255,75,297,4.4,13,128,258,44,28
1292,16/09/2023,September,3,2023,London,Guy's and St Thomas' NHS Foundation Trust,St Thomas' Hospital,Type 1,321,187,290,31,173,8.5,10,61,186,67,68
1293,16/09/2023,September,3,2023,Midlands,University Hospitals Birmingham NHS Foundation Trust,Queen Elizabeth Hospital Birmingham,Type 1,264,91,185,79,244,5.1,6,97,102,36,126
1294,16/09/2023,September,3,2023,Yorkshire and Humber,Leeds Teaching Hospitals NHS Trust,Leeds General Infirmary,Type 1,375,83,324,51,187,7.3,22,117,94,76,205
1295,16/09/2023,September,3,2023,South East,Oxford University Hospitals NHS Foundation Trust,John Radcliffe Hospital,Type 1,622,196,378,244,311,10.9,16,96,148,79,395
1296,17/09/2023,September,3,2023,North West,Liverpool University Hospitals NHS Foundation Trust,Royal Liverpool University Hospital,Type 1,699,76,637,62,158,6.8,6,148,240,24,435
1297,17/09/2023,September,3,2023,London,Guy's and St Thomas' NHS Foundation Trust,St Thomas' Hospital,Type 1,531,62,424,107,181,11.8,19,191,160,38,333
1298,17/09/2023,September,3,2023,Midlands,University Hospitals Birmingham NHS Foundation Trust,Queen Elizabeth Hospital Birmingham,Type 1,599,141,467,132,135,6.3,1,211,135,67,397
1299,17/09/2023,September,3,2023,Yorkshire and Humber,Leeds Teaching Hospitals NHS Trust,Leeds General Infirmary,Type 1,612,171,439,173,178,4.5,18,114,79,37,496
1300,17/09/2023,September,3,2023,South East,Oxford University Hospitals NHS Foundation Trust,John Radcliffe Hospital,Type 1,288,199,280,8,155,8.9,17,214,91,48,149
1301,18/09/2023,September,3,2023,North West,Liverpool University Hospitals NHS Foundation Trust,Royal Liverpool University Hospital,Type 1,695,175,428,267,298,11.6,2,43,85,14,596
1302,18/09/2023,September,3,2023,London,Guy's and St Thomas' NHS Foundation Trust,St Thomas' Hospital,Type 1,390,136,302,88,104,10.2,15,68,299,12,79
1303,18/09/2023,September,3,2023,Midlands,University Hospitals Birmingham NHS Foundation Trust,Queen Elizabeth Hospital Birmingham,Type 1,435,151,430,5,230,15.1,3,51,190,64,181
1304,18/09/2023,September,3,2023,Yorkshire and Humber,Leeds Teaching Hospitals NHS Trust,Leeds General Infirmary,Type 1,430,84,308,122,201,7.6,9,142,177,22,231
1305,18/09/2023,September,3,2023,South East,Oxford University Hospitals NHS Foundation Trust,John Radcliffe Hospital,Type 1,675,179,583,92,239,5,8,182,117,55,503
1306,19/09/2023,September,3,2023,North West,Liverpool University Hospitals NHS Foundation Trust,Royal Liverpool University Hospital,Type 1,324,80,298,26,212,8,23,118,73,25,226
1307,19/09/2023,September,3,2023,London,Guy's and St Thomas' NHS Foundation Trust,St Thomas' Hospital,Type 1,678,159,557,121,117,6.1,8,129,206,70,402
1308,19/09/2023,September,3,2023,Midlands,University Hospitals Birmingham NHS Foundation Trust,Queen Elizabeth Hospital Birmingham,Type 1,505,181,335,170,229,4.7,16,173,143,73,289
1309,19/09/2023,September,3,2023,Yorkshire and Humber,Leeds Teaching Hospitals NHS Trust,Leeds General Infirmary,Type 1,298,56,288,10,253,11,8,209,170,75,53
1310,19/09/2023,September,3,2023,South East,Oxford University Hospitals NHS Foundation Trust,John Radcliffe Hospital,Type 1,447,124,357,90,120,4.1,0,64,53,39,355
1311,20/09/2023,September,3,2023,North West,Liverpool University Hospitals NHS Foundation Trust,Royal Liverpool University Hospital,Type 1,576,193,400,176,135,14.4,3,128,138,60,378
1312,20/09/2023,September,3,2023,London,Guy's and St Thomas' NHS Foundation Trust,St Thomas' Hospital,Type 1,281,118,172,109,196,9.7,2,124,54,32,195
1313,20/09/2023,September,3,2023,Midlands,University Hospitals Birmingham NHS Foundation Trust,Queen Elizabeth Hospital Birmingham,Type 1,253,143,198,55,176,15.1,3,56,190,78,15
1314,20/09/2023,September,3,2023,Yorkshire and Humber,Leeds Teaching Hospitals NHS Trust,Leeds General Infirmary,Type 1,361,58,232,129,141,9.3,14,152,235,34,92
1315,20/09/2023,September,3,2023,South East,Oxford University Hospitals NHS Foundation Trust,John Radcliffe Hospital,Type 1,295,135,244,51,234,15.6,4,159,153,72,70
1316,21/09/2023,September,3,2023,North West,Liverpool University Hospitals NHS Foundation Trust,Royal Liverpool University Hospital,Type 1,550,149,454,96,200,9.2,16,48,257,23,270
1317,21/09/2023,September,3,2023,London,Guy's and St Thomas' NHS Foundation Trust,St Thomas' Hospital,Type 1,288,180,213,75,267,15,14,86,234,80,26
1318,21/09/2023,September,3,2023,Midlands,University Hospitals Birmingham NHS Foundation Trust,Queen Elizabeth Hospital Birmingham,Type 1,528,113,438,90,180,13.3,9,171,157,30,341
1319,21/09/2023,September,3,2023,Yorkshire and Humber,Leeds Teaching Hospitals NHS Trust,Leeds General Infirmary,Type 1,381,148,335,46,155,15.6,1,144,189,41,151
1320,21/09/2023,September,3,2023,South East,Oxford University Hospitals NHS Foundation Trust,John Radcliffe Hospital,Type 1,486,141,325,161,281,9.7,9,189,116,38,332
1321,22/09/2023,September,3,2023,North West,Liverpool University Hospitals NHS Foundation Trust,Royal Liverpool University Hospital,Type 1,316,61,316,0,130,5.5,18,86,294,75,53
1322,22/09/2023,September,3,2023,London,Guy's and St Thomas' NHS Foundation Trust,St Thomas' Hospital,Type 1,258,184,230,28,217,6.1,7,219,152,60,46
1323,22/09/2023,September,3,2023,Midlands,University Hospitals Birmingham NHS Foundation Trust,Queen Elizabeth Hospital Birmingham,Type 1,420,99,342,78,266,12.9,22,52,166,33,221
1324,22/09/2023,September,3,2023,Yorkshire and Humber,Leeds Teaching Hospitals NHS Trust,Leeds General Infirmary,Type 1,341,86,317,24,190,8.5,5,207,180,46,115
1325,22/09/2023,September,3,2023,South East,Oxford University Hospitals NHS Foundation Trust,John Radcliffe Hospital,Type 1,349,180,325,24,187,8.9,2,134,128,63,158
1326,23/09/2023,September,3,2023,North West,Liverpool University Hospitals NHS Foundation Trust,Royal Liverpool University Hospital,Type 1,568,150,396,172,285,9.4,3,167,294,67,207
1327,23/09/2023,September,3,2023,London,Guy's and St Thomas' NHS Foundation Trust,St Thomas' Hospital,Type 1,564,139,415,149,162,8.4,22,125,293,47,224
1328,23/09/2023,September,3,2023,Midlands,University Hospitals Birmingham NHS Foundation Trust,Queen Elizabeth Hospital Birmingham,Type 1,642,72,457,185,247,9.8,18,132,146,51,445
1329,23/09/2023,September,3,2023,Yorkshire and Humber,Leeds Teaching Hospitals NHS Trust,Leeds General Infirmary,Type 1,357,59,252,105,269,13.3,17,150,178,64,115
1330,23/09/2023,September,3,2023,South East,Oxford University Hospitals NHS Foundation Trust,John Radcliffe Hospital,Type 1,390,50,268,122,210,14.1,21,48,187,48,155
1331,24/09/2023,September,3,2023,North West,Liverpool University Hospitals NHS Foundation Trust,Royal Liverpool University Hospital,Type 1,403,124,364,39,284,5.1,6,184,64,19,320
1332,24/09/2023,September,3,2023,London,Guy's and St Thomas' NHS Foundation Trust,St Thomas' Hospital,Type 1,471,172,383,88,216,8.4,8,163,197,55,219
1333,24/09/2023,September,3,2023,Midlands,University Hospitals Birmingham NHS Foundation Trust,Queen Elizabeth Hospital Birmingham,Type 1,409,168,313,96,214,7,3,215,298,39,72
1334,24/09/2023,September,3,2023,Yorkshire and Humber,Leeds Teaching Hospitals NHS Trust,Leeds General Infirmary,Type 1,526,117,372,154,313,6,5,183,169,41,316
1335,24/09/2023,September,3,2023,South East,Oxford University Hospitals NHS Foundation Trust,John Radcliffe Hospital,Type 1,362,113,225,137,119,13.8,6,172,181,44,137
1336,25/09/2023,September,3,2023,North West,Liverpool University Hospitals NHS Foundation Trust,Royal Liverpool University Hospital,Type 1,447,65,341,106,319,10.5,18,159,52,22,373
1337,25/09/2023,September,3,2023,London,Guy's and St Thomas' NHS Foundation Trust,St Thomas' Hospital,Type 1,415,145,278,137,233,7.4,9,121,221,23,171
1338,25/09/2023,September,3,2023,Midlands,University Hospitals Birmingham NHS Foundation Trust,Queen Elizabeth Hospital Birmingham,Type 1,505,118,457,48,120,12.2,3,178,225,45,235
1339,25/09/2023,September,3,2023,Yorkshire and Humber,Leeds Teaching Hospitals NHS Trust,Leeds General Infirmary,Type 1,258,145,252,6,195,6,2,175,57,63,138
1340,25/09/2023,September,3,2023,South East,Oxford University Hospitals NHS Foundation Trust,John Radcliffe Hospital,Type 1,251,73,154,97,205,15.6,11,197,263,52,64
1341,26/09/2023,September,3,2023,North West,Liverpool University Hospitals NHS Foundation Trust,Royal Liverpool University Hospital,Type 1,625,188,520,105,269,10.2,1,137,76,37,512
1342,26/09/2023,September,3,2023,London,Guy's and St Thomas' NHS Foundation Trust,St Thomas' Hospital,Type 1,250,197,215,35,237,8.9,19,64,101,59,90
1343,26/09/2023,September,3,2023,Midlands,University Hospitals Birmingham NHS Foundation Trust,Queen Elizabeth Hospital Birmingham,Type 1,585,123,374,211,229,8.1,21,76,138,74,373
1344,26/09/2023,September,3,2023,Yorkshire and Humber,Leeds Teaching Hospitals NHS Trust,Leeds General Infirmary,Type 1,641,198,463,178,320,7.7,17,199,238,76,327
1345,26/09/2023,September,3,2023,South East,Oxford University Hospitals NHS Foundation Trust,John Radcliffe Hospital,Type 1,664,100,428,236,109,15.4,12,75,121,20,523
1346,27/09/2023,September,3,2023,North West,Liverpool University Hospitals NHS Foundation Trust,Royal Liverpool University Hospital,Type 1,314,185,218,96,239,5.7,10,126,154,66,94
1347,27/09/2023,September,3,2023,London,Guy's and St Thomas' NHS Foundation Trust,St Thomas' Hospital,Type 1,541,182,535,6,297,13.2,6,179,252,43,246
1348,27/09/2023,September,3,2023,Midlands,University Hospitals Birmingham NHS Foundation Trust,Queen Elizabeth Hospital Birmingham,Type 1,433,188,433,0,194,13.8,7,96,240,62,131
1349,27/09/2023,September,3,2023,Yorkshire and Humber,Leeds Teaching Hospitals NHS Trust,Leeds General Infirmary,Type 1,303,102,268,35,217,9.2,20,90,186,14,103
1350,27/09/2023,September,3,2023,South East,Oxford University Hospitals NHS Foundation Trust,John Radcliffe Hospital,Type 1,374,158,304,70,270,7,0,134,283,59,32
1351,28/09/2023,September,3,2023,North West,Liverpool University Hospitals NHS Foundation Trust,Royal Liverpool University Hospital,Type 1,441,98,335,106,162,8.7,15,128,248,23,170
1352,28/09/2023,September,3,2023,London,Guy's and St Thomas' NHS Foundation Trust,St Thomas' Hospital,Type 1,491,125,479,12,246,13.4,12,203,184,12,295
1353,28/09/2023,September,3,2023,Midlands,University Hospitals Birmingham NHS Foundation Trust,Queen Elizabeth Hospital Birmingham,Type 1,387,55,318,69,99,5.8,7,121,215,48,124
1354,28/09/2023,September,3,2023,Yorkshire and Humber,Leeds Teaching Hospitals NHS Trust,Leeds General Infirmary,Type 1,477,147,361,116,218,15.1,14,50,201,76,200
1355,28/09/2023,September,3,2023,South East,Oxford University Hospitals NHS Foundation Trust,John Radcliffe Hospital,Type 1,427,151,335,92,210,5.7,13,89,61,53,313
1356,29/09/2023,September,3,2023,North West,Liverpool University Hospitals NHS Foundation Trust,Royal Liverpool University Hospital,Type 1,621,134,505,116,240,14.6,12,62,287,55,279
1357,29/09/2023,September,3,2023,London,Guy's and St Thomas' NHS Foundation Trust,St Thomas' Hospital,Type 1,304,148,187,117,211,15.1,18,176,97,29,178
1358,29/09/2023,September,3,2023,Midlands,University Hospitals Birmingham NHS Foundation Trust,Queen Elizabeth Hospital Birmingham,Type 1,427,177,322,105,212,10.2,0,215,198,54,175
1359,29/09/2023,September,3,2023,Yorkshire and Humber,Leeds Teaching Hospitals NHS Trust,Leeds General Infirmary,Type 1,502,67,343,159,133,14.6,22,143,207,32,263
1360,29/09/2023,September,3,2023,South East,Oxford University Hospitals NHS Foundation Trust,John Radcliffe Hospital,Type 1,700,129,429,271,96,12.9,16,81,224,12,464
1361,30/09/2023,September,3,2023,North West,Liverpool University Hospitals NHS Foundation Trust,Royal Liverpool University Hospital,Type 1,541,60,478,63,288,15.5,15,92,176,75,290
1362,30/09/2023,September,3,2023,London,Guy's and St Thomas' NHS Foundation Trust,St Thomas' Hospital,Type 1,321,139,256,65,173,10.8,23,140,150,73,98
1363,30/09/2023,September,3,2023,Midlands,University Hospitals Birmingham NHS Foundation Trust,Queen Elizabeth Hospital Birmingham,Type 1,611,178,579,32,126,6.6,24,118,51,21,539
1364,30/09/2023,September,3,2023,Yorkshire and Humber,Leeds Teaching Hospitals NHS Trust,Leeds General Infirmary,Type 1,251,176,231,20,306,11.7,16,201,284,43,76
1365,30/09/2023,September,3,2023,South East,Oxford University Hospitals NHS Foundation Trust,John Radcliffe Hospital,Type 1,504,50,441,63,122,13.6,0,219,167,70,267
1366,01/10/2023,October,4,2023,North West,Liverpool University Hospitals NHS Foundation Trust,Royal Liverpool University Hospital,Type 1,680,161,476,204,188,12.8,1,72,90,78,512
1367,01/10/2023,October,4,2023,London,Guy's and St Thomas' NHS Foundation Trust,St Thomas' Hospital,Type 1,528,179,412,116,178,13.3,16,50,253,64,211
1368,01/10/2023,October,4,2023,Midlands,University Hospitals Birmingham NHS Foundation Trust,Queen Elizabeth Hospital Birmingham,Type 1,348,169,228,120,197,6.1,0,129,52,48,248
1369,01/10/2023,October,4,2023,Yorkshire and Humber,Leeds Teaching Hospitals NHS Trust,Leeds General Infirmary,Type 1,279,55,232,47,215,8,20,112,218,17,44
1370,01/10/2023,October,4,2023,South East,Oxford University Hospitals NHS Foundation Trust,John Radcliffe Hospital,Type 1,422,52,277,145,257,9.2,2,214,222,21,179
1371,02/10/2023,October,4,2023,North West,Liverpool University Hospitals NHS Foundation Trust,Royal Liverpool University Hospital,Type 1,337,72,328,9,158,12.3,24,150,132,50,155
1372,02/10/2023,October,4,2023,London,Guy's and St Thomas' NHS Foundation Trust,St Thomas' Hospital,Type 1,538,134,480,58,154,8.3,4,177,95,57,386
1373,02/10/2023,October,4,2023,Midlands,University Hospitals Birmingham NHS Foundation Trust,Queen Elizabeth Hospital Birmingham,Type 1,347,62,300,47,227,5.2,18,186,122,41,184
1374,02/10/2023,October,4,2023,Yorkshire and Humber,Leeds Teaching Hospitals NHS Trust,Leeds General Infirmary,Type 1,359,146,271,88,96,15.9,22,41,211,73,75
1375,02/10/2023,October,4,2023,South East,Oxford University Hospitals NHS Foundation Trust,John Radcliffe Hospital,Type 1,372,107,291,81,175,7.8,13,98,186,34,152
1376,03/10/2023,October,4,2023,North West,Liverpool University Hospitals NHS Foundation Trust,Royal Liverpool University Hospital,Type 1,698,179,593,105,184,11.4,7,87,170,14,514
1377,03/10/2023,October,4,2023,London,Guy's and St Thomas' NHS Foundation Trust,St Thomas' Hospital,Type 1,698,160,602,96,318,14.7,13,103,269,14,415
1378,03/10/2023,October,4,2023,Midlands,University Hospitals Birmingham NHS Foundation Trust,Queen Elizabeth Hospital Birmingham,Type 1,508,193,436,72,96,10.9,25,50,115,52,341
1379,03/10/2023,October,4,2023,Yorkshire and Humber,Leeds Teaching Hospitals NHS Trust,Leeds General Infirmary,Type 1,514,76,361,153,175,7,11,142,237,69,208
1380,03/10/2023,October,4,2023,South East,Oxford University Hospitals NHS Foundation Trust,John Radcliffe Hospital,Type 1,331,125,296,35,252,6,6,55,123,13,195
1381,04/10/2023,October,4,2023,North West,Liverpool University Hospitals NHS Foundation Trust,Royal Liverpool University Hospital,Type 1,443,198,421,22,306,12.4,7,107,162,63,218
1382,04/10/2023,October,4,2023,London,Guy's and St Thomas' NHS Foundation Trust,St Thomas' Hospital,Type 1,644,59,398,246,226,12.5,20,84,292,57,295
1383,04/10/2023,October,4,2023,Midlands,University Hospitals Birmingham NHS Foundation Trust,Queen Elizabeth Hospital Birmingham,Type 1,313,57,258,55,124,10.9,12,164,164,28,121
1384,04/10/2023,October,4,2023,Yorkshire and Humber,Leeds Teaching Hospitals NHS Trust,Leeds General Infirmary,Type 1,259,123,217,42,194,12.7,4,163,79,45,135
1385,04/10/2023,October,4,2023,South East,Oxford University Hospitals NHS Foundation Trust,John Radcliffe Hospital,Type 1,596,183,533,63,192,12.7,8,200,67,48,481
1386,05/10/2023,October,4,2023,North West,Liverpool University Hospitals NHS Foundation Trust,Royal Liverpool University Hospital,Type 1,304,103,184,120,164,11.9,21,211,235,29,40
1387,05/10/2023,October,4,2023,London,Guy's and St Thomas' NHS Foundation Trust,St Thomas' Hospital,Type 1,629,193,414,215,278,8,3,52,146,21,462
1388,05/10/2023,October,4,2023,Midlands,University Hospitals Birmingham NHS Foundation Trust,Queen Elizabeth Hospital Birmingham,Type 1,258,172,227,31,299,14.5,6,172,292,39,73
1389,05/10/2023,October,4,2023,Yorkshire and Humber,Leeds Teaching Hospitals NHS Trust,Leeds General Infirmary,Type 1,540,135,494,46,301,5.5,2,42,168,49,323
1390,05/10/2023,October,4,2023,South East,Oxford University Hospitals NHS Foundation Trust,John Radcliffe Hospital,Type 1,518,127,446,72,267,10.3,16,74,152,24,342
1391,06/10/2023,October,4,2023,North West,Liverpool University Hospitals NHS Foundation Trust,Royal Liverpool University Hospital,Type 1,478,144,330,148,119,10,11,198,57,62,359
1392,06/10/2023,October,4,2023,London,Guy's and St Thomas' NHS Foundation Trust,St Thomas' Hospital,Type 1,446,155,399,47,192,10.5,24,134,110,13,323
1393,06/10/2023,October,4,2023,Midlands,University Hospitals Birmingham NHS Foundation Trust,Queen Elizabeth Hospital Birmingham,Type 1,573,123,531,42,237,7.1,17,85,160,26,387
1394,06/10/2023,October,4,2023,Yorkshire and Humber,Leeds Teaching Hospitals NHS Trust,Leeds General Infirmary,Type 1,638,65,620,18,165,7.3,25,57,171,77,390
1395,06/10/2023,October,4,2023,South East,Oxford University Hospitals NHS Foundation Trust,John Radcliffe Hospital,Type 1,455,124,307,148,234,9.1,4,76,129,59,267
1396,07/10/2023,October,4,2023,North West,Liverpool University Hospitals NHS Foundation Trust,Royal Liverpool University Hospital,Type 1,603,59,364,239,118,14.6,11,132,137,60,406
1397,07/10/2023,October,4,2023,London,Guy's and St Thomas' NHS Foundation Trust,St Thomas' Hospital,Type 1,542,71,489,53,292,15.7,18,165,216,39,287
1398,07/10/2023,October,4,2023,Midlands,University Hospitals Birmingham NHS Foundation Trust,Queen Elizabeth Hospital Birmingham,Type 1,607,75,383,224,287,12.5,23,68,273,27,307
1399,07/10/2023,October,4,2023,Yorkshire and Humber,Leeds Teaching Hospitals NHS Trust,Leeds General Infirmary,Type 1,497,128,496,1,107,5.1,9,176,197,35,265
1400,07/10/2023,October,4,2023,South East,Oxford University Hospitals NHS Foundation Trust,John Radcliffe Hospital,Type 1,634,69,481,153,104,15.1,12,89,74,43,517
1401,08/10/2023,October,4,2023,North West,Liverpool University Hospitals NHS Foundation Trust,Royal Liverpool University Hospital,Type 1,503,154,428,75,286,8.4,11,113,173,21,309
1402,08/10/2023,October,4,2023,London,Guy's and St Thomas' NHS Foundation Trust,St Thomas' Hospital,Type 1,608,165,383,225,248,4.2,24,144,271,47,290
1403,08/10/2023,October,4,2023,Midlands,University Hospitals Birmingham NHS Foundation Trust,Queen Elizabeth Hospital Birmingham,Type 1,326,140,227,99,310,7.5,13,220,169,15,142
1404,08/10/2023,October,4,2023,Yorkshire and Humber,Leeds Teaching Hospitals NHS Trust,Leeds General Infirmary,Type 1,598,97,400,198,183,11.8,25,90,227,17,354
1405,08/10/2023,October,4,2023,South East,Oxford University Hospitals NHS Foundation Trust,John Radcliffe Hospital,Type 1,352,102,239,113,290,5.8,4,125,205,26,121
1406,09/10/2023,October,4,2023,North West,Liverpool University Hospitals NHS Foundation Trust,Royal Liverpool University Hospital,Type 1,482,166,429,53,131,6.2,10,202,50,79,353
1407,09/10/2023,October,4,2023,London,Guy's and St Thomas' NHS Foundation Trust,St Thomas' Hospital,Type 1,465,183,385,80,310,5.8,16,208,74,35,356
1408,09/10/2023,October,4,2023,Midlands,University Hospitals Birmingham NHS Foundation Trust,Queen Elizabeth Hospital Birmingham,Type 1,371,108,333,38,205,6.2,15,176,80,43,248
1409,09/10/2023,October,4,2023,Yorkshire and Humber,Leeds Teaching Hospitals NHS Trust,Leeds General Infirmary,Type 1,596,160,524,72,150,8.3,13,79,281,18,297
1410,09/10/2023,October,4,2023,South East,Oxford University Hospitals NHS Foundation Trust,John Radcliffe Hospital,Type 1,556,120,402,154,222,11.2,25,180,66,16,474
1411,10/10/2023,October,4,2023,North West,Liverpool University Hospitals NHS Foundation Trust,Royal Liverpool University Hospital,Type 1,399,123,349,50,126,6.3,14,140,289,76,34
1412,10/10/2023,October,4,2023,London,Guy's and St Thomas' NHS Foundation Trust,St Thomas' Hospital,Type 1,321,196,218,103,231,11.2,17,133,261,47,13
1413,10/10/2023,October,4,2023,Midlands,University Hospitals Birmingham NHS Foundation Trust,Queen Elizabeth Hospital Birmingham,Type 1,512,62,376,136,201,9,23,79,127,71,314
1414,10/10/2023,October,4,2023,Yorkshire and Humber,Leeds Teaching Hospitals NHS Trust,Leeds General Infirmary,Type 1,624,134,576,48,209,7.5,7,121,277,25,322
1415,10/10/2023,October,4,2023,South East,Oxford University Hospitals NHS Foundation Trust,John Radcliffe Hospital,Type 1,312,108,235,77,193,4.7,12,191,249,66,3
1416,11/10/2023,October,4,2023,North West,Liverpool University Hospitals NHS Foundation Trust,Royal Liverpool University Hospital,Type 1,263,92,171,92,90,13.1,10,161,121,70,72
1417,11/10/2023,October,4,2023,London,Guy's and St Thomas' NHS Foundation Trust,St Thomas' Hospital,Type 1,440,57,337,103,312,13.3,25,94,113,57,270
1418,11/10/2023,October,4,2023,Midlands,University Hospitals Birmingham NHS Foundation Trust,Queen Elizabeth Hospital Birmingham,Type 1,531,192,465,66,211,4.4,23,161,94,21,416
1419,11/10/2023,October,4,2023,Yorkshire and Humber,Leeds Teaching Hospitals NHS Trust,Leeds General Infirmary,Type 1,540,81,436,104,157,10.6,19,82,273,12,255
1420,11/10/2023,October,4,2023,South East,Oxford University Hospitals NHS Foundation Trust,John Radcliffe Hospital,Type 1,638,129,430,208,267,15.5,3,57,104,17,517
1421,12/10/2023,October,4,2023,North West,Liverpool University Hospitals NHS Foundation Trust,Royal Liverpool University Hospital,Type 1,544,157,529,15,139,8.2,14,210,258,49,237
1422,12/10/2023,October,4,2023,London,Guy's and St Thomas' NHS Foundation Trust,St Thomas' Hospital,Type 1,353,199,214,139,171,12.3,23,75,244,59,50
1423,12/10/2023,October,4,2023,Midlands,University Hospitals Birmingham NHS Foundation Trust,Queen Elizabeth Hospital Birmingham,Type 1,541,116,435,106,319,13.8,8,91,267,49,225
1424,12/10/2023,October,4,2023,Yorkshire and Humber,Leeds Teaching Hospitals NHS Trust,Leeds General Infirmary,Type 1,267,88,221,46,305,12.1,2,178,196,31,40
1425,12/10/2023,October,4,2023,South East,Oxford University Hospitals NHS Foundation Trust,John Radcliffe Hospital,Type 1,364,120,327,37,314,14.6,18,102,300,13,51
1426,13/10/2023,October,4,2023,North West,Liverpool University Hospitals NHS Foundation Trust,Royal Liverpool University Hospital,Type 1,615,161,581,34,145,11.8,14,63,56,56,503
1427,13/10/2023,October,4,2023,London,Guy's and St Thomas' NHS Foundation Trust,St Thomas' Hospital,Type 1,509,189,353,156,246,4.1,25,188,259,60,190
1428,13/10/2023,October,4,2023,Midlands,University Hospitals Birmingham NHS Foundation Trust,Queen Elizabeth Hospital Birmingham,Type 1,317,89,260,57,271,4.5,5,191,280,40,3
1429,13/10/2023,October,4,2023,Yorkshire and Humber,Leeds Teaching Hospitals NHS Trust,Leeds General Infirmary,Type 1,608,168,415,193,220,7.6,21,181,137,68,403
1430,13/10/2023,October,4,2023,South East,Oxford University Hospitals NHS Foundation Trust,John Radcliffe Hospital,Type 1,619,97,375,244,195,15.5,6,94,219,19,381
1431,14/10/2023,October,4,2023,North West,Liverpool University Hospitals NHS Foundation Trust,Royal Liverpool University Hospital,Type 1,447,129,273,174,171,5.6,6,142,81,22,344
1432,14/10/2023,October,4,2023,London,Guy's and St Thomas' NHS Foundation Trust,St Thomas' Hospital,Type 1,370,53,339,31,287,12.1,5,154,260,79,31
1433,14/10/2023,October,4,2023,Midlands,University Hospitals Birmingham NHS Foundation Trust,Queen Elizabeth Hospital Birmingham,Type 1,355,150,222,133,139,7,15,161,205,21,129
1434,14/10/2023,October,4,2023,Yorkshire and Humber,Leeds Teaching Hospitals NHS Trust,Leeds General Infirmary,Type 1,561,110,386,175,200,15.7,21,56,168,63,330
1435,14/10/2023,October,4,2023,South East,Oxford University Hospitals NHS Foundation Trust,John Radcliffe Hospital,Type 1,289,50,276,13,306,11.4,0,54,63,66,160
1436,15/10/2023,October,4,2023,North West,Liverpool University Hospitals NHS Foundation Trust,Royal Liverpool University Hospital,Type 1,443,108,267,176,201,12.3,25,166,164,22,257
1437,15/10/2023,October,4,2023,London,Guy's and St Thomas' NHS Foundation Trust,St Thomas' Hospital,Type 1,502,71,340,162,213,5.9,11,129,101,43,358
1438,15/10/2023,October,4,2023,Midlands,University Hospitals Birmingham NHS Foundation Trust,Queen Elizabeth Hospital Birmingham,Type 1,315,109,306,9,292,11.4,21,105,128,49,138
1439,15/10/2023,October,4,2023,Yorkshire and Humber,Leeds Teaching Hospitals NHS Trust,Leeds General Infirmary,Type 1,634,115,514,120,275,10.3,8,60,87,18,529
1440,15/10/2023,October,4,2023,South East,Oxford University Hospitals NHS Foundation Trust,John Radcliffe Hospital,Type 1,486,123,310,176,284,12.3,0,162,64,23,399
1441,16/10/2023,October,4,2023,North West,Liverpool University Hospitals NHS Foundation Trust,Royal Liverpool University Hospital,Type 1,506,89,437,69,140,6,15,97,276,20,210
1442,16/10/2023,October,4,2023,London,Guy's and St Thomas' NHS Foundation Trust,St Thomas' Hospital,Type 1,603,84,497,106,168,15.2,3,67,147,45,411
1443,16/10/2023,October,4,2023,Midlands,University Hospitals Birmingham NHS Foundation Trust,Queen Elizabeth Hospital Birmingham,Type 1,420,157,374,46,165,8.4,16,186,191,12,217
1444,16/10/2023,October,4,2023,Yorkshire and Humber,Leeds Teaching Hospitals NHS Trust,Leeds General Infirmary,Type 1,515,63,407,108,99,8.8,0,154,294,58,163
1445,16/10/2023,October,4,2023,South East,Oxford University Hospitals NHS Foundation Trust,John Radcliffe Hospital,Type 1,456,174,380,76,164,7.3,20,193,50,59,347
1446,17/10/2023,October,4,2023,North West,Liverpool University Hospitals NHS Foundation Trust,Royal Liverpool University Hospital,Type 1,371,184,327,44,232,15.5,22,72,274,39,58
1447,17/10/2023,October,4,2023,London,Guy's and St Thomas' NHS Foundation Trust,St Thomas' Hospital,Type 1,533,74,458,75,192,10.9,9,89,152,78,303
1448,17/10/2023,October,4,2023,Midlands,University Hospitals Birmingham NHS Foundation Trust,Queen Elizabeth Hospital Birmingham,Type 1,545,77,365,180,202,13.1,10,70,251,58,236
1449,17/10/2023,October,4,2023,Yorkshire and Humber,Leeds Teaching Hospitals NHS Trust,Leeds General Infirmary,Type 1,348,153,259,89,213,14.8,19,138,86,52,210
1450,17/10/2023,October,4,2023,South East,Oxford University Hospitals NHS Foundation Trust,John Radcliffe Hospital,Type 1,531,89,506,25,306,8.6,17,66,231,29,271
1451,18/10/2023,October,4,2023,North West,Liverpool University Hospitals NHS Foundation Trust,Royal Liverpool University Hospital,Type 1,570,107,558,12,282,7,19,68,149,20,401
1452,18/10/2023,October,4,2023,London,Guy's and St Thomas' NHS Foundation Trust,St Thomas' Hospital,Type 1,663,82,399,264,261,8.7,6,75,103,77,483
1453,18/10/2023,October,4,2023,Midlands,University Hospitals Birmingham NHS Foundation Trust,Queen Elizabeth Hospital Birmingham,Type 1,648,94,557,91,269,8.3,22,123,229,60,359
1454,18/10/2023,October,4,2023,Yorkshire and Humber,Leeds Teaching Hospitals NHS Trust,Leeds General Infirmary,Type 1,266,146,170,96,187,14.2,14,130,192,13,61
1455,18/10/2023,October,4,2023,South East,Oxford University Hospitals NHS Foundation Trust,John Radcliffe Hospital,Type 1,465,85,364,101,92,7.6,25,89,211,56,198
1456,19/10/2023,October,4,2023,North West,Liverpool University Hospitals NHS Foundation Trust,Royal Liverpool University Hospital,Type 1,657,107,522,135,144,15.1,9,172,137,43,477
1457,19/10/2023,October,4,2023,London,Guy's and St Thomas' NHS Foundation Trust,St Thomas' Hospital,Type 1,556,53,544,12,119,9.2,22,179,151,70,335
1458,19/10/2023,October,4,2023,Midlands,University Hospitals Birmingham NHS Foundation Trust,Queen Elizabeth Hospital Birmingham,Type 1,386,107,380,6,203,10.7,7,75,72,52,262
1459,19/10/2023,October,4,2023,Yorkshire and Humber,Leeds Teaching Hospitals NHS Trust,Leeds General Infirmary,Type 1,482,131,336,146,201,5.2,6,53,222,17,243
1460,19/10/2023,October,4,2023,South East,Oxford University Hospitals NHS Foundation Trust,John Radcliffe Hospital,Type 1,319,122,282,37,202,6.8,13,127,284,32,3
1461,20/10/2023,October,4,2023,North West,Liverpool University Hospitals NHS Foundation Trust,Royal Liverpool University Hospital,Type 1,310,60,268,42,158,7.9,21,154,259,62,11
1462,20/10/2023,October,4,2023,London,Guy's and St Thomas' NHS Foundation Trust,St Thomas' Hospital,Type 1,401,157,389,12,189,9,10,189,81,56,264
1463,20/10/2023,October,4,2023,Midlands,University Hospitals Birmingham NHS Foundation Trust,Queen Elizabeth Hospital Birmingham,Type 1,541,111,458,83,209,6.6,24,148,73,60,408
1464,20/10/2023,October,4,2023,Yorkshire and Humber,Leeds Teaching Hospitals NHS Trust,Leeds General Infirmary,Type 1,253,85,185,68,288,15.4,14,45,92,15,146
1465,20/10/2023,October,4,2023,South East,Oxford University Hospitals NHS Foundation Trust,John Radcliffe Hospital,Type 1,298,140,258,40,90,13.6,25,87,67,38,193
1466,21/10/2023,October,4,2023,North West,Liverpool University Hospitals NHS Foundation Trust,Royal Liverpool University Hospital,Type 1,273,85,251,22,285,11.3,20,170,122,33,118
1467,21/10/2023,October,4,2023,London,Guy's and St Thomas' NHS Foundation Trust,St Thomas' Hospital,Type 1,588,131,572,16,304,7.8,25,150,219,67,302
1468,21/10/2023,October,4,2023,Midlands,University Hospitals Birmingham NHS Foundation Trust,Queen Elizabeth Hospital Birmingham,Type 1,305,152,299,6,199,8.8,1,173,190,29,86
1469,21/10/2023,October,4,2023,Yorkshire and Humber,Leeds Teaching Hospitals NHS Trust,Leeds General Infirmary,Type 1,397,69,325,72,220,10.5,18,213,236,55,106
1470,21/10/2023,October,4,2023,South East,Oxford University Hospitals NHS Foundation Trust,John Radcliffe Hospital,Type 1,414,71,290,124,122,13.8,11,206,183,19,212
1471,22/10/2023,October,4,2023,North West,Liverpool University Hospitals NHS Foundation Trust,Royal Liverpool University Hospital,Type 1,398,84,341,57,273,13.3,9,81,223,80,95
1472,22/10/2023,October,4,2023,London,Guy's and St Thomas' NHS Foundation Trust,St Thomas' Hospital,Type 1,482,75,469,13,108,8.9,9,107,112,62,308
1473,22/10/2023,October,4,2023,Midlands,University Hospitals Birmingham NHS Foundation Trust,Queen Elizabeth Hospital Birmingham,Type 1,479,111,397,82,219,8.5,1,50,210,55,214
1474,22/10/2023,October,4,2023,Yorkshire and Humber,Leeds Teaching Hospitals NHS Trust,Leeds General Infirmary,Type 1,547,116,529,18,172,15.7,16,187,92,69,386
1475,22/10/2023,October,4,2023,South East,Oxford University Hospitals NHS Foundation Trust,John Radcliffe Hospital,Type 1,304,86,187,117,156,7.8,23,78,138,18,148
1476,23/10/2023,October,4,2023,North West,Liverpool University Hospitals NHS Foundation Trust,Royal Liverpool University Hospital,Type 1,294,67,263,31,133,6.3,23,191,72,57,165
1477,23/10/2023,October,4,2023,London,Guy's and St Thomas' NHS Foundation Trust,St Thomas' Hospital,Type 1,276,55,179,97,170,8.9,2,190,267,61,52
1478,23/10/2023,October,4,2023,Midlands,University Hospitals Birmingham NHS Foundation Trust,Queen Elizabeth Hospital Birmingham,Type 1,507,175,422,85,171,10,18,118,186,77,244
1479,23/10/2023,October,4,2023,Yorkshire and Humber,Leeds Teaching Hospitals NHS Trust,Leeds General Infirmary,Type 1,421,118,356,65,180,7.4,0,61,267,59,95
1480,23/10/2023,October,4,2023,South East,Oxford University Hospitals NHS Foundation Trust,John Radcliffe Hospital,Type 1,572,84,371,201,195,12.1,13,138,188,53,331
1481,24/10/2023,October,4,2023,North West,Liverpool University Hospitals NHS Foundation Trust,Royal Liverpool University Hospital,Type 1,457,85,342,115,187,9.6,14,113,264,44,149
1482,24/10/2023,October,4,2023,London,Guy's and St Thomas' NHS Foundation Trust,St Thomas' Hospital,Type 1,613,156,434,179,170,6.5,19,56,83,53,477
1483,24/10/2023,October,4,2023,Midlands,University Hospitals Birmingham NHS Foundation Trust,Queen Elizabeth Hospital Birmingham,Type 1,564,90,491,73,188,7.1,10,155,140,55,369
1484,24/10/2023,October,4,2023,Yorkshire and Humber,Leeds Teaching Hospitals NHS Trust,Leeds General Infirmary,Type 1,625,166,527,98,176,5.6,20,116,57,42,526
1485,24/10/2023,October,4,2023,South East,Oxford University Hospitals NHS Foundation Trust,John Radcliffe Hospital,Type 1,645,85,431,214,163,4.4,8,65,207,46,392
1486,25/10/2023,October,4,2023,North West,Liverpool University Hospitals NHS Foundation Trust,Royal Liverpool University Hospital,Type 1,526,55,443,83,180,10.9,12,117,65,65,396
1487,25/10/2023,October,4,2023,London,Guy's and St Thomas' NHS Foundation Trust,St Thomas' Hospital,Type 1,404,181,339,65,203,10.1,19,190,67,35,302
1488,25/10/2023,October,4,2023,Midlands,University Hospitals Birmingham NHS Foundation Trust,Queen Elizabeth Hospital Birmingham,Type 1,458,134,358,100,290,14.5,12,175,104,18,336
1489,25/10/2023,October,4,2023,Yorkshire and Humber,Leeds Teaching Hospitals NHS Trust,Leeds General Infirmary,Type 1,350,179,267,83,113,8.3,5,103,249,68,33
1490,25/10/2023,October,4,2023,South East,Oxford University Hospitals NHS Foundation Trust,John Radcliffe Hospital,Type 1,327,85,249,78,177,9.1,17,79,273,36,18
1491,26/10/2023,October,4,2023,North West,Liverpool University Hospitals NHS Foundation Trust,Royal Liverpool University Hospital,Type 1,265,99,176,89,227,7.8,14,124,254,19,8
1492,26/10/2023,October,4,2023,London,Guy's and St Thomas' NHS Foundation Trust,St Thomas' Hospital,Type 1,282,150,177,105,310,5.9,5,208,80,10,192
1493,26/10/2023,October,4,2023,Midlands,University Hospitals Birmingham NHS Foundation Trust,Queen Elizabeth Hospital Birmingham,Type 1,291,90,194,97,289,12.4,15,68,235,19,37
1494,26/10/2023,October,4,2023,Yorkshire and Humber,Leeds Teaching Hospitals NHS Trust,Leeds General Infirmary,Type 1,557,55,340,217,153,13.5,17,160,137,50,370
1495,26/10/2023,October,4,2023,South East,Oxford University Hospitals NHS Foundation Trust,John Radcliffe Hospital,Type 1,368,180,295,73,296,15.3,4,154,188,78,102
1496,27/10/2023,October,4,2023,North West,Liverpool University Hospitals NHS Foundation Trust,Royal Liverpool University Hospital,Type 1,539,132,403,136,302,6.4,25,162,109,52,378
1497,27/10/2023,October,4,2023,London,Guy's and St Thomas' NHS Foundation Trust,St Thomas' Hospital,Type 1,333,107,299,34,134,7.6,21,212,95,39,199
1498,27/10/2023,October,4,2023,Midlands,University Hospitals Birmingham NHS Foundation Trust,Queen Elizabeth Hospital Birmingham,Type 1,385,84,337,48,208,11.8,8,215,184,40,161
1499,27/10/2023,October,4,2023,Yorkshire and Humber,Leeds Teaching Hospitals NHS Trust,Leeds General Infirmary,Type 1,329,111,329,0,256,11.6,23,196,247,51,31
1500,27/10/2023,October,4,2023,South East,Oxford University Hospitals NHS Foundation Trust,John Radcliffe Hospital,Type 1,528,87,498,30,273,14,17,99,260,65,203
1501,28/10/2023,October,4,2023,North West,Liverpool University Hospitals NHS Foundation Trust,Royal Liverpool University Hospital,Type 1,337,136,242,95,235,15.8,4,142,211,30,96
1502,28/10/2023,October,4,2023,London,Guy's and St Thomas' NHS Foundation Trust,St Thomas' Hospital,Type 1,417,192,263,154,248,10.6,12,90,156,80,181
1503,28/10/2023,October,4,2023,Midlands,University Hospitals Birmingham NHS Foundation Trust,Queen Elizabeth Hospital Birmingham,Type 1,344,167,268,76,278,15,15,53,82,45,217
1504,28/10/2023,October,4,2023,Yorkshire and Humber,Leeds Teaching Hospitals NHS Trust,Leeds General Infirmary,Type 1,667,115,655,12,194,11.9,23,126,276,36,355
1505,28/10/2023,October,4,2023,South East,Oxford University Hospitals NHS Foundation Trust,John Radcliffe Hospital,Type 1,668,105,584,84,164,6.3,25,193,258,69,341
1506,29/10/2023,October,4,2023,North West,Liverpool University Hospitals NHS Foundation Trust,Royal Liverpool University Hospital,Type 1,640,92,502,138,111,10.8,22,205,255,25,360
1507,29/10/2023,October,4,2023,London,Guy's and St Thomas' NHS Foundation Trust,St Thomas' Hospital,Type 1,382,197,365,17,313,4.7,12,62,66,79,237
1508,29/10/2023,October,4,2023,Midlands,University Hospitals Birmingham NHS Foundation Trust,Queen Elizabeth Hospital Birmingham,Type 1,468,143,313,155,106,14.5,9,183,190,50,228
1509,29/10/2023,October,4,2023,Yorkshire and Humber,Leeds Teaching Hospitals NHS Trust,Leeds General Infirmary,Type 1,381,136,296,85,173,10.5,15,161,106,65,210
1510,29/10/2023,October,4,2023,South East,Oxford University Hospitals NHS Foundation Trust,John Radcliffe Hospital,Type 1,340,176,234,106,174,6.3,18,150,264,46,30
1511,30/10/2023,October,4,2023,North West,Liverpool University Hospitals NHS Foundation Trust,Royal Liverpool University Hospital,Type 1,448,156,335,113,203,10.7,17,69,134,75,239
1512,30/10/2023,October,4,2023,London,Guy's and St Thomas' NHS Foundation Trust,St Thomas' Hospital,Type 1,548,131,341,207,153,7.3,9,196,73,33,442
1513,30/10/2023,October,4,2023,Midlands,University Hospitals Birmingham NHS Foundation Trust,Queen Elizabeth Hospital Birmingham,Type 1,425,99,255,170,121,10.3,10,149,54,41,330
1514,30/10/2023,October,4,2023,Yorkshire and Humber,Leeds Teaching Hospitals NHS Trust,Leeds General Infirmary,Type 1,672,125,440,232,281,7.3,5,166,142,76,454
1515,30/10/2023,October,4,2023,South East,Oxford University Hospitals NHS Foundation Trust,John Radcliffe Hospital,Type 1,385,80,383,2,262,11.7,1,158,122,47,216
1516,31/10/2023,October,4,2023,North West,Liverpool University Hospitals NHS Foundation Trust,Royal Liverpool University Hospital,Type 1,434,110,294,140,170,13,14,66,256,28,150
1517,31/10/2023,October,4,2023,London,Guy's and St Thomas' NHS Foundation Trust,St Thomas' Hospital,Type 1,266,146,197,69,289,13.3,2,212,170,16,80
1518,31/10/2023,October,4,2023,Midlands,University Hospitals Birmingham NHS Foundation Trust,Queen Elizabeth Hospital Birmingham,Type 1,287,146,208,79,302,11.9,22,47,292,56,61
1519,31/10/2023,October,4,2023,Yorkshire and Humber,Leeds Teaching Hospitals NHS Trust,Leeds General Infirmary,Type 1,516,51,372,144,213,15.3,2,96,76,55,385
1520,31/10/2023,October,4,2023,South East,Oxford University Hospitals NHS Foundation Trust,John Radcliffe Hospital,Type 1,451,153,433,18,281,9,3,72,159,53,239
1521,01/11/2023,November,4,2023,North West,Liverpool University Hospitals NHS Foundation Trust,Royal Liverpool University Hospital,Type 1,381,167,281,100,97,12.5,4,167,268,59,54
1522,01/11/2023,November,4,2023,London,Guy's and St Thomas' NHS Foundation Trust,St Thomas' Hospital,Type 1,636,73,494,142,297,6.6,12,182,189,75,372
1523,01/11/2023,November,4,2023,Midlands,University Hospitals Birmingham NHS Foundation Trust,Queen Elizabeth Hospital Birmingham,Type 1,344,70,321,23,223,8.9,11,196,252,35,57
1524,01/11/2023,November,4,2023,Yorkshire and Humber,Leeds Teaching Hospitals NHS Trust,Leeds General Infirmary,Type 1,669,148,563,106,265,12.1,14,124,56,55,558
1525,01/11/2023,November,4,2023,South East,Oxford University Hospitals NHS Foundation Trust,John Radcliffe Hospital,Type 1,303,54,212,91,164,7.1,2,210,115,38,150
1526,02/11/2023,November,4,2023,North West,Liverpool University Hospitals NHS Foundation Trust,Royal Liverpool University Hospital,Type 1,637,104,439,198,249,5.7,5,103,152,23,462
1527,02/11/2023,November,4,2023,London,Guy's and St Thomas' NHS Foundation Trust,St Thomas' Hospital,Type 1,663,177,406,257,98,10.9,10,144,178,70,415
1528,02/11/2023,November,4,2023,Midlands,University Hospitals Birmingham NHS Foundation Trust,Queen Elizabeth Hospital Birmingham,Type 1,319,82,239,80,158,4,5,155,160,73,86
1529,02/11/2023,November,4,2023,Yorkshire and Humber,Leeds Teaching Hospitals NHS Trust,Leeds General Infirmary,Type 1,290,113,247,43,267,14.1,20,54,139,12,139
1530,02/11/2023,November,4,2023,South East,Oxford University Hospitals NHS Foundation Trust,John Radcliffe Hospital,Type 1,615,112,590,25,283,10.9,9,211,163,73,379
1531,03/11/2023,November,4,2023,North West,Liverpool University Hospitals NHS Foundation Trust,Royal Liverpool University Hospital,Type 1,297,63,270,27,210,9.9,23,147,84,49,164
1532,03/11/2023,November,4,2023,London,Guy's and St Thomas' NHS Foundation Trust,St Thomas' Hospital,Type 1,503,119,413,90,206,9.4,12,217,211,41,251
1533,03/11/2023,November,4,2023,Midlands,University Hospitals Birmingham NHS Foundation Trust,Queen Elizabeth Hospital Birmingham,Type 1,511,105,474,37,128,5.2,23,125,241,47,223
1534,03/11/2023,November,4,2023,Yorkshire and Humber,Leeds Teaching Hospitals NHS Trust,Leeds General Infirmary,Type 1,500,139,343,157,115,12.9,4,195,164,10,326
1535,03/11/2023,November,4,2023,South East,Oxford University Hospitals NHS Foundation Trust,John Radcliffe Hospital,Type 1,466,193,351,115,244,4.1,20,167,265,70,131
1536,04/11/2023,November,4,2023,North West,Liverpool University Hospitals NHS Foundation Trust,Royal Liverpool University Hospital,Type 1,474,114,288,186,242,10.2,3,133,89,44,341
1537,04/11/2023,November,4,2023,London,Guy's and St Thomas' NHS Foundation Trust,St Thomas' Hospital,Type 1,654,73,599,55,199,10.2,16,138,158,21,475
1538,04/11/2023,November,4,2023,Midlands,University Hospitals Birmingham NHS Foundation Trust,Queen Elizabeth Hospital Birmingham,Type 1,642,84,520,122,97,8.4,18,42,277,59,306
1539,04/11/2023,November,4,2023,Yorkshire and Humber,Leeds Teaching Hospitals NHS Trust,Leeds General Infirmary,Type 1,439,71,390,49,148,10.3,24,71,73,50,316
1540,04/11/2023,November,4,2023,South East,Oxford University Hospitals NHS Foundation Trust,John Radcliffe Hospital,Type 1,253,52,220,33,234,14.2,2,73,213,47,7
1541,05/11/2023,November,4,2023,North West,Liverpool University Hospitals NHS Foundation Trust,Royal Liverpool University Hospital,Type 1,582,118,437,145,261,13.7,22,110,176,37,369
1542,05/11/2023,November,4,2023,London,Guy's and St Thomas' NHS Foundation Trust,St Thomas' Hospital,Type 1,491,200,439,52,229,15.3,6,214,53,57,381
1543,05/11/2023,November,4,2023,Midlands,University Hospitals Birmingham NHS Foundation Trust,Queen Elizabeth Hospital Birmingham,Type 1,522,134,472,50,273,8,10,120,175,55,292
1544,05/11/2023,November,4,2023,Yorkshire and Humber,Leeds Teaching Hospitals NHS Trust,Leeds General Infirmary,Type 1,510,145,427,83,226,5.3,24,104,186,65,259
1545,05/11/2023,November,4,2023,South East,Oxford University Hospitals NHS Foundation Trust,John Radcliffe Hospital,Type 1,303,61,214,89,247,9.8,19,95,245,62,4
1546,06/11/2023,November,4,2023,North West,Liverpool University Hospitals NHS Foundation Trust,Royal Liverpool University Hospital,Type 1,302,141,269,33,177,14.4,5,162,182,64,56
1547,06/11/2023,November,4,2023,London,Guy's and St Thomas' NHS Foundation Trust,St Thomas' Hospital,Type 1,528,129,430,98,283,4.6,16,193,288,65,175
1548,06/11/2023,November,4,2023,Midlands,University Hospitals Birmingham NHS Foundation Trust,Queen Elizabeth Hospital Birmingham,Type 1,661,67,550,111,203,4.1,7,113,198,78,385
1549,06/11/2023,November,4,2023,Yorkshire and Humber,Leeds Teaching Hospitals NHS Trust,Leeds General Infirmary,Type 1,635,195,547,88,317,10.6,7,122,229,26,380
1550,06/11/2023,November,4,2023,South East,Oxford University Hospitals NHS Foundation Trust,John Radcliffe Hospital,Type 1,596,101,588,8,103,15.9,21,96,259,39,298
1551,07/11/2023,November,4,2023,North West,Liverpool University Hospitals NHS Foundation Trust,Royal Liverpool University Hospital,Type 1,416,185,293,123,161,7.3,3,51,229,32,155
1552,07/11/2023,November,4,2023,London,Guy's and St Thomas' NHS Foundation Trust,St Thomas' Hospital,Type 1,662,177,417,245,156,13.8,18,165,204,49,409
1553,07/11/2023,November,4,2023,Midlands,University Hospitals Birmingham NHS Foundation Trust,Queen Elizabeth Hospital Birmingham,Type 1,441,128,396,45,124,13.6,17,210,216,63,162
1554,07/11/2023,November,4,2023,Yorkshire and Humber,Leeds Teaching Hospitals NHS Trust,Leeds General Infirmary,Type 1,341,75,311,30,247,11.2,8,181,174,48,119
1555,07/11/2023,November,4,2023,South East,Oxford University Hospitals NHS Foundation Trust,John Radcliffe Hospital,Type 1,530,97,527,3,268,8.4,19,186,232,52,246
1556,08/11/2023,November,4,2023,North West,Liverpool University Hospitals NHS Foundation Trust,Royal Liverpool University Hospital,Type 1,678,79,553,125,176,13.8,15,137,256,12,410
1557,08/11/2023,November,4,2023,London,Guy's and St Thomas' NHS Foundation Trust,St Thomas' Hospital,Type 1,351,54,254,97,187,15.9,1,154,126,51,174
1558,08/11/2023,November,4,2023,Midlands,University Hospitals Birmingham NHS Foundation Trust,Queen Elizabeth Hospital Birmingham,Type 1,448,112,413,35,235,4.6,3,174,273,40,135
1559,08/11/2023,November,4,2023,Yorkshire and Humber,Leeds Teaching Hospitals NHS Trust,Leeds General Infirmary,Type 1,405,75,351,54,307,15.2,22,175,168,68,169
1560,08/11/2023,November,4,2023,South East,Oxford University Hospitals NHS Foundation Trust,John Radcliffe Hospital,Type 1,531,180,450,81,290,12.6,5,101,51,66,414
1561,09/11/2023,November,4,2023,North West,Liverpool University Hospitals NHS Foundation Trust,Royal Liverpool University Hospital,Type 1,359,138,244,115,139,12.7,17,155,83,80,196
1562,09/11/2023,November,4,2023,London,Guy's and St Thomas' NHS Foundation Trust,St Thomas' Hospital,Type 1,296,166,178,118,92,5.9,4,134,101,27,168
1563,09/11/2023,November,4,2023,Midlands,University Hospitals Birmingham NHS Foundation Trust,Queen Elizabeth Hospital Birmingham,Type 1,601,65,364,237,159,4.5,4,112,232,19,350
1564,09/11/2023,November,4,2023,Yorkshire and Humber,Leeds Teaching Hospitals NHS Trust,Leeds General Infirmary,Type 1,305,148,278,27,114,10.5,18,56,136,67,102
1565,09/11/2023,November,4,2023,South East,Oxford University Hospitals NHS Foundation Trust,John Radcliffe Hospital,Type 1,526,123,504,22,151,8.2,7,199,194,39,293
1566,10/11/2023,November,4,2023,North West,Liverpool University Hospitals NHS Foundation Trust,Royal Liverpool University Hospital,Type 1,376,50,251,125,169,6.5,10,82,189,26,161
1567,10/11/2023,November,4,2023,London,Guy's and St Thomas' NHS Foundation Trust,St Thomas' Hospital,Type 1,592,148,370,222,237,6.9,14,152,159,55,378
1568,10/11/2023,November,4,2023,Midlands,University Hospitals Birmingham NHS Foundation Trust,Queen Elizabeth Hospital Birmingham,Type 1,298,55,281,17,267,13.1,18,192,162,18,118
1569,10/11/2023,November,4,2023,Yorkshire and Humber,Leeds Teaching Hospitals NHS Trust,Leeds General Infirmary,Type 1,300,178,205,95,122,9.7,25,108,210,22,68
1570,10/11/2023,November,4,2023,South East,Oxford University Hospitals NHS Foundation Trust,John Radcliffe Hospital,Type 1,295,170,270,25,228,9.6,3,215,206,14,75
1571,11/11/2023,November,4,2023,North West,Liverpool University Hospitals NHS Foundation Trust,Royal Liverpool University Hospital,Type 1,680,150,620,60,128,12.4,25,151,149,47,484
1572,11/11/2023,November,4,2023,London,Guy's and St Thomas' NHS Foundation Trust,St Thomas' Hospital,Type 1,380,107,236,144,192,15,17,59,288,22,70
1573,11/11/2023,November,4,2023,Midlands,University Hospitals Birmingham NHS Foundation Trust,Queen Elizabeth Hospital Birmingham,Type 1,545,197,352,193,278,7.4,6,174,218,73,254
1574,11/11/2023,November,4,2023,Yorkshire and Humber,Leeds Teaching Hospitals NHS Trust,Leeds General Infirmary,Type 1,283,114,258,25,197,12.4,8,53,168,15,100
1575,11/11/2023,November,4,2023,South East,Oxford University Hospitals NHS Foundation Trust,John Radcliffe Hospital,Type 1,444,100,364,80,182,11.9,21,213,127,54,263
1576,12/11/2023,November,4,2023,North West,Liverpool University Hospitals NHS Foundation Trust,Royal Liverpool University Hospital,Type 1,624,184,509,115,239,4.8,21,116,54,13,557
1577,12/11/2023,November,4,2023,London,Guy's and St Thomas' NHS Foundation Trust,St Thomas' Hospital,Type 1,367,145,307,60,162,12.1,18,62,139,50,178
1578,12/11/2023,November,4,2023,Midlands,University Hospitals Birmingham NHS Foundation Trust,Queen Elizabeth Hospital Birmingham,Type 1,552,82,502,50,197,15.9,12,214,235,79,238
1579,12/11/2023,November,4,2023,Yorkshire and Humber,Leeds Teaching Hospitals NHS Trust,Leeds General Infirmary,Type 1,562,93,442,120,290,8.2,14,188,218,21,323
1580,12/11/2023,November,4,2023,South East,Oxford University Hospitals NHS Foundation Trust,John Radcliffe Hospital,Type 1,630,106,426,204,236,9.4,12,49,256,66,308
1581,13/11/2023,November,4,2023,North West,Liverpool University Hospitals NHS Foundation Trust,Royal Liverpool University Hospital,Type 1,540,61,475,65,304,9.4,15,199,278,72,190
1582,13/11/2023,November,4,2023,London,Guy's and St Thomas' NHS Foundation Trust,St Thomas' Hospital,Type 1,308,198,287,21,213,10.1,24,124,265,44,1
1583,13/11/2023,November,4,2023,Midlands,University Hospitals Birmingham NHS Foundation Trust,Queen Elizabeth Hospital Birmingham,Type 1,380,176,253,127,249,6,13,109,167,31,182
1584,13/11/2023,November,4,2023,Yorkshire and Humber,Leeds Teaching Hospitals NHS Trust,Leeds General Infirmary,Type 1,256,109,200,56,296,5.8,14,147,64,42,150
1585,13/11/2023,November,4,2023,South East,Oxford University Hospitals NHS Foundation Trust,John Radcliffe Hospital,Type 1,481,67,441,40,195,5.6,24,189,111,64,306
1586,14/11/2023,November,4,2023,North West,Liverpool University Hospitals NHS Foundation Trust,Royal Liverpool University Hospital,Type 1,253,90,194,59,190,8.5,14,43,212,70,29
1587,14/11/2023,November,4,2023,London,Guy's and St Thomas' NHS Foundation Trust,St Thomas' Hospital,Type 1,585,166,576,9,166,15.7,21,62,75,11,499
1588,14/11/2023,November,4,2023,Midlands,University Hospitals Birmingham NHS Foundation Trust,Queen Elizabeth Hospital Birmingham,Type 1,622,141,393,229,307,10.7,20,204,187,15,420
1589,14/11/2023,November,4,2023,Yorkshire and Humber,Leeds Teaching Hospitals NHS Trust,Leeds General Infirmary,Type 1,672,117,624,48,106,6.3,15,179,73,29,570
1590,14/11/2023,November,4,2023,South East,Oxford University Hospitals NHS Foundation Trust,John Radcliffe Hospital,Type 1,520,190,417,103,280,13.1,12,150,246,64,210
1591,15/11/2023,November,4,2023,North West,Liverpool University Hospitals NHS Foundation Trust,Royal Liverpool University Hospital,Type 1,387,195,257,130,227,13.3,10,187,103,31,253
1592,15/11/2023,November,4,2023,London,Guy's and St Thomas' NHS Foundation Trust,St Thomas' Hospital,Type 1,412,116,335,77,233,6.6,15,168,193,41,178
1593,15/11/2023,November,4,2023,Midlands,University Hospitals Birmingham NHS Foundation Trust,Queen Elizabeth Hospital Birmingham,Type 1,325,74,258,67,125,13.2,16,177,255,29,41
1594,15/11/2023,November,4,2023,Yorkshire and Humber,Leeds Teaching Hospitals NHS Trust,Leeds General Infirmary,Type 1,509,121,467,42,173,4.6,19,211,132,47,330
1595,15/11/2023,November,4,2023,South East,Oxford University Hospitals NHS Foundation Trust,John Radcliffe Hospital,Type 1,677,123,475,202,178,14.1,3,95,237,20,420
1596,16/11/2023,November,4,2023,North West,Liverpool University Hospitals NHS Foundation Trust,Royal Liverpool University Hospital,Type 1,475,173,286,189,250,5.8,0,105,209,15,251
1597,16/11/2023,November,4,2023,London,Guy's and St Thomas' NHS Foundation Trust,St Thomas' Hospital,Type 1,364,188,316,48,242,14.9,16,87,130,33,201
1598,16/11/2023,November,4,2023,Midlands,University Hospitals Birmingham NHS Foundation Trust,Queen Elizabeth Hospital Birmingham,Type 1,591,189,498,93,128,10.4,0,190,119,11,461
1599,16/11/2023,November,4,2023,Yorkshire and Humber,Leeds Teaching Hospitals NHS Trust,Leeds General Infirmary,Type 1,366,104,335,31,114,12.6,18,113,220,21,125
1600,16/11/2023,November,4,2023,South East,Oxford University Hospitals NHS Foundation Trust,John Radcliffe Hospital,Type 1,669,165,537,132,306,11.2,17,43,235,52,382
1601,17/11/2023,November,4,2023,North West,Liverpool University Hospitals NHS Foundation Trust,Royal Liverpool University Hospital,Type 1,473,99,448,25,218,7.8,11,137,219,34,220
1602,17/11/2023,November,4,2023,London,Guy's and St Thomas' NHS Foundation Trust,St Thomas' Hospital,Type 1,367,99,364,3,141,13.6,6,187,184,17,166
1603,17/11/2023,November,4,2023,Midlands,University Hospitals Birmingham NHS Foundation Trust,Queen Elizabeth Hospital Birmingham,Type 1,375,133,271,104,281,15.9,18,156,186,61,128
1604,17/11/2023,November,4,2023,Yorkshire and Humber,Leeds Teaching Hospitals NHS Trust,Leeds General Infirmary,Type 1,653,185,587,66,296,7.1,7,147,197,34,422
1605,17/11/2023,November,4,2023,South East,Oxford University Hospitals NHS Foundation Trust,John Radcliffe Hospital,Type 1,481,62,342,139,299,4.9,25,52,152,12,317
1606,18/11/2023,November,4,2023,North West,Liverpool University Hospitals NHS Foundation Trust,Royal Liverpool University Hospital,Type 1,417,199,336,81,293,8.9,25,170,212,75,130
1607,18/11/2023,November,4,2023,London,Guy's and St Thomas' NHS Foundation Trust,St Thomas' Hospital,Type 1,319,189,195,124,144,12.4,18,118,200,48,71
1608,18/11/2023,November,4,2023,Midlands,University Hospitals Birmingham NHS Foundation Trust,Queen Elizabeth Hospital Birmingham,Type 1,565,188,469,96,105,8.9,9,117,166,80,319
1609,18/11/2023,November,4,2023,Yorkshire and Humber,Leeds Teaching Hospitals NHS Trust,Leeds General Infirmary,Type 1,421,187,323,98,227,6.6,2,195,232,50,139
1610,18/11/2023,November,4,2023,South East,Oxford University Hospitals NHS Foundation Trust,John Radcliffe Hospital,Type 1,466,199,463,3,97,10,10,144,242,19,205
1611,19/11/2023,November,4,2023,North West,Liverpool University Hospitals NHS Foundation Trust,Royal Liverpool University Hospital,Type 1,590,161,515,75,303,12,18,178,267,69,254
1612,19/11/2023,November,4,2023,London,Guy's and St Thomas' NHS Foundation Trust,St Thomas' Hospital,Type 1,420,72,378,42,215,13.2,13,72,132,37,251
1613,19/11/2023,November,4,2023,Midlands,University Hospitals Birmingham NHS Foundation Trust,Queen Elizabeth Hospital Birmingham,Type 1,287,127,235,52,266,5.5,4,168,182,24,81
1614,19/11/2023,November,4,2023,Yorkshire and Humber,Leeds Teaching Hospitals NHS Trust,Leeds General Infirmary,Type 1,676,54,405,271,215,7.2,10,103,191,56,429
1615,19/11/2023,November,4,2023,South East,Oxford University Hospitals NHS Foundation Trust,John Radcliffe Hospital,Type 1,697,198,664,33,273,11,25,198,200,39,458
1616,20/11/2023,November,4,2023,North West,Liverpool University Hospitals NHS Foundation Trust,Royal Liverpool University Hospital,Type 1,408,159,250,158,316,11.6,21,188,274,67,67
1617,20/11/2023,November,4,2023,London,Guy's and St Thomas' NHS Foundation Trust,St Thomas' Hospital,Type 1,636,160,587,49,107,11,14,81,93,61,482
1618,20/11/2023,November,4,2023,Midlands,University Hospitals Birmingham NHS Foundation Trust,Queen Elizabeth Hospital Birmingham,Type 1,503,135,478,25,172,6,22,112,151,14,338
1619,20/11/2023,November,4,2023,Yorkshire and Humber,Leeds Teaching Hospitals NHS Trust,Leeds General Infirmary,Type 1,313,115,268,45,301,11.4,21,178,88,50,175
1620,20/11/2023,November,4,2023,South East,Oxford University Hospitals NHS Foundation Trust,John Radcliffe Hospital,Type 1,607,72,397,210,190,10.3,16,126,188,50,369
1621,21/11/2023,November,4,2023,North West,Liverpool University Hospitals NHS Foundation Trust,Royal Liverpool University Hospital,Type 1,674,120,635,39,291,4.9,14,191,213,74,387
1622,21/11/2023,November,4,2023,London,Guy's and St Thomas' NHS Foundation Trust,St Thomas' Hospital,Type 1,575,133,349,226,111,11.5,9,105,239,74,262
1623,21/11/2023,November,4,2023,Midlands,University Hospitals Birmingham NHS Foundation Trust,Queen Elizabeth Hospital Birmingham,Type 1,444,135,339,105,180,6.1,21,147,276,80,88
1624,21/11/2023,November,4,2023,Yorkshire and Humber,Leeds Teaching Hospitals NHS Trust,Leeds General Infirmary,Type 1,571,103,403,168,310,13.4,13,201,76,78,417
1625,21/11/2023,November,4,2023,South East,Oxford University Hospitals NHS Foundation Trust,John Radcliffe Hospital,Type 1,354,182,315,39,287,7.2,23,136,245,23,86
1626,22/11/2023,November,4,2023,North West,Liverpool University Hospitals NHS Foundation Trust,Royal Liverpool University Hospital,Type 1,364,117,288,76,123,12.9,0,107,218,38,108
1627,22/11/2023,November,4,2023,London,Guy's and St Thomas' NHS Foundation Trust,St Thomas' Hospital,Type 1,395,99,324,71,176,7.8,11,79,273,40,82
1628,22/11/2023,November,4,2023,Midlands,University Hospitals Birmingham NHS Foundation Trust,Queen Elizabeth Hospital Birmingham,Type 1,625,75,603,22,215,15.2,7,193,204,61,360
1629,22/11/2023,November,4,2023,Yorkshire and Humber,Leeds Teaching Hospitals NHS Trust,Leeds General Infirmary,Type 1,465,182,398,67,159,16,21,73,97,52,316
1630,22/11/2023,November,4,2023,South East,Oxford University Hospitals NHS Foundation Trust,John Radcliffe Hospital,Type 1,314,53,217,97,269,6,4,156,55,43,216
1631,23/11/2023,November,4,2023,North West,Liverpool University Hospitals NHS Foundation Trust,Royal Liverpool University Hospital,Type 1,591,119,447,144,130,4.5,17,80,187,22,382
1632,23/11/2023,November,4,2023,London,Guy's and St Thomas' NHS Foundation Trust,St Thomas' Hospital,Type 1,584,122,386,198,261,12.5,23,135,207,77,300
1633,23/11/2023,November,4,2023,Midlands,University Hospitals Birmingham NHS Foundation Trust,Queen Elizabeth Hospital Birmingham,Type 1,387,195,297,90,309,9.2,12,144,285,62,40
1634,23/11/2023,November,4,2023,Yorkshire and Humber,Leeds Teaching Hospitals NHS Trust,Leeds General Infirmary,Type 1,382,198,322,60,97,4.3,11,66,52,48,282
1635,23/11/2023,November,4,2023,South East,Oxford University Hospitals NHS Foundation Trust,John Radcliffe Hospital,Type 1,642,59,407,235,307,10,16,212,139,25,478
1636,24/11/2023,November,4,2023,North West,Liverpool University Hospitals NHS Foundation Trust,Royal Liverpool University Hospital,Type 1,648,92,424,224,107,10.2,7,144,259,32,357
1637,24/11/2023,November,4,2023,London,Guy's and St Thomas' NHS Foundation Trust,St Thomas' Hospital,Type 1,628,122,438,190,166,12.6,17,120,190,78,360
1638,24/11/2023,November,4,2023,Midlands,University Hospitals Birmingham NHS Foundation Trust,Queen Elizabeth Hospital Birmingham,Type 1,350,174,298,52,308,14.3,16,105,113,51,186
1639,24/11/2023,November,4,2023,Yorkshire and Humber,Leeds Teaching Hospitals NHS Trust,Leeds General Infirmary,Type 1,676,81,643,33,257,15.5,12,181,186,32,458
1640,24/11/2023,November,4,2023,South East,Oxford University Hospitals NHS Foundation Trust,John Radcliffe Hospital,Type 1,476,142,338,138,261,14.3,3,65,90,35,351
1641,25/11/2023,November,4,2023,North West,Liverpool University Hospitals NHS Foundation Trust,Royal Liverpool University Hospital,Type 1,338,79,238,100,287,15.9,3,67,92,19,227
1642,25/11/2023,November,4,2023,London,Guy's and St Thomas' NHS Foundation Trust,St Thomas' Hospital,Type 1,349,200,254,95,173,15.5,15,173,108,39,202
1643,25/11/2023,November,4,2023,Midlands,University Hospitals Birmingham NHS Foundation Trust,Queen Elizabeth Hospital Birmingham,Type 1,443,174,289,154,174,15,19,75,287,28,128
1644,25/11/2023,November,4,2023,Yorkshire and Humber,Leeds Teaching Hospitals NHS Trust,Leeds General Infirmary,Type 1,583,164,511,72,247,7.3,18,210,64,23,496
1645,25/11/2023,November,4,2023,South East,Oxford University Hospitals NHS Foundation Trust,John Radcliffe Hospital,Type 1,632,118,464,168,184,13.6,10,41,83,66,483
1646,26/11/2023,November,4,2023,North West,Liverpool University Hospitals NHS Foundation Trust,Royal Liverpool University Hospital,Type 1,380,114,332,48,128,4.5,0,219,288,63,29
1647,26/11/2023,November,4,2023,London,Guy's and St Thomas' NHS Foundation Trust,St Thomas' Hospital,Type 1,437,63,362,75,215,13,0,164,189,52,196
1648,26/11/2023,November,4,2023,Midlands,University Hospitals Birmingham NHS Foundation Trust,Queen Elizabeth Hospital Birmingham,Type 1,330,52,327,3,272,6.1,8,206,213,12,105
1649,26/11/2023,November,4,2023,Yorkshire and Humber,Leeds Teaching Hospitals NHS Trust,Leeds General Infirmary,Type 1,595,138,581,14,211,7.5,2,122,167,70,358
1650,26/11/2023,November,4,2023,South East,Oxford University Hospitals NHS Foundation Trust,John Radcliffe Hospital,Type 1,393,196,260,133,101,6.4,16,151,194,69,130
1651,27/11/2023,November,4,2023,North West,Liverpool University Hospitals NHS Foundation Trust,Royal Liverpool University Hospital,Type 1,499,170,483,16,288,8.8,25,118,240,72,187
1652,27/11/2023,November,4,2023,London,Guy's and St Thomas' NHS Foundation Trust,St Thomas' Hospital,Type 1,626,96,425,201,154,15,13,137,152,72,402
1653,27/11/2023,November,4,2023,Midlands,University Hospitals Birmingham NHS Foundation Trust,Queen Elizabeth Hospital Birmingham,Type 1,612,144,457,155,302,8.7,6,194,217,31,364
1654,27/11/2023,November,4,2023,Yorkshire and Humber,Leeds Teaching Hospitals NHS Trust,Leeds General Infirmary,Type 1,369,100,280,89,108,5.2,0,76,169,69,131
1655,27/11/2023,November,4,2023,South East,Oxford University Hospitals NHS Foundation Trust,John Radcliffe Hospital,Type 1,415,103,362,53,269,14.6,0,133,267,71,77
1656,28/11/2023,November,4,2023,North West,Liverpool University Hospitals NHS Foundation Trust,Royal Liverpool University Hospital,Type 1,401,77,371,30,118,12.6,5,214,166,36,199
1657,28/11/2023,November,4,2023,London,Guy's and St Thomas' NHS Foundation Trust,St Thomas' Hospital,Type 1,608,143,542,66,112,10.9,10,175,242,76,290
1658,28/11/2023,November,4,2023,Midlands,University Hospitals Birmingham NHS Foundation Trust,Queen Elizabeth Hospital Birmingham,Type 1,352,148,290,62,263,4.4,7,203,145,41,166
1659,28/11/2023,November,4,2023,Yorkshire and Humber,Leeds Teaching Hospitals NHS Trust,Leeds General Infirmary,Type 1,424,170,347,77,255,4.5,18,103,180,19,225
1660,28/11/2023,November,4,2023,South East,Oxford University Hospitals NHS Foundation Trust,John Radcliffe Hospital,Type 1,482,136,447,35,241,10.2,5,153,51,55,376
1661,29/11/2023,November,4,2023,North West,Liverpool University Hospitals NHS Foundation Trust,Royal Liverpool University Hospital,Type 1,612,113,542,70,271,8.2,10,75,156,77,379
1662,29/11/2023,November,4,2023,London,Guy's and St Thomas' NHS Foundation Trust,St Thomas' Hospital,Type 1,463,156,357,106,132,13.9,19,212,142,52,269
1663,29/11/2023,November,4,2023,Midlands,University Hospitals Birmingham NHS Foundation Trust,Queen Elizabeth Hospital Birmingham,Type 1,304,113,183,121,265,11,18,42,172,29,103
1664,29/11/2023,November,4,2023,Yorkshire and Humber,Leeds Teaching Hospitals NHS Trust,Leeds General Infirmary,Type 1,568,188,474,94,204,4.1,24,60,67,55,446
1665,29/11/2023,November,4,2023,South East,Oxford University Hospitals NHS Foundation Trust,John Radcliffe Hospital,Type 1,375,107,226,149,192,11.7,3,164,208,77,90
1666,30/11/2023,November,4,2023,North West,Liverpool University Hospitals NHS Foundation Trust,Royal Liverpool University Hospital,Type 1,275,81,247,28,100,4.3,24,149,239,15,21
1667,30/11/2023,November,4,2023,London,Guy's and St Thomas' NHS Foundation Trust,St Thomas' Hospital,Type 1,568,167,372,196,311,9.4,9,46,154,39,375
1668,30/11/2023,November,4,2023,Midlands,University Hospitals Birmingham NHS Foundation Trust,Queen Elizabeth Hospital Birmingham,Type 1,419,197,353,66,113,7.6,21,83,59,48,312
1669,30/11/2023,November,4,2023,Yorkshire and Humber,Leeds Teaching Hospitals NHS Trust,Leeds General Infirmary,Type 1,666,67,405,261,104,12,9,172,150,45,471
1670,30/11/2023,November,4,2023,South East,Oxford University Hospitals NHS Foundation Trust,John Radcliffe Hospital,Type 1,468,159,349,119,129,15.5,19,139,209,62,197
1671,01/12/2023,December,4,2023,North West,Liverpool University Hospitals NHS Foundation Trust,Royal Liverpool University Hospital,Type 1,615,94,576,39,179,4.2,23,85,215,69,331
1672,01/12/2023,December,4,2023,London,Guy's and St Thomas' NHS Foundation Trust,St Thomas' Hospital,Type 1,607,180,537,70,113,9.9,21,80,188,55,364
1673,01/12/2023,December,4,2023,Midlands,University Hospitals Birmingham NHS Foundation Trust,Queen Elizabeth Hospital Birmingham,Type 1,445,84,434,11,188,5.4,5,72,68,38,339
1674,01/12/2023,December,4,2023,Yorkshire and Humber,Leeds Teaching Hospitals NHS Trust,Leeds General Infirmary,Type 1,669,93,547,122,119,10.1,20,65,246,43,380
1675,01/12/2023,December,4,2023,South East,Oxford University Hospitals NHS Foundation Trust,John Radcliffe Hospital,Type 1,381,130,260,121,264,11.2,11,120,105,55,221
1676,02/12/2023,December,4,2023,North West,Liverpool University Hospitals NHS Foundation Trust,Royal Liverpool University Hospital,Type 1,335,63,211,124,162,9.8,8,219,124,71,140
1677,02/12/2023,December,4,2023,London,Guy's and St Thomas' NHS Foundation Trust,St Thomas' Hospital,Type 1,256,101,223,33,244,14.9,6,147,158,19,79
1678,02/12/2023,December,4,2023,Midlands,University Hospitals Birmingham NHS Foundation Trust,Queen Elizabeth Hospital Birmingham,Type 1,366,93,330,36,241,11,17,139,235,28,103
1679,02/12/2023,December,4,2023,Yorkshire and Humber,Leeds Teaching Hospitals NHS Trust,Leeds General Infirmary,Type 1,354,90,333,21,253,13.1,8,167,292,36,26
1680,02/12/2023,December,4,2023,South East,Oxford University Hospitals NHS Foundation Trust,John Radcliffe Hospital,Type 1,512,122,502,10,313,6,24,197,272,65,175
1681,03/12/2023,December,4,2023,North West,Liverpool University Hospitals NHS Foundation Trust,Royal Liverpool University Hospital,Type 1,332,109,295,37,236,15.7,11,210,206,13,113
1682,03/12/2023,December,4,2023,London,Guy's and St Thomas' NHS Foundation Trust,St Thomas' Hospital,Type 1,362,180,360,2,178,10.9,8,53,70,55,237
1683,03/12/2023,December,4,2023,Midlands,University Hospitals Birmingham NHS Foundation Trust,Queen Elizabeth Hospital Birmingham,Type 1,604,101,524,80,211,14.1,16,144,292,72,240
1684,03/12/2023,December,4,2023,Yorkshire and Humber,Leeds Teaching Hospitals NHS Trust,Leeds General Infirmary,Type 1,432,179,418,14,207,10.2,10,72,239,36,157
1685,03/12/2023,December,4,2023,South East,Oxford University Hospitals NHS Foundation Trust,John Radcliffe Hospital,Type 1,423,50,285,138,256,5.8,5,189,87,12,324
1686,04/12/2023,December,4,2023,North West,Liverpool University Hospitals NHS Foundation Trust,Royal Liverpool University Hospital,Type 1,667,156,496,171,129,4.4,17,203,119,54,494
1687,04/12/2023,December,4,2023,London,Guy's and St Thomas' NHS Foundation Trust,St Thomas' Hospital,Type 1,294,196,251,43,159,6.3,18,213,148,52,94
1688,04/12/2023,December,4,2023,Midlands,University Hospitals Birmingham NHS Foundation Trust,Queen Elizabeth Hospital Birmingham,Type 1,411,185,347,64,318,6.4,24,125,247,39,125
1689,04/12/2023,December,4,2023,Yorkshire and Humber,Leeds Teaching Hospitals NHS Trust,Leeds General Infirmary,Type 1,679,108,417,262,146,13.6,14,116,211,79,389
1690,04/12/2023,December,4,2023,South East,Oxford University Hospitals NHS Foundation Trust,John Radcliffe Hospital,Type 1,592,167,487,105,215,5.6,9,46,249,57,286
1691,05/12/2023,December,4,2023,North West,Liverpool University Hospitals NHS Foundation Trust,Royal Liverpool University Hospital,Type 1,262,174,228,34,200,4.2,11,126,79,31,152
1692,05/12/2023,December,4,2023,London,Guy's and St Thomas' NHS Foundation Trust,St Thomas' Hospital,Type 1,647,108,636,11,210,15.8,20,113,160,53,434
1693,05/12/2023,December,4,2023,Midlands,University Hospitals Birmingham NHS Foundation Trust,Queen Elizabeth Hospital Birmingham,Type 1,600,169,423,177,240,6.9,9,199,282,64,254
1694,05/12/2023,December,4,2023,Yorkshire and Humber,Leeds Teaching Hospitals NHS Trust,Leeds General Infirmary,Type 1,330,62,231,99,105,9.9,8,145,290,73,33
1695,05/12/2023,December,4,2023,South East,Oxford University Hospitals NHS Foundation Trust,John Radcliffe Hospital,Type 1,531,76,396,135,311,4.6,20,106,208,42,281
1696,06/12/2023,December,4,2023,North West,Liverpool University Hospitals NHS Foundation Trust,Royal Liverpool University Hospital,Type 1,686,137,562,124,92,10.7,23,200,122,14,550
1697,06/12/2023,December,4,2023,London,Guy's and St Thomas' NHS Foundation Trust,St Thomas' Hospital,Type 1,593,185,464,129,227,14.1,6,145,116,26,451
1698,06/12/2023,December,4,2023,Midlands,University Hospitals Birmingham NHS Foundation Trust,Queen Elizabeth Hospital Birmingham,Type 1,454,188,446,8,260,13.4,16,113,131,21,302
1699,06/12/2023,December,4,2023,Yorkshire and Humber,Leeds Teaching Hospitals NHS Trust,Leeds General Infirmary,Type 1,305,148,252,53,319,11.8,6,184,84,47,174
1700,06/12/2023,December,4,2023,South East,Oxford University Hospitals NHS Foundation Trust,John Radcliffe Hospital,Type 1,310,102,238,72,197,11.9,2,69,250,65,5
1701,07/12/2023,December,4,2023,North West,Liverpool University Hospitals NHS Foundation Trust,Royal Liverpool University Hospital,Type 1,688,193,592,96,161,13.4,4,97,278,71,339
1702,07/12/2023,December,4,2023,London,Guy's and St Thomas' NHS Foundation Trust,St Thomas' Hospital,Type 1,508,74,374,134,221,9.6,6,119,89,49,370
1703,07/12/2023,December,4,2023,Midlands,University Hospitals Birmingham NHS Foundation Trust,Queen Elizabeth Hospital Birmingham,Type 1,438,168,347,91,167,12.2,21,112,103,43,292
1704,07/12/2023,December,4,2023,Yorkshire and Humber,Leeds Teaching Hospitals NHS Trust,Leeds General Infirmary,Type 1,314,181,202,112,208,4.6,16,98,297,38,21
1705,07/12/2023,December,4,2023,South East,Oxford University Hospitals NHS Foundation Trust,John Radcliffe Hospital,Type 1,269,163,208,61,153,5.2,14,63,208,46,15
1706,08/12/2023,December,4,2023,North West,Liverpool University Hospitals NHS Foundation Trust,Royal Liverpool University Hospital,Type 1,290,113,235,55,105,13.6,10,212,108,12,170
1707,08/12/2023,December,4,2023,London,Guy's and St Thomas' NHS Foundation Trust,St Thomas' Hospital,Type 1,535,162,509,26,206,11.3,1,116,201,55,279
1708,08/12/2023,December,4,2023,Midlands,University Hospitals Birmingham NHS Foundation Trust,Queen Elizabeth Hospital Birmingham,Type 1,628,90,599,29,268,11.3,10,68,61,57,510
1709,08/12/2023,December,4,2023,Yorkshire and Humber,Leeds Teaching Hospitals NHS Trust,Leeds General Infirmary,Type 1,469,122,417,52,266,8,6,51,255,71,143
1710,08/12/2023,December,4,2023,South East,Oxford University Hospitals NHS Foundation Trust,John Radcliffe Hospital,Type 1,582,81,466,116,142,14.2,18,197,112,71,399
1711,09/12/2023,December,4,2023,North West,Liverpool University Hospitals NHS Foundation Trust,Royal Liverpool University Hospital,Type 1,512,151,409,103,140,9.7,3,71,294,41,177
1712,09/12/2023,December,4,2023,London,Guy's and St Thomas' NHS Foundation Trust,St Thomas' Hospital,Type 1,449,50,439,10,320,11.5,3,133,226,15,208
1713,09/12/2023,December,4,2023,Midlands,University Hospitals Birmingham NHS Foundation Trust,Queen Elizabeth Hospital Birmingham,Type 1,700,196,507,193,176,8.5,18,102,241,76,383
1714,09/12/2023,December,4,2023,Yorkshire and Humber,Leeds Teaching Hospitals NHS Trust,Leeds General Infirmary,Type 1,620,85,399,221,206,14.9,12,49,106,33,481
1715,09/12/2023,December,4,2023,South East,Oxford University Hospitals NHS Foundation Trust,John Radcliffe Hospital,Type 1,513,109,451,62,106,15.6,25,102,265,11,237
1716,10/12/2023,December,4,2023,North West,Liverpool University Hospitals NHS Foundation Trust,Royal Liverpool University Hospital,Type 1,505,173,483,22,275,8,2,189,169,66,270
1717,10/12/2023,December,4,2023,London,Guy's and St Thomas' NHS Foundation Trust,St Thomas' Hospital,Type 1,288,174,258,30,311,11.4,9,159,80,62,146
1718,10/12/2023,December,4,2023,Midlands,University Hospitals Birmingham NHS Foundation Trust,Queen Elizabeth Hospital Birmingham,Type 1,275,200,198,77,275,5.3,10,106,210,61,4
1719,10/12/2023,December,4,2023,Yorkshire and Humber,Leeds Teaching Hospitals NHS Trust,Leeds General Infirmary,Type 1,687,192,496,191,255,13.6,24,169,298,75,314
1720,10/12/2023,December,4,2023,South East,Oxford University Hospitals NHS Foundation Trust,John Radcliffe Hospital,Type 1,274,200,258,16,120,5.6,6,52,263,34,23
1721,11/12/2023,December,4,2023,North West,Liverpool University Hospitals NHS Foundation Trust,Royal Liverpool University Hospital,Type 1,559,165,482,77,287,13.7,0,50,135,49,375
1722,11/12/2023,December,4,2023,London,Guy's and St Thomas' NHS Foundation Trust,St Thomas' Hospital,Type 1,537,196,351,186,226,9.9,7,85,222,38,277
1723,11/12/2023,December,4,2023,Midlands,University Hospitals Birmingham NHS Foundation Trust,Queen Elizabeth Hospital Birmingham,Type 1,470,100,342,128,312,12.9,10,57,81,64,325
1724,11/12/2023,December,4,2023,Yorkshire and Humber,Leeds Teaching Hospitals NHS Trust,Leeds General Infirmary,Type 1,669,175,575,94,188,7.8,9,142,145,21,503
1725,11/12/2023,December,4,2023,South East,Oxford University Hospitals NHS Foundation Trust,John Radcliffe Hospital,Type 1,599,153,443,156,242,8.1,10,111,85,45,469
1726,12/12/2023,December,4,2023,North West,Liverpool University Hospitals NHS Foundation Trust,Royal Liverpool University Hospital,Type 1,633,68,502,131,241,8.5,2,58,287,38,308
1727,12/12/2023,December,4,2023,London,Guy's and St Thomas' NHS Foundation Trust,St Thomas' Hospital,Type 1,531,71,502,29,114,14.9,20,205,59,21,451
1728,12/12/2023,December,4,2023,Midlands,University Hospitals Birmingham NHS Foundation Trust,Queen Elizabeth Hospital Birmingham,Type 1,561,105,509,52,172,7.8,9,206,161,26,374
1729,12/12/2023,December,4,2023,Yorkshire and Humber,Leeds Teaching Hospitals NHS Trust,Leeds General Infirmary,Type 1,474,151,376,98,216,12.8,21,77,200,38,236
1730,12/12/2023,December,4,2023,South East,Oxford University Hospitals NHS Foundation Trust,John Radcliffe Hospital,Type 1,516,123,404,112,212,14.4,22,105,224,38,254
1731,13/12/2023,December,4,2023,North West,Liverpool University Hospitals NHS Foundation Trust,Royal Liverpool University Hospital,Type 1,543,189,444,99,94,4.2,10,141,143,20,380
1732,13/12/2023,December,4,2023,London,Guy's and St Thomas' NHS Foundation Trust,St Thomas' Hospital,Type 1,541,122,355,186,251,9.8,11,78,62,37,442
1733,13/12/2023,December,4,2023,Midlands,University Hospitals Birmingham NHS Foundation Trust,Queen Elizabeth Hospital Birmingham,Type 1,654,176,394,260,130,8,1,189,275,71,308
1734,13/12/2023,December,4,2023,Yorkshire and Humber,Leeds Teaching Hospitals NHS Trust,Leeds General Infirmary,Type 1,635,140,445,190,219,11.8,7,111,266,51,318
1735,13/12/2023,December,4,2023,South East,Oxford University Hospitals NHS Foundation Trust,John Radcliffe Hospital,Type 1,648,90,411,237,164,9.7,24,94,243,33,372
1736,14/12/2023,December,4,2023,North West,Liverpool University Hospitals NHS Foundation Trust,Royal Liverpool University Hospital,Type 1,580,109,348,232,190,5.2,12,157,258,44,278
1737,14/12/2023,December,4,2023,London,Guy's and St Thomas' NHS Foundation Trust,St Thomas' Hospital,Type 1,641,167,565,76,277,10.2,13,80,165,56,420
1738,14/12/2023,December,4,2023,Midlands,University Hospitals Birmingham NHS Foundation Trust,Queen Elizabeth Hospital Birmingham,Type 1,587,198,353,234,241,11.9,3,64,138,20,429
1739,14/12/2023,December,4,2023,Yorkshire and Humber,Leeds Teaching Hospitals NHS Trust,Leeds General Infirmary,Type 1,677,77,677,0,180,13.7,3,122,262,34,381
1740,14/12/2023,December,4,2023,South East,Oxford University Hospitals NHS Foundation Trust,John Radcliffe Hospital,Type 1,375,89,236,139,148,9.9,1,132,153,75,147
1741,15/12/2023,December,4,2023,North West,Liverpool University Hospitals NHS Foundation Trust,Royal Liverpool University Hospital,Type 1,396,156,364,32,177,15.4,7,81,256,72,68
1742,15/12/2023,December,4,2023,London,Guy's and St Thomas' NHS Foundation Trust,St Thomas' Hospital,Type 1,293,134,245,48,220,11.4,8,148,74,49,170
1743,15/12/2023,December,4,2023,Midlands,University Hospitals Birmingham NHS Foundation Trust,Queen Elizabeth Hospital Birmingham,Type 1,582,127,475,107,183,14.2,3,93,176,68,338
1744,15/12/2023,December,4,2023,Yorkshire and Humber,Leeds Teaching Hospitals NHS Trust,Leeds General Infirmary,Type 1,530,154,332,198,117,9.3,12,159,63,29,438
1745,15/12/2023,December,4,2023,South East,Oxford University Hospitals NHS Foundation Trust,John Radcliffe Hospital,Type 1,396,154,302,94,248,6.4,23,80,248,55,93
1746,16/12/2023,December,4,2023,North West,Liverpool University Hospitals NHS Foundation Trust,Royal Liverpool University Hospital,Type 1,272,74,223,49,251,8.6,14,52,58,47,167
1747,16/12/2023,December,4,2023,London,Guy's and St Thomas' NHS Foundation Trust,St Thomas' Hospital,Type 1,365,196,298,67,189,12.9,22,183,195,34,136
1748,16/12/2023,December,4,2023,Midlands,University Hospitals Birmingham NHS Foundation Trust,Queen Elizabeth Hospital Birmingham,Type 1,617,78,536,81,307,15.7,15,88,287,15,315
1749,16/12/2023,December,4,2023,Yorkshire and Humber,Leeds Teaching Hospitals NHS Trust,Leeds General Infirmary,Type 1,677,109,535,142,288,12.6,15,194,218,55,404
1750,16/12/2023,December,4,2023,South East,Oxford University Hospitals NHS Foundation Trust,John Radcliffe Hospital,Type 1,651,114,499,152,265,6.2,17,102,196,29,426
1751,17/12/2023,December,4,2023,North West,Liverpool University Hospitals NHS Foundation Trust,Royal Liverpool University Hospital,Type 1,507,57,305,202,197,8.7,25,204,178,20,309
1752,17/12/2023,December,4,2023,London,Guy's and St Thomas' NHS Foundation Trust,St Thomas' Hospital,Type 1,558,171,508,50,93,8.6,23,41,232,18,308
1753,17/12/2023,December,4,2023,Midlands,University Hospitals Birmingham NHS Foundation Trust,Queen Elizabeth Hospital Birmingham,Type 1,638,192,417,221,260,11.6,11,132,88,41,509
1754,17/12/2023,December,4,2023,Yorkshire and Humber,Leeds Teaching Hospitals NHS Trust,Leeds General Infirmary,Type 1,411,135,331,80,174,11.6,17,132,100,50,261
1755,17/12/2023,December,4,2023,South East,Oxford University Hospitals NHS Foundation Trust,John Radcliffe Hospital,Type 1,616,83,387,229,222,12.2,25,182,79,21,516
1756,18/12/2023,December,4,2023,North West,Liverpool University Hospitals NHS Foundation Trust,Royal Liverpool University Hospital,Type 1,639,188,579,60,317,14.6,2,79,263,18,358
1757,18/12/2023,December,4,2023,London,Guy's and St Thomas' NHS Foundation Trust,St Thomas' Hospital,Type 1,534,103,326,208,314,9,23,189,211,67,256
1758,18/12/2023,December,4,2023,Midlands,University Hospitals Birmingham NHS Foundation Trust,Queen Elizabeth Hospital Birmingham,Type 1,416,127,253,163,296,4,19,135,220,10,186
1759,18/12/2023,December,4,2023,Yorkshire and Humber,Leeds Teaching Hospitals NHS Trust,Leeds General Infirmary,Type 1,588,151,478,110,311,10.1,14,118,54,72,462
1760,18/12/2023,December,4,2023,South East,Oxford University Hospitals NHS Foundation Trust,John Radcliffe Hospital,Type 1,647,82,487,160,293,11.4,21,106,98,45,504
1761,19/12/2023,December,4,2023,North West,Liverpool University Hospitals NHS Foundation Trust,Royal Liverpool University Hospital,Type 1,659,194,429,230,257,10.2,13,155,155,13,491
1762,19/12/2023,December,4,2023,London,Guy's and St Thomas' NHS Foundation Trust,St Thomas' Hospital,Type 1,363,158,305,58,120,6.7,6,81,51,62,250
1763,19/12/2023,December,4,2023,Midlands,University Hospitals Birmingham NHS Foundation Trust,Queen Elizabeth Hospital Birmingham,Type 1,265,183,223,42,302,10.5,25,122,67,21,177
1764,19/12/2023,December,4,2023,Yorkshire and Humber,Leeds Teaching Hospitals NHS Trust,Leeds General Infirmary,Type 1,513,184,332,181,313,14.6,16,102,254,33,226
1765,19/12/2023,December,4,2023,South East,Oxford University Hospitals NHS Foundation Trust,John Radcliffe Hospital,Type 1,622,174,463,159,275,10.3,2,62,282,42,298
1766,20/12/2023,December,4,2023,North West,Liverpool University Hospitals NHS Foundation Trust,Royal Liverpool University Hospital,Type 1,455,144,329,126,259,5,0,192,276,36,143
1767,20/12/2023,December,4,2023,London,Guy's and St Thomas' NHS Foundation Trust,St Thomas' Hospital,Type 1,424,52,350,74,225,6.7,1,155,194,50,180
1768,20/12/2023,December,4,2023,Midlands,University Hospitals Birmingham NHS Foundation Trust,Queen Elizabeth Hospital Birmingham,Type 1,658,192,623,35,238,7.1,13,181,111,31,516
1769,20/12/2023,December,4,2023,Yorkshire and Humber,Leeds Teaching Hospitals NHS Trust,Leeds General Infirmary,Type 1,641,102,570,71,256,8,11,147,212,41,388
1770,20/12/2023,December,4,2023,South East,Oxford University Hospitals NHS Foundation Trust,John Radcliffe Hospital,Type 1,660,101,541,119,290,5.1,7,65,223,62,375
1771,21/12/2023,December,4,2023,North West,Liverpool University Hospitals NHS Foundation Trust,Royal Liverpool University Hospital,Type 1,679,162,678,1,145,5.7,0,189,88,17,574
1772,21/12/2023,December,4,2023,London,Guy's and St Thomas' NHS Foundation Trust,St Thomas' Hospital,Type 1,314,130,291,23,157,11.4,10,82,110,35,169
1773,21/12/2023,December,4,2023,Midlands,University Hospitals Birmingham NHS Foundation Trust,Queen Elizabeth Hospital Birmingham,Type 1,528,75,379,149,205,15.3,17,194,102,48,378
1774,21/12/2023,December,4,2023,Yorkshire and Humber,Leeds Teaching Hospitals NHS Trust,Leeds General Infirmary,Type 1,356,145,283,73,271,10.5,21,150,252,17,87
1775,21/12/2023,December,4,2023,South East,Oxford University Hospitals NHS Foundation Trust,John Radcliffe Hospital,Type 1,467,146,456,11,239,14.9,12,135,140,52,275
1776,22/12/2023,December,4,2023,North West,Liverpool University Hospitals NHS Foundation Trust,Royal Liverpool University Hospital,Type 1,598,62,374,224,178,7.3,13,67,98,13,487
1777,22/12/2023,December,4,2023,London,Guy's and St Thomas' NHS Foundation Trust,St Thomas' Hospital,Type 1,442,141,385,57,204,7.3,7,125,266,13,163
1778,22/12/2023,December,4,2023,Midlands,University Hospitals Birmingham NHS Foundation Trust,Queen Elizabeth Hospital Birmingham,Type 1,566,51,361,205,239,13.7,17,80,155,54,357
1779,22/12/2023,December,4,2023,Yorkshire and Humber,Leeds Teaching Hospitals NHS Trust,Leeds General Infirmary,Type 1,433,181,381,52,112,9.1,18,99,244,59,130
1780,22/12/2023,December,4,2023,South East,Oxford University Hospitals NHS Foundation Trust,John Radcliffe Hospital,Type 1,580,74,453,127,99,8.2,5,49,131,51,398
1781,23/12/2023,December,4,2023,North West,Liverpool University Hospitals NHS Foundation Trust,Royal Liverpool University Hospital,Type 1,638,191,462,176,188,8.7,9,185,250,34,354
1782,23/12/2023,December,4,2023,London,Guy's and St Thomas' NHS Foundation Trust,St Thomas' Hospital,Type 1,378,175,275,103,251,4.3,15,82,60,24,294
1783,23/12/2023,December,4,2023,Midlands,University Hospitals Birmingham NHS Foundation Trust,Queen Elizabeth Hospital Birmingham,Type 1,696,153,480,216,132,6.5,24,69,152,74,470
1784,23/12/2023,December,4,2023,Yorkshire and Humber,Leeds Teaching Hospitals NHS Trust,Leeds General Infirmary,Type 1,367,150,230,137,205,5.3,5,82,211,14,142
1785,23/12/2023,December,4,2023,South East,Oxford University Hospitals NHS Foundation Trust,John Radcliffe Hospital,Type 1,534,167,379,155,178,10.8,16,172,119,39,376
1786,24/12/2023,December,4,2023,North West,Liverpool University Hospitals NHS Foundation Trust,Royal Liverpool University Hospital,Type 1,415,171,275,140,216,10.1,16,131,157,66,192
1787,24/12/2023,December,4,2023,London,Guy's and St Thomas' NHS Foundation Trust,St Thomas' Hospital,Type 1,470,184,374,96,293,10.4,7,51,162,41,267
1788,24/12/2023,December,4,2023,Midlands,University Hospitals Birmingham NHS Foundation Trust,Queen Elizabeth Hospital Birmingham,Type 1,560,184,431,129,94,5.2,5,86,113,32,415
1789,24/12/2023,December,4,2023,Yorkshire and Humber,Leeds Teaching Hospitals NHS Trust,Leeds General Infirmary,Type 1,563,95,361,202,226,12.5,3,151,282,80,201
1790,24/12/2023,December,4,2023,South East,Oxford University Hospitals NHS Foundation Trust,John Radcliffe Hospital,Type 1,621,67,386,235,163,9.1,25,115,225,34,362
1791,25/12/2023,December,4,2023,North West,Liverpool University Hospitals NHS Foundation Trust,Royal Liverpool University Hospital,Type 1,405,82,357,48,206,7.2,8,198,135,10,260
1792,25/12/2023,December,4,2023,London,Guy's and St Thomas' NHS Foundation Trust,St Thomas' Hospital,Type 1,369,168,298,71,282,11.6,15,134,104,38,227
1793,25/12/2023,December,4,2023,Midlands,University Hospitals Birmingham NHS Foundation Trust,Queen Elizabeth Hospital Birmingham,Type 1,409,52,375,34,295,14.3,18,53,56,33,320
1794,25/12/2023,December,4,2023,Yorkshire and Humber,Leeds Teaching Hospitals NHS Trust,Leeds General Infirmary,Type 1,444,156,372,72,275,11.7,7,152,243,11,190
1795,25/12/2023,December,4,2023,South East,Oxford University Hospitals NHS Foundation Trust,John Radcliffe Hospital,Type 1,405,108,291,114,270,10.8,19,112,244,41,120
1796,26/12/2023,December,4,2023,North West,Liverpool University Hospitals NHS Foundation Trust,Royal Liverpool University Hospital,Type 1,416,133,336,80,295,14.5,10,164,109,43,264
1797,26/12/2023,December,4,2023,London,Guy's and St Thomas' NHS Foundation Trust,St Thomas' Hospital,Type 1,338,171,338,0,143,12.2,5,175,269,54,15
1798,26/12/2023,December,4,2023,Midlands,University Hospitals Birmingham NHS Foundation Trust,Queen Elizabeth Hospital Birmingham,Type 1,571,61,459,112,278,8.5,10,196,163,19,389
1799,26/12/2023,December,4,2023,Yorkshire and Humber,Leeds Teaching Hospitals NHS Trust,Leeds General Infirmary,Type 1,688,146,429,259,245,5.3,24,146,214,75,399
1800,26/12/2023,December,4,2023,South East,Oxford University Hospitals NHS Foundation Trust,John Radcliffe Hospital,Type 1,588,81,560,28,258,7,3,88,192,74,322
1801,27/12/2023,December,4,2023,North West,Liverpool University Hospitals NHS Foundation Trust,Royal Liverpool University Hospital,Type 1,302,81,274,28,111,6.1,25,144,193,46,63
1802,27/12/2023,December,4,2023,London,Guy's and St Thomas' NHS Foundation Trust,St Thomas' Hospital,Type 1,508,173,357,151,258,7,16,69,130,55,323
1803,27/12/2023,December,4,2023,Midlands,University Hospitals Birmingham NHS Foundation Trust,Queen Elizabeth Hospital Birmingham,Type 1,483,192,379,104,121,13.1,24,196,164,74,245
1804,27/12/2023,December,4,2023,Yorkshire and Humber,Leeds Teaching Hospitals NHS Trust,Leeds General Infirmary,Type 1,610,172,516,94,287,10.8,25,49,248,65,297
1805,27/12/2023,December,4,2023,South East,Oxford University Hospitals NHS Foundation Trust,John Radcliffe Hospital,Type 1,528,193,362,166,212,9.4,21,177,56,70,402
1806,28/12/2023,December,4,2023,North West,Liverpool University Hospitals NHS Foundation Trust,Royal Liverpool University Hospital,Type 1,566,67,374,192,225,12.4,22,216,242,47,277
1807,28/12/2023,December,4,2023,London,Guy's and St Thomas' NHS Foundation Trust,St Thomas' Hospital,Type 1,294,159,290,4,256,13.6,20,152,56,64,174
1808,28/12/2023,December,4,2023,Midlands,University Hospitals Birmingham NHS Foundation Trust,Queen Elizabeth Hospital Birmingham,Type 1,670,144,466,204,255,10.7,5,92,138,36,496
1809,28/12/2023,December,4,2023,Yorkshire and Humber,Leeds Teaching Hospitals NHS Trust,Leeds General Infirmary,Type 1,434,199,364,70,179,15.6,4,126,157,45,232
1810,28/12/2023,December,4,2023,South East,Oxford University Hospitals NHS Foundation Trust,John Radcliffe Hospital,Type 1,355,99,273,82,223,12.4,20,144,119,56,180
1811,29/12/2023,December,4,2023,North West,Liverpool University Hospitals NHS Foundation Trust,Royal Liverpool University Hospital,Type 1,274,82,265,9,99,12.8,24,169,186,27,61
1812,29/12/2023,December,4,2023,London,Guy's and St Thomas' NHS Foundation Trust,St Thomas' Hospital,Type 1,524,126,373,151,141,6.9,22,166,51,68,405
1813,29/12/2023,December,4,2023,Midlands,University Hospitals Birmingham NHS Foundation Trust,Queen Elizabeth Hospital Birmingham,Type 1,435,57,322,113,145,7.6,5,133,181,18,236
1814,29/12/2023,December,4,2023,Yorkshire and Humber,Leeds Teaching Hospitals NHS Trust,Leeds General Infirmary,Type 1,411,67,361,50,217,12.2,20,109,254,57,100
1815,29/12/2023,December,4,2023,South East,Oxford University Hospitals NHS Foundation Trust,John Radcliffe Hospital,Type 1,316,121,208,108,114,13.4,22,52,299,15,2
1816,30/12/2023,December,4,2023,North West,Liverpool University Hospitals NHS Foundation Trust,Royal Liverpool University Hospital,Type 1,376,141,358,18,199,12.6,5,70,146,11,219
1817,30/12/2023,December,4,2023,London,Guy's and St Thomas' NHS Foundation Trust,St Thomas' Hospital,Type 1,373,154,362,11,98,13.6,7,205,76,10,287
1818,30/12/2023,December,4,2023,Midlands,University Hospitals Birmingham NHS Foundation Trust,Queen Elizabeth Hospital Birmingham,Type 1,343,151,255,88,235,4.6,15,77,266,35,42
1819,30/12/2023,December,4,2023,Yorkshire and Humber,Leeds Teaching Hospitals NHS Trust,Leeds General Infirmary,Type 1,287,142,183,104,136,12.2,12,194,183,74,30
1820,30/12/2023,December,4,2023,South East,Oxford University Hospitals NHS Foundation Trust,John Radcliffe Hospital,Type 1,540,131,498,42,302,12,8,124,245,53,242
1821,31/12/2023,December,4,2023,North West,Liverpool University Hospitals NHS Foundation Trust,Royal Liverpool University Hospital,Type 1,359,132,325,34,117,15.3,6,201,279,68,12
1822,31/12/2023,December,4,2023,London,Guy's and St Thomas' NHS Foundation Trust,St Thomas' Hospital,Type 1,320,115,260,60,260,4.4,4,162,284,76,40
1823,31/12/2023,December,4,2023,Midlands,University Hospitals Birmingham NHS Foundation Trust,Queen Elizabeth Hospital Birmingham,Type 1,546,109,475,71,147,8.8,24,72,222,64,260
1824,31/12/2023,December,4,2023,Yorkshire and Humber,Leeds Teaching Hospitals NHS Trust,Leeds General Infirmary,Type 1,665,78,455,210,99,7.4,24,98,210,80,375
1825,31/12/2023,December,4,2023,South East,Oxford University Hospitals NHS Foundation Trust,John Radcliffe Hospital,Type 1,611,89,567,44,190,11,1,168,180,71,360
1826,01/01/2024,January,1,2024,North West,Liverpool University Hospitals NHS Foundation Trust,Royal Liverpool University Hospital,Type 1,651,172,474,177,171,9.2,9,153,220,48,383
1827,01/01/2024,January,1,2024,London,Guy's and St Thomas' NHS Foundation Trust,St Thomas' Hospital,Type 1,483,169,463,20,314,12.6,24,183,117,79,287
1828,01/01/2024,January,1,2024,Midlands,University Hospitals Birmingham NHS Foundation Trust,Queen Elizabeth Hospital Birmingham,Type 1,337,126,203,134,91,9.4,16,189,63,51,223
1829,01/01/2024,January,1,2024,Yorkshire and Humber,Leeds Teaching Hospitals NHS Trust,Leeds General Infirmary,Type 1,492,108,362,130,298,5.3,8,171,89,28,375
1830,01/01/2024,January,1,2024,South East,Oxford University Hospitals NHS Foundation Trust,John Radcliffe Hospital,Type 1,258,88,210,48,166,13.7,21,116,237,71,50
1831,02/01/2024,January,1,2024,North West,Liverpool University Hospitals NHS Foundation Trust,Royal Liverpool University Hospital,Type 1,571,121,418,153,133,5.8,25,199,292,51,228
1832,02/01/2024,January,1,2024,London,Guy's and St Thomas' NHS Foundation Trust,St Thomas' Hospital,Type 1,376,155,372,4,316,14.2,18,153,69,74,233
1833,02/01/2024,January,1,2024,Midlands,University Hospitals Birmingham NHS Foundation Trust,Queen Elizabeth Hospital Birmingham,Type 1,680,107,476,204,316,5.8,18,165,245,17,418
1834,02/01/2024,January,1,2024,Yorkshire and Humber,Leeds Teaching Hospitals NHS Trust,Leeds General Infirmary,Type 1,642,68,482,160,164,8.8,9,137,182,66,394
1835,02/01/2024,January,1,2024,South East,Oxford University Hospitals NHS Foundation Trust,John Radcliffe Hospital,Type 1,616,115,595,21,225,9.3,22,191,295,47,274
1836,03/01/2024,January,1,2024,North West,Liverpool University Hospitals NHS Foundation Trust,Royal Liverpool University Hospital,Type 1,313,65,201,112,202,9.7,10,128,128,37,148
1837,03/01/2024,January,1,2024,London,Guy's and St Thomas' NHS Foundation Trust,St Thomas' Hospital,Type 1,339,66,221,118,221,11.5,10,147,222,50,67
1838,03/01/2024,January,1,2024,Midlands,University Hospitals Birmingham NHS Foundation Trust,Queen Elizabeth Hospital Birmingham,Type 1,395,113,321,74,269,10.8,24,203,169,42,184
1839,03/01/2024,January,1,2024,Yorkshire and Humber,Leeds Teaching Hospitals NHS Trust,Leeds General Infirmary,Type 1,431,51,341,90,110,5.8,6,87,195,34,202
1840,03/01/2024,January,1,2024,South East,Oxford University Hospitals NHS Foundation Trust,John Radcliffe Hospital,Type 1,529,63,391,138,132,14,10,211,270,43,216
1841,04/01/2024,January,1,2024,North West,Liverpool University Hospitals NHS Foundation Trust,Royal Liverpool University Hospital,Type 1,510,144,307,203,302,13,6,154,57,56,397
1842,04/01/2024,January,1,2024,London,Guy's and St Thomas' NHS Foundation Trust,St Thomas' Hospital,Type 1,359,70,257,102,250,8.4,6,41,281,25,53
1843,04/01/2024,January,1,2024,Midlands,University Hospitals Birmingham NHS Foundation Trust,Queen Elizabeth Hospital Birmingham,Type 1,557,78,438,119,279,5.4,22,211,150,48,359
1844,04/01/2024,January,1,2024,Yorkshire and Humber,Leeds Teaching Hospitals NHS Trust,Leeds General Infirmary,Type 1,614,75,573,41,243,12.4,24,138,180,78,356
1845,04/01/2024,January,1,2024,South East,Oxford University Hospitals NHS Foundation Trust,John Radcliffe Hospital,Type 1,656,93,638,18,188,5.5,16,186,157,44,455
1846,05/01/2024,January,1,2024,North West,Liverpool University Hospitals NHS Foundation Trust,Royal Liverpool University Hospital,Type 1,495,61,399,96,273,10.6,10,43,164,76,255
1847,05/01/2024,January,1,2024,London,Guy's and St Thomas' NHS Foundation Trust,St Thomas' Hospital,Type 1,681,179,647,34,304,5.9,11,70,106,79,496
1848,05/01/2024,January,1,2024,Midlands,University Hospitals Birmingham NHS Foundation Trust,Queen Elizabeth Hospital Birmingham,Type 1,305,74,254,51,203,12.2,19,125,241,44,20
1849,05/01/2024,January,1,2024,Yorkshire and Humber,Leeds Teaching Hospitals NHS Trust,Leeds General Infirmary,Type 1,321,114,195,126,166,11,18,183,59,79,183
1850,05/01/2024,January,1,2024,South East,Oxford University Hospitals NHS Foundation Trust,John Radcliffe Hospital,Type 1,423,110,346,77,152,15.4,0,80,135,17,271
1851,06/01/2024,January,1,2024,North West,Liverpool University Hospitals NHS Foundation Trust,Royal Liverpool University Hospital,Type 1,260,200,161,99,245,8.4,25,77,159,24,77
1852,06/01/2024,January,1,2024,London,Guy's and St Thomas' NHS Foundation Trust,St Thomas' Hospital,Type 1,549,70,346,203,175,13.5,16,170,266,62,221
1853,06/01/2024,January,1,2024,Midlands,University Hospitals Birmingham NHS Foundation Trust,Queen Elizabeth Hospital Birmingham,Type 1,572,190,484,88,295,5,9,99,128,46,398
1854,06/01/2024,January,1,2024,Yorkshire and Humber,Leeds Teaching Hospitals NHS Trust,Leeds General Infirmary,Type 1,493,127,472,21,204,16,25,206,215,38,240
1855,06/01/2024,January,1,2024,South East,Oxford University Hospitals NHS Foundation Trust,John Radcliffe Hospital,Type 1,526,177,468,58,243,11.2,20,90,235,46,245
1856,07/01/2024,January,1,2024,North West,Liverpool University Hospitals NHS Foundation Trust,Royal Liverpool University Hospital,Type 1,290,67,202,88,212,5.5,16,190,117,68,105
1857,07/01/2024,January,1,2024,London,Guy's and St Thomas' NHS Foundation Trust,St Thomas' Hospital,Type 1,584,124,557,27,110,10.3,5,83,156,13,415
1858,07/01/2024,January,1,2024,Midlands,University Hospitals Birmingham NHS Foundation Trust,Queen Elizabeth Hospital Birmingham,Type 1,680,51,565,115,146,11.7,10,183,90,76,514
1859,07/01/2024,January,1,2024,Yorkshire and Humber,Leeds Teaching Hospitals NHS Trust,Leeds General Infirmary,Type 1,252,90,154,98,238,13.3,2,211,197,44,11
1860,07/01/2024,January,1,2024,South East,Oxford University Hospitals NHS Foundation Trust,John Radcliffe Hospital,Type 1,284,190,190,94,282,9,24,45,63,56,165
1861,08/01/2024,January,1,2024,North West,Liverpool University Hospitals NHS Foundation Trust,Royal Liverpool University Hospital,Type 1,252,181,151,101,186,6,4,83,252,41,41
1862,08/01/2024,January,1,2024,London,Guy's and St Thomas' NHS Foundation Trust,St Thomas' Hospital,Type 1,567,82,358,209,122,6.2,2,79,117,50,400
1863,08/01/2024,January,1,2024,Midlands,University Hospitals Birmingham NHS Foundation Trust,Queen Elizabeth Hospital Birmingham,Type 1,506,103,423,83,278,5.8,8,144,158,21,327
1864,08/01/2024,January,1,2024,Yorkshire and Humber,Leeds Teaching Hospitals NHS Trust,Leeds General Infirmary,Type 1,271,52,219,52,280,4.6,21,104,291,80,100
1865,08/01/2024,January,1,2024,South East,Oxford University Hospitals NHS Foundation Trust,John Radcliffe Hospital,Type 1,560,71,548,12,120,5,0,87,178,37,345
1866,09/01/2024,January,1,2024,North West,Liverpool University Hospitals NHS Foundation Trust,Royal Liverpool University Hospital,Type 1,271,129,237,34,253,5.8,14,99,110,22,139
1867,09/01/2024,January,1,2024,London,Guy's and St Thomas' NHS Foundation Trust,St Thomas' Hospital,Type 1,494,192,310,184,109,15.7,25,125,151,13,330
1868,09/01/2024,January,1,2024,Midlands,University Hospitals Birmingham NHS Foundation Trust,Queen Elizabeth Hospital Birmingham,Type 1,620,193,616,4,293,5.7,16,106,101,10,509
1869,09/01/2024,January,1,2024,Yorkshire and Humber,Leeds Teaching Hospitals NHS Trust,Leeds General Infirmary,Type 1,613,153,527,86,314,12.4,9,136,77,56,480
1870,09/01/2024,January,1,2024,South East,Oxford University Hospitals NHS Foundation Trust,John Radcliffe Hospital,Type 1,625,176,393,232,208,8.9,2,41,215,46,364
1871,10/01/2024,January,1,2024,North West,Liverpool University Hospitals NHS Foundation Trust,Royal Liverpool University Hospital,Type 1,434,131,378,56,286,11.1,5,175,69,57,308
1872,10/01/2024,January,1,2024,London,Guy's and St Thomas' NHS Foundation Trust,St Thomas' Hospital,Type 1,576,192,576,0,224,5,19,61,98,45,433
1873,10/01/2024,January,1,2024,Midlands,University Hospitals Birmingham NHS Foundation Trust,Queen Elizabeth Hospital Birmingham,Type 1,494,54,325,169,259,11.4,7,169,156,14,324
1874,10/01/2024,January,1,2024,Yorkshire and Humber,Leeds Teaching Hospitals NHS Trust,Leeds General Infirmary,Type 1,410,64,276,134,167,9.8,14,138,145,78,187
1875,10/01/2024,January,1,2024,South East,Oxford University Hospitals NHS Foundation Trust,John Radcliffe Hospital,Type 1,512,68,426,86,172,12.6,14,149,96,26,390
1876,11/01/2024,January,1,2024,North West,Liverpool University Hospitals NHS Foundation Trust,Royal Liverpool University Hospital,Type 1,597,190,450,147,278,4.6,12,183,246,29,322
1877,11/01/2024,January,1,2024,London,Guy's and St Thomas' NHS Foundation Trust,St Thomas' Hospital,Type 1,334,67,315,19,291,4.4,4,208,61,39,234
1878,11/01/2024,January,1,2024,Midlands,University Hospitals Birmingham NHS Foundation Trust,Queen Elizabeth Hospital Birmingham,Type 1,409,54,265,144,301,4.5,20,165,169,63,177
1879,11/01/2024,January,1,2024,Yorkshire and Humber,Leeds Teaching Hospitals NHS Trust,Leeds General Infirmary,Type 1,507,171,456,51,201,13.4,2,195,100,62,345
1880,11/01/2024,January,1,2024,South East,Oxford University Hospitals NHS Foundation Trust,John Radcliffe Hospital,Type 1,284,88,226,58,174,13.4,11,139,140,79,65
1881,12/01/2024,January,1,2024,North West,Liverpool University Hospitals NHS Foundation Trust,Royal Liverpool University Hospital,Type 1,263,94,162,101,159,12.6,22,203,141,56,66
1882,12/01/2024,January,1,2024,London,Guy's and St Thomas' NHS Foundation Trust,St Thomas' Hospital,Type 1,416,51,291,125,275,7.4,0,61,174,76,166
1883,12/01/2024,January,1,2024,Midlands,University Hospitals Birmingham NHS Foundation Trust,Queen Elizabeth Hospital Birmingham,Type 1,427,162,319,108,175,7.8,14,131,157,44,226
1884,12/01/2024,January,1,2024,Yorkshire and Humber,Leeds Teaching Hospitals NHS Trust,Leeds General Infirmary,Type 1,505,122,345,160,217,14.5,6,141,52,74,379
1885,12/01/2024,January,1,2024,South East,Oxford University Hospitals NHS Foundation Trust,John Radcliffe Hospital,Type 1,397,199,324,73,179,10.4,6,217,56,36,305
1886,13/01/2024,January,1,2024,North West,Liverpool University Hospitals NHS Foundation Trust,Royal Liverpool University Hospital,Type 1,654,168,558,96,158,9.8,2,129,135,59,460
1887,13/01/2024,January,1,2024,London,Guy's and St Thomas' NHS Foundation Trust,St Thomas' Hospital,Type 1,675,169,501,174,143,5.3,7,133,199,44,432
1888,13/01/2024,January,1,2024,Midlands,University Hospitals Birmingham NHS Foundation Trust,Queen Elizabeth Hospital Birmingham,Type 1,343,200,320,23,231,9.3,20,204,275,60,8
1889,13/01/2024,January,1,2024,Yorkshire and Humber,Leeds Teaching Hospitals NHS Trust,Leeds General Infirmary,Type 1,646,175,469,177,113,12.5,8,159,300,58,288
1890,13/01/2024,January,1,2024,South East,Oxford University Hospitals NHS Foundation Trust,John Radcliffe Hospital,Type 1,373,75,273,100,137,13.9,4,199,110,74,189
1891,14/01/2024,January,1,2024,North West,Liverpool University Hospitals NHS Foundation Trust,Royal Liverpool University Hospital,Type 1,503,112,456,47,221,4.3,3,165,123,32,348
1892,14/01/2024,January,1,2024,London,Guy's and St Thomas' NHS Foundation Trust,St Thomas' Hospital,Type 1,367,119,255,112,238,13.1,10,199,208,32,127
1893,14/01/2024,January,1,2024,Midlands,University Hospitals Birmingham NHS Foundation Trust,Queen Elizabeth Hospital Birmingham,Type 1,532,156,460,72,256,14.5,19,144,216,19,297
1894,14/01/2024,January,1,2024,Yorkshire and Humber,Leeds Teaching Hospitals NHS Trust,Leeds General Infirmary,Type 1,418,142,297,121,315,7.4,2,194,112,44,262
1895,14/01/2024,January,1,2024,South East,Oxford University Hospitals NHS Foundation Trust,John Radcliffe Hospital,Type 1,495,154,321,174,201,15.7,14,144,151,65,279
1896,15/01/2024,January,1,2024,North West,Liverpool University Hospitals NHS Foundation Trust,Royal Liverpool University Hospital,Type 1,473,72,351,122,111,6.2,8,183,95,80,298
1897,15/01/2024,January,1,2024,London,Guy's and St Thomas' NHS Foundation Trust,St Thomas' Hospital,Type 1,537,76,406,131,165,11.6,24,166,224,41,272
1898,15/01/2024,January,1,2024,Midlands,University Hospitals Birmingham NHS Foundation Trust,Queen Elizabeth Hospital Birmingham,Type 1,644,122,526,118,248,15.2,22,216,201,65,378
1899,15/01/2024,January,1,2024,Yorkshire and Humber,Leeds Teaching Hospitals NHS Trust,Leeds General Infirmary,Type 1,474,162,414,60,228,4.2,0,59,286,48,140
1900,15/01/2024,January,1,2024,South East,Oxford University Hospitals NHS Foundation Trust,John Radcliffe Hospital,Type 1,292,173,255,37,294,13.5,24,91,95,31,166
1901,16/01/2024,January,1,2024,North West,Liverpool University Hospitals NHS Foundation Trust,Royal Liverpool University Hospital,Type 1,587,69,394,193,144,6.2,21,122,133,46,408
1902,16/01/2024,January,1,2024,London,Guy's and St Thomas' NHS Foundation Trust,St Thomas' Hospital,Type 1,400,60,324,76,265,5.9,15,212,239,42,119
1903,16/01/2024,January,1,2024,Midlands,University Hospitals Birmingham NHS Foundation Trust,Queen Elizabeth Hospital Birmingham,Type 1,613,79,536,77,273,4,13,95,160,77,376
1904,16/01/2024,January,1,2024,Yorkshire and Humber,Leeds Teaching Hospitals NHS Trust,Leeds General Infirmary,Type 1,528,69,518,10,224,12.2,11,138,254,60,214
1905,16/01/2024,January,1,2024,South East,Oxford University Hospitals NHS Foundation Trust,John Radcliffe Hospital,Type 1,502,142,310,192,243,11.3,17,83,224,34,244
1906,17/01/2024,January,1,2024,North West,Liverpool University Hospitals NHS Foundation Trust,Royal Liverpool University Hospital,Type 1,322,177,206,116,169,4.5,3,126,96,55,171
1907,17/01/2024,January,1,2024,London,Guy's and St Thomas' NHS Foundation Trust,St Thomas' Hospital,Type 1,689,121,432,257,263,11,24,202,75,73,541
1908,17/01/2024,January,1,2024,Midlands,University Hospitals Birmingham NHS Foundation Trust,Queen Elizabeth Hospital Birmingham,Type 1,302,104,215,87,198,5.1,24,42,217,42,43
1909,17/01/2024,January,1,2024,Yorkshire and Humber,Leeds Teaching Hospitals NHS Trust,Leeds General Infirmary,Type 1,438,108,272,166,246,12.8,20,48,72,10,356
1910,17/01/2024,January,1,2024,South East,Oxford University Hospitals NHS Foundation Trust,John Radcliffe Hospital,Type 1,406,130,350,56,126,11,18,91,115,17,274
1911,18/01/2024,January,1,2024,North West,Liverpool University Hospitals NHS Foundation Trust,Royal Liverpool University Hospital,Type 1,615,140,500,115,136,7.6,2,184,259,43,313
1912,18/01/2024,January,1,2024,London,Guy's and St Thomas' NHS Foundation Trust,St Thomas' Hospital,Type 1,365,101,257,108,316,13.9,4,76,169,18,178
1913,18/01/2024,January,1,2024,Midlands,University Hospitals Birmingham NHS Foundation Trust,Queen Elizabeth Hospital Birmingham,Type 1,289,133,243,46,135,5.7,7,139,66,24,199
1914,18/01/2024,January,1,2024,Yorkshire and Humber,Leeds Teaching Hospitals NHS Trust,Leeds General Infirmary,Type 1,408,157,356,52,153,12,18,80,105,79,224
1915,18/01/2024,January,1,2024,South East,Oxford University Hospitals NHS Foundation Trust,John Radcliffe Hospital,Type 1,376,163,264,112,273,12.5,25,186,269,80,27
1916,19/01/2024,January,1,2024,North West,Liverpool University Hospitals NHS Foundation Trust,Royal Liverpool University Hospital,Type 1,296,56,250,46,305,15,13,105,51,74,171
1917,19/01/2024,January,1,2024,London,Guy's and St Thomas' NHS Foundation Trust,St Thomas' Hospital,Type 1,561,134,424,137,236,10.8,21,89,124,55,382
1918,19/01/2024,January,1,2024,Midlands,University Hospitals Birmingham NHS Foundation Trust,Queen Elizabeth Hospital Birmingham,Type 1,305,94,264,41,237,5.5,3,174,183,31,91
1919,19/01/2024,January,1,2024,Yorkshire and Humber,Leeds Teaching Hospitals NHS Trust,Leeds General Infirmary,Type 1,420,154,268,152,215,6.9,0,60,169,19,232
1920,19/01/2024,January,1,2024,South East,Oxford University Hospitals NHS Foundation Trust,John Radcliffe Hospital,Type 1,532,170,494,38,219,8,4,97,161,50,321
1921,20/01/2024,January,1,2024,North West,Liverpool University Hospitals NHS Foundation Trust,Royal Liverpool University Hospital,Type 1,390,121,356,34,237,11.3,2,192,252,30,108
1922,20/01/2024,January,1,2024,London,Guy's and St Thomas' NHS Foundation Trust,St Thomas' Hospital,Type 1,518,154,423,95,261,13.7,8,136,259,25,234
1923,20/01/2024,January,1,2024,Midlands,University Hospitals Birmingham NHS Foundation Trust,Queen Elizabeth Hospital Birmingham,Type 1,678,135,510,168,280,14.9,22,116,207,33,438
1924,20/01/2024,January,1,2024,Yorkshire and Humber,Leeds Teaching Hospitals NHS Trust,Leeds General Infirmary,Type 1,664,110,574,90,103,12.7,25,206,229,18,417
1925,20/01/2024,January,1,2024,South East,Oxford University Hospitals NHS Foundation Trust,John Radcliffe Hospital,Type 1,696,86,622,74,262,8.7,22,184,159,29,508
1926,21/01/2024,January,1,2024,North West,Liverpool University Hospitals NHS Foundation Trust,Royal Liverpool University Hospital,Type 1,435,139,430,5,100,4.5,18,162,105,29,301
1927,21/01/2024,January,1,2024,London,Guy's and St Thomas' NHS Foundation Trust,St Thomas' Hospital,Type 1,527,96,503,24,155,7.4,24,97,276,21,230
1928,21/01/2024,January,1,2024,Midlands,University Hospitals Birmingham NHS Foundation Trust,Queen Elizabeth Hospital Birmingham,Type 1,467,86,336,131,208,11.8,0,196,256,26,185
1929,21/01/2024,January,1,2024,Yorkshire and Humber,Leeds Teaching Hospitals NHS Trust,Leeds General Infirmary,Type 1,305,99,247,58,197,8.1,6,149,137,18,150
1930,21/01/2024,January,1,2024,South East,Oxford University Hospitals NHS Foundation Trust,John Radcliffe Hospital,Type 1,263,89,208,55,217,4.4,12,80,167,35,61
1931,22/01/2024,January,1,2024,North West,Liverpool University Hospitals NHS Foundation Trust,Royal Liverpool University Hospital,Type 1,648,183,628,20,97,7.4,2,87,277,17,354
1932,22/01/2024,January,1,2024,London,Guy's and St Thomas' NHS Foundation Trust,St Thomas' Hospital,Type 1,512,154,350,162,291,9.5,5,130,70,23,419
1933,22/01/2024,January,1,2024,Midlands,University Hospitals Birmingham NHS Foundation Trust,Queen Elizabeth Hospital Birmingham,Type 1,591,196,581,10,195,6.3,1,162,127,46,418
1934,22/01/2024,January,1,2024,Yorkshire and Humber,Leeds Teaching Hospitals NHS Trust,Leeds General Infirmary,Type 1,422,136,380,42,288,11.7,25,108,122,41,259
1935,22/01/2024,January,1,2024,South East,Oxford University Hospitals NHS Foundation Trust,John Radcliffe Hospital,Type 1,348,191,319,29,142,15.9,16,211,186,64,98
1936,23/01/2024,January,1,2024,North West,Liverpool University Hospitals NHS Foundation Trust,Royal Liverpool University Hospital,Type 1,338,153,334,4,280,6.6,14,213,131,26,181
1937,23/01/2024,January,1,2024,London,Guy's and St Thomas' NHS Foundation Trust,St Thomas' Hospital,Type 1,584,145,510,74,256,14.3,3,165,287,66,231
1938,23/01/2024,January,1,2024,Midlands,University Hospitals Birmingham NHS Foundation Trust,Queen Elizabeth Hospital Birmingham,Type 1,607,144,601,6,231,5.1,6,208,237,80,290
1939,23/01/2024,January,1,2024,Yorkshire and Humber,Leeds Teaching Hospitals NHS Trust,Leeds General Infirmary,Type 1,677,74,585,92,302,10.2,19,54,68,62,547
1940,23/01/2024,January,1,2024,South East,Oxford University Hospitals NHS Foundation Trust,John Radcliffe Hospital,Type 1,615,81,440,175,293,13.8,1,59,235,46,334
1941,24/01/2024,January,1,2024,North West,Liverpool University Hospitals NHS Foundation Trust,Royal Liverpool University Hospital,Type 1,671,71,671,0,110,7.1,23,77,294,53,324
1942,24/01/2024,January,1,2024,London,Guy's and St Thomas' NHS Foundation Trust,St Thomas' Hospital,Type 1,460,55,403,57,130,9.3,12,146,132,28,300
1943,24/01/2024,January,1,2024,Midlands,University Hospitals Birmingham NHS Foundation Trust,Queen Elizabeth Hospital Birmingham,Type 1,385,50,309,76,101,13.2,9,90,67,77,241
1944,24/01/2024,January,1,2024,Yorkshire and Humber,Leeds Teaching Hospitals NHS Trust,Leeds General Infirmary,Type 1,426,120,345,81,129,13.2,7,208,254,30,142
1945,24/01/2024,January,1,2024,South East,Oxford University Hospitals NHS Foundation Trust,John Radcliffe Hospital,Type 1,699,115,611,88,139,6.6,22,107,63,61,575
1946,25/01/2024,January,1,2024,North West,Liverpool University Hospitals NHS Foundation Trust,Royal Liverpool University Hospital,Type 1,603,166,544,59,164,10.8,10,149,152,11,440
1947,25/01/2024,January,1,2024,London,Guy's and St Thomas' NHS Foundation Trust,St Thomas' Hospital,Type 1,539,124,463,76,92,14.6,18,217,51,24,464
1948,25/01/2024,January,1,2024,Midlands,University Hospitals Birmingham NHS Foundation Trust,Queen Elizabeth Hospital Birmingham,Type 1,372,50,283,89,133,6.6,16,110,284,56,32
1949,25/01/2024,January,1,2024,Yorkshire and Humber,Leeds Teaching Hospitals NHS Trust,Leeds General Infirmary,Type 1,611,141,415,196,222,6.6,6,145,74,47,490
1950,25/01/2024,January,1,2024,South East,Oxford University Hospitals NHS Foundation Trust,John Radcliffe Hospital,Type 1,486,132,296,190,313,12.3,9,183,291,62,133
1951,26/01/2024,January,1,2024,North West,Liverpool University Hospitals NHS Foundation Trust,Royal Liverpool University Hospital,Type 1,579,98,367,212,285,15.7,10,184,147,32,400
1952,26/01/2024,January,1,2024,London,Guy's and St Thomas' NHS Foundation Trust,St Thomas' Hospital,Type 1,557,100,538,19,318,14.2,8,61,296,10,251
1953,26/01/2024,January,1,2024,Midlands,University Hospitals Birmingham NHS Foundation Trust,Queen Elizabeth Hospital Birmingham,Type 1,287,182,250,37,104,15.9,25,45,145,44,98
1954,26/01/2024,January,1,2024,Yorkshire and Humber,Leeds Teaching Hospitals NHS Trust,Leeds General Infirmary,Type 1,582,52,554,28,117,11.2,12,132,150,47,385
1955,26/01/2024,January,1,2024,South East,Oxford University Hospitals NHS Foundation Trust,John Radcliffe Hospital,Type 1,696,116,454,242,242,10.6,3,172,147,66,483
1956,27/01/2024,January,1,2024,North West,Liverpool University Hospitals NHS Foundation Trust,Royal Liverpool University Hospital,Type 1,372,173,371,1,206,9.3,4,72,56,32,284
1957,27/01/2024,January,1,2024,London,Guy's and St Thomas' NHS Foundation Trust,St Thomas' Hospital,Type 1,428,144,387,41,132,15,11,199,100,39,289
1958,27/01/2024,January,1,2024,Midlands,University Hospitals Birmingham NHS Foundation Trust,Queen Elizabeth Hospital Birmingham,Type 1,402,155,393,9,163,6.5,9,104,162,13,227
1959,27/01/2024,January,1,2024,Yorkshire and Humber,Leeds Teaching Hospitals NHS Trust,Leeds General Infirmary,Type 1,630,172,413,217,306,10.8,13,64,169,18,443
1960,27/01/2024,January,1,2024,South East,Oxford University Hospitals NHS Foundation Trust,John Radcliffe Hospital,Type 1,454,63,367,87,207,12.3,21,178,134,52,268
1961,28/01/2024,January,1,2024,North West,Liverpool University Hospitals NHS Foundation Trust,Royal Liverpool University Hospital,Type 1,414,86,340,74,225,8.5,6,129,248,67,99
1962,28/01/2024,January,1,2024,London,Guy's and St Thomas' NHS Foundation Trust,St Thomas' Hospital,Type 1,484,59,432,52,173,8.6,22,90,203,31,250
1963,28/01/2024,January,1,2024,Midlands,University Hospitals Birmingham NHS Foundation Trust,Queen Elizabeth Hospital Birmingham,Type 1,593,188,363,230,280,8.6,0,200,295,46,252
1964,28/01/2024,January,1,2024,Yorkshire and Humber,Leeds Teaching Hospitals NHS Trust,Leeds General Infirmary,Type 1,593,50,485,108,311,15.4,3,57,65,62,466
1965,28/01/2024,January,1,2024,South East,Oxford University Hospitals NHS Foundation Trust,John Radcliffe Hospital,Type 1,469,199,312,157,217,13.7,2,63,181,71,217
1966,29/01/2024,January,1,2024,North West,Liverpool University Hospitals NHS Foundation Trust,Royal Liverpool University Hospital,Type 1,352,145,215,137,213,14.4,21,121,228,71,53
1967,29/01/2024,January,1,2024,London,Guy's and St Thomas' NHS Foundation Trust,St Thomas' Hospital,Type 1,263,101,213,50,279,11.2,12,133,139,30,94
1968,29/01/2024,January,1,2024,Midlands,University Hospitals Birmingham NHS Foundation Trust,Queen Elizabeth Hospital Birmingham,Type 1,639,121,636,3,312,11.3,4,61,133,16,490
1969,29/01/2024,January,1,2024,Yorkshire and Humber,Leeds Teaching Hospitals NHS Trust,Leeds General Infirmary,Type 1,614,161,549,65,312,12.5,24,181,109,71,434
1970,29/01/2024,January,1,2024,South East,Oxford University Hospitals NHS Foundation Trust,John Radcliffe Hospital,Type 1,271,156,228,43,267,10.9,23,58,76,71,124
1971,30/01/2024,January,1,2024,North West,Liverpool University Hospitals NHS Foundation Trust,Royal Liverpool University Hospital,Type 1,433,75,291,142,311,10.8,25,61,118,17,298
1972,30/01/2024,January,1,2024,London,Guy's and St Thomas' NHS Foundation Trust,St Thomas' Hospital,Type 1,608,151,503,105,99,10.1,14,100,56,71,481
1973,30/01/2024,January,1,2024,Midlands,University Hospitals Birmingham NHS Foundation Trust,Queen Elizabeth Hospital Birmingham,Type 1,601,78,585,16,300,12.7,8,79,52,61,488
1974,30/01/2024,January,1,2024,Yorkshire and Humber,Leeds Teaching Hospitals NHS Trust,Leeds General Infirmary,Type 1,692,133,688,4,286,9.6,9,154,202,57,433
1975,30/01/2024,January,1,2024,South East,Oxford University Hospitals NHS Foundation Trust,John Radcliffe Hospital,Type 1,586,147,403,183,122,10.7,23,138,86,49,451
1976,31/01/2024,January,1,2024,North West,Liverpool University Hospitals NHS Foundation Trust,Royal Liverpool University Hospital,Type 1,637,194,572,65,257,15.5,18,150,210,13,414
1977,31/01/2024,January,1,2024,London,Guy's and St Thomas' NHS Foundation Trust,St Thomas' Hospital,Type 1,355,74,297,58,93,11.3,20,84,219,78,58
1978,31/01/2024,January,1,2024,Midlands,University Hospitals Birmingham NHS Foundation Trust,Queen Elizabeth Hospital Birmingham,Type 1,532,106,461,71,230,9.6,23,99,282,60,190
1979,31/01/2024,January,1,2024,Yorkshire and Humber,Leeds Teaching Hospitals NHS Trust,Leeds General Infirmary,Type 1,444,114,369,75,176,15.7,12,213,172,68,204
1980,31/01/2024,January,1,2024,South East,Oxford University Hospitals NHS Foundation Trust,John Radcliffe Hospital,Type 1,421,200,263,158,150,8.8,23,75,89,32,300
1981,01/02/2024,February,1,2024,North West,Liverpool University Hospitals NHS Foundation Trust,Royal Liverpool University Hospital,Type 1,559,139,529,30,173,8.8,20,173,207,19,333
1982,01/02/2024,February,1,2024,London,Guy's and St Thomas' NHS Foundation Trust,St Thomas' Hospital,Type 1,548,127,508,40,223,12.1,17,79,233,21,294
1983,01/02/2024,February,1,2024,Midlands,University Hospitals Birmingham NHS Foundation Trust,Queen Elizabeth Hospital Birmingham,Type 1,320,93,282,38,192,11.4,1,57,115,17,188
1984,01/02/2024,February,1,2024,Yorkshire and Humber,Leeds Teaching Hospitals NHS Trust,Leeds General Infirmary,Type 1,650,86,591,59,264,14.9,0,64,80,36,534
1985,01/02/2024,February,1,2024,South East,Oxford University Hospitals NHS Foundation Trust,John Radcliffe Hospital,Type 1,275,80,266,9,146,13.1,2,182,241,41,7
1986,02/02/2024,February,1,2024,North West,Liverpool University Hospitals NHS Foundation Trust,Royal Liverpool University Hospital,Type 1,677,113,443,234,222,4.3,9,53,132,58,487
1987,02/02/2024,February,1,2024,London,Guy's and St Thomas' NHS Foundation Trust,St Thomas' Hospital,Type 1,640,75,502,138,223,4.4,22,49,93,78,469
1988,02/02/2024,February,1,2024,Midlands,University Hospitals Birmingham NHS Foundation Trust,Queen Elizabeth Hospital Birmingham,Type 1,674,53,638,36,297,10.8,3,115,70,63,541
1989,02/02/2024,February,1,2024,Yorkshire and Humber,Leeds Teaching Hospitals NHS Trust,Leeds General Infirmary,Type 1,374,164,338,36,95,12.7,2,82,259,10,105
1990,02/02/2024,February,1,2024,South East,Oxford University Hospitals NHS Foundation Trust,John Radcliffe Hospital,Type 1,263,148,238,25,167,8.3,6,98,180,25,58
1991,03/02/2024,February,1,2024,North West,Liverpool University Hospitals NHS Foundation Trust,Royal Liverpool University Hospital,Type 1,485,162,385,100,231,10.6,17,134,198,46,241
1992,03/02/2024,February,1,2024,London,Guy's and St Thomas' NHS Foundation Trust,St Thomas' Hospital,Type 1,466,155,456,10,296,13.2,11,161,158,38,270
1993,03/02/2024,February,1,2024,Midlands,University Hospitals Birmingham NHS Foundation Trust,Queen Elizabeth Hospital Birmingham,Type 1,257,168,212,45,217,6.6,8,84,166,63,28
1994,03/02/2024,February,1,2024,Yorkshire and Humber,Leeds Teaching Hospitals NHS Trust,Leeds General Infirmary,Type 1,541,154,420,121,124,9.6,16,41,95,28,418
1995,03/02/2024,February,1,2024,South East,Oxford University Hospitals NHS Foundation Trust,John Radcliffe Hospital,Type 1,514,173,427,87,269,8.5,22,206,55,80,379
1996,04/02/2024,February,1,2024,North West,Liverpool University Hospitals NHS Foundation Trust,Royal Liverpool University Hospital,Type 1,347,198,265,82,139,8.7,13,107,51,16,280
1997,04/02/2024,February,1,2024,London,Guy's and St Thomas' NHS Foundation Trust,St Thomas' Hospital,Type 1,503,121,414,89,260,14.2,3,127,63,78,362
1998,04/02/2024,February,1,2024,Midlands,University Hospitals Birmingham NHS Foundation Trust,Queen Elizabeth Hospital Birmingham,Type 1,313,155,251,62,232,5.1,0,106,58,37,218
1999,04/02/2024,February,1,2024,Yorkshire and Humber,Leeds Teaching Hospitals NHS Trust,Leeds General Infirmary,Type 1,387,174,342,45,277,4,25,78,161,14,212
2000,04/02/2024,February,1,2024,South East,Oxford University Hospitals NHS Foundation Trust,John Radcliffe Hospital,Type 1,601,145,589,12,138,8.2,20,65,63,16,522
2001,05/02/2024,February,1,2024,North West,Liverpool University Hospitals NHS Foundation Trust,Royal Liverpool University Hospital,Type 1,673,197,435,238,213,4.5,21,206,109,36,528
2002,05/02/2024,February,1,2024,London,Guy's and St Thomas' NHS Foundation Trust,St Thomas' Hospital,Type 1,409,161,313,96,235,6.2,12,79,130,40,239
2003,05/02/2024,February,1,2024,Midlands,University Hospitals Birmingham NHS Foundation Trust,Queen Elizabeth Hospital Birmingham,Type 1,568,160,370,198,188,12.6,7,71,71,42,455
2004,05/02/2024,February,1,2024,Yorkshire and Humber,Leeds Teaching Hospitals NHS Trust,Leeds General Infirmary,Type 1,473,160,359,114,226,9,3,80,116,73,284
2005,05/02/2024,February,1,2024,South East,Oxford University Hospitals NHS Foundation Trust,John Radcliffe Hospital,Type 1,362,109,268,94,153,7.2,10,99,74,69,219
2006,06/02/2024,February,1,2024,North West,Liverpool University Hospitals NHS Foundation Trust,Royal Liverpool University Hospital,Type 1,590,146,577,13,224,7.7,9,125,176,27,387
2007,06/02/2024,February,1,2024,London,Guy's and St Thomas' NHS Foundation Trust,St Thomas' Hospital,Type 1,304,139,206,98,280,8.7,0,123,137,50,117
2008,06/02/2024,February,1,2024,Midlands,University Hospitals Birmingham NHS Foundation Trust,Queen Elizabeth Hospital Birmingham,Type 1,612,125,607,5,300,7.8,20,81,278,78,256
2009,06/02/2024,February,1,2024,Yorkshire and Humber,Leeds Teaching Hospitals NHS Trust,Leeds General Infirmary,Type 1,405,126,252,153,258,8.4,13,164,264,21,120
2010,06/02/2024,February,1,2024,South East,Oxford University Hospitals NHS Foundation Trust,John Radcliffe Hospital,Type 1,401,185,307,94,108,10.8,23,171,154,62,185
2011,07/02/2024,February,1,2024,North West,Liverpool University Hospitals NHS Foundation Trust,Royal Liverpool University Hospital,Type 1,533,140,509,24,136,10,5,126,177,33,323
2012,07/02/2024,February,1,2024,London,Guy's and St Thomas' NHS Foundation Trust,St Thomas' Hospital,Type 1,540,186,530,10,224,6.9,22,100,50,77,413
2013,07/02/2024,February,1,2024,Midlands,University Hospitals Birmingham NHS Foundation Trust,Queen Elizabeth Hospital Birmingham,Type 1,348,107,317,31,206,8.3,22,98,142,54,152
2014,07/02/2024,February,1,2024,Yorkshire and Humber,Leeds Teaching Hospitals NHS Trust,Leeds General Infirmary,Type 1,386,75,375,11,175,14.3,15,182,230,75,81
2015,07/02/2024,February,1,2024,South East,Oxford University Hospitals NHS Foundation Trust,John Radcliffe Hospital,Type 1,662,71,641,21,186,9.4,24,153,262,50,350
2016,08/02/2024,February,1,2024,North West,Liverpool University Hospitals NHS Foundation Trust,Royal Liverpool University Hospital,Type 1,593,53,361,232,253,9.6,8,128,55,55,483
2017,08/02/2024,February,1,2024,London,Guy's and St Thomas' NHS Foundation Trust,St Thomas' Hospital,Type 1,336,199,321,15,203,16,11,86,215,62,59
2018,08/02/2024,February,1,2024,Midlands,University Hospitals Birmingham NHS Foundation Trust,Queen Elizabeth Hospital Birmingham,Type 1,578,113,380,198,169,14,13,103,212,77,289
2019,08/02/2024,February,1,2024,Yorkshire and Humber,Leeds Teaching Hospitals NHS Trust,Leeds General Infirmary,Type 1,602,56,473,129,296,5.3,4,199,219,11,372
2020,08/02/2024,February,1,2024,South East,Oxford University Hospitals NHS Foundation Trust,John Radcliffe Hospital,Type 1,586,151,365,221,227,14.4,21,90,110,10,466
2021,09/02/2024,February,1,2024,North West,Liverpool University Hospitals NHS Foundation Trust,Royal Liverpool University Hospital,Type 1,432,145,432,0,265,4.1,23,79,118,63,251
2022,09/02/2024,February,1,2024,London,Guy's and St Thomas' NHS Foundation Trust,St Thomas' Hospital,Type 1,471,108,459,12,128,9.6,4,159,130,19,322
2023,09/02/2024,February,1,2024,Midlands,University Hospitals Birmingham NHS Foundation Trust,Queen Elizabeth Hospital Birmingham,Type 1,350,92,227,123,225,13.2,24,67,197,31,122
2024,09/02/2024,February,1,2024,Yorkshire and Humber,Leeds Teaching Hospitals NHS Trust,Leeds General Infirmary,Type 1,327,50,308,19,226,9.4,10,98,188,68,71
2025,09/02/2024,February,1,2024,South East,Oxford University Hospitals NHS Foundation Trust,John Radcliffe Hospital,Type 1,563,98,366,197,169,13.2,22,140,223,50,290
2026,10/02/2024,February,1,2024,North West,Liverpool University Hospitals NHS Foundation Trust,Royal Liverpool University Hospital,Type 1,381,154,344,37,299,5.3,16,138,201,32,148
2027,10/02/2024,February,1,2024,London,Guy's and St Thomas' NHS Foundation Trust,St Thomas' Hospital,Type 1,345,75,260,85,168,5.6,7,209,106,64,175
2028,10/02/2024,February,1,2024,Midlands,University Hospitals Birmingham NHS Foundation Trust,Queen Elizabeth Hospital Birmingham,Type 1,310,106,292,18,204,7.2,9,48,91,67,152
2029,10/02/2024,February,1,2024,Yorkshire and Humber,Leeds Teaching Hospitals NHS Trust,Leeds General Infirmary,Type 1,627,93,565,62,99,13.7,18,94,162,27,438
2030,10/02/2024,February,1,2024,South East,Oxford University Hospitals NHS Foundation Trust,John Radcliffe Hospital,Type 1,321,175,228,93,282,15.3,7,88,59,21,241
2031,11/02/2024,February,1,2024,North West,Liverpool University Hospitals NHS Foundation Trust,Royal Liverpool University Hospital,Type 1,423,122,284,139,145,10.7,22,123,125,72,226
2032,11/02/2024,February,1,2024,London,Guy's and St Thomas' NHS Foundation Trust,St Thomas' Hospital,Type 1,367,129,235,132,225,10.9,5,144,166,71,130
2033,11/02/2024,February,1,2024,Midlands,University Hospitals Birmingham NHS Foundation Trust,Queen Elizabeth Hospital Birmingham,Type 1,490,105,332,158,279,12,5,108,131,53,306
2034,11/02/2024,February,1,2024,Yorkshire and Humber,Leeds Teaching Hospitals NHS Trust,Leeds General Infirmary,Type 1,611,192,432,179,238,7.8,10,158,222,71,318
2035,11/02/2024,February,1,2024,South East,Oxford University Hospitals NHS Foundation Trust,John Radcliffe Hospital,Type 1,372,94,371,1,253,5.7,14,42,213,11,148
2036,12/02/2024,February,1,2024,North West,Liverpool University Hospitals NHS Foundation Trust,Royal Liverpool University Hospital,Type 1,486,112,476,10,292,11,5,141,231,64,191
2037,12/02/2024,February,1,2024,London,Guy's and St Thomas' NHS Foundation Trust,St Thomas' Hospital,Type 1,628,146,437,191,185,7,17,160,275,25,328
2038,12/02/2024,February,1,2024,Midlands,University Hospitals Birmingham NHS Foundation Trust,Queen Elizabeth Hospital Birmingham,Type 1,554,97,342,212,240,13,2,127,192,53,309
2039,12/02/2024,February,1,2024,Yorkshire and Humber,Leeds Teaching Hospitals NHS Trust,Leeds General Infirmary,Type 1,436,177,383,53,143,15,18,86,259,49,128
2040,12/02/2024,February,1,2024,South East,Oxford University Hospitals NHS Foundation Trust,John Radcliffe Hospital,Type 1,662,173,402,260,213,11.8,7,157,127,65,470
2041,13/02/2024,February,1,2024,North West,Liverpool University Hospitals NHS Foundation Trust,Royal Liverpool University Hospital,Type 1,337,174,220,117,318,5.5,24,52,171,79,87
2042,13/02/2024,February,1,2024,London,Guy's and St Thomas' NHS Foundation Trust,St Thomas' Hospital,Type 1,630,53,455,175,188,14.6,11,145,217,35,378
2043,13/02/2024,February,1,2024,Midlands,University Hospitals Birmingham NHS Foundation Trust,Queen Elizabeth Hospital Birmingham,Type 1,679,74,594,85,99,8.3,6,141,88,42,549
2044,13/02/2024,February,1,2024,Yorkshire and Humber,Leeds Teaching Hospitals NHS Trust,Leeds General Infirmary,Type 1,511,110,400,111,316,6.2,0,131,72,47,392
2045,13/02/2024,February,1,2024,South East,Oxford University Hospitals NHS Foundation Trust,John Radcliffe Hospital,Type 1,256,111,228,28,277,12.3,5,71,134,68,54
2046,14/02/2024,February,1,2024,North West,Liverpool University Hospitals NHS Foundation Trust,Royal Liverpool University Hospital,Type 1,309,98,207,102,94,10.6,13,86,57,54,198
2047,14/02/2024,February,1,2024,London,Guy's and St Thomas' NHS Foundation Trust,St Thomas' Hospital,Type 1,546,183,377,169,191,10.8,25,213,206,67,273
2048,14/02/2024,February,1,2024,Midlands,University Hospitals Birmingham NHS Foundation Trust,Queen Elizabeth Hospital Birmingham,Type 1,478,61,337,141,162,13.9,18,56,159,60,259
2049,14/02/2024,February,1,2024,Yorkshire and Humber,Leeds Teaching Hospitals NHS Trust,Leeds General Infirmary,Type 1,323,165,263,60,219,7.9,19,53,235,15,73
2050,14/02/2024,February,1,2024,South East,Oxford University Hospitals NHS Foundation Trust,John Radcliffe Hospital,Type 1,362,115,337,25,124,15.8,2,85,224,30,108
2051,15/02/2024,February,1,2024,North West,Liverpool University Hospitals NHS Foundation Trust,Royal Liverpool University Hospital,Type 1,393,171,269,124,306,14.3,6,182,255,10,128
2052,15/02/2024,February,1,2024,London,Guy's and St Thomas' NHS Foundation Trust,St Thomas' Hospital,Type 1,565,189,528,37,121,14.6,11,208,97,46,422
2053,15/02/2024,February,1,2024,Midlands,University Hospitals Birmingham NHS Foundation Trust,Queen Elizabeth Hospital Birmingham,Type 1,355,159,351,4,235,12.8,8,180,204,26,125
2054,15/02/2024,February,1,2024,Yorkshire and Humber,Leeds Teaching Hospitals NHS Trust,Leeds General Infirmary,Type 1,413,108,272,141,240,11,24,108,289,57,67
2055,15/02/2024,February,1,2024,South East,Oxford University Hospitals NHS Foundation Trust,John Radcliffe Hospital,Type 1,351,52,312,39,109,8.2,6,170,239,41,71
2056,16/02/2024,February,1,2024,North West,Liverpool University Hospitals NHS Foundation Trust,Royal Liverpool University Hospital,Type 1,506,56,392,114,209,5.3,12,141,165,78,263
2057,16/02/2024,February,1,2024,London,Guy's and St Thomas' NHS Foundation Trust,St Thomas' Hospital,Type 1,493,174,314,179,284,14.1,20,76,147,65,281
2058,16/02/2024,February,1,2024,Midlands,University Hospitals Birmingham NHS Foundation Trust,Queen Elizabeth Hospital Birmingham,Type 1,267,62,197,70,311,9.5,24,191,83,64,120
2059,16/02/2024,February,1,2024,Yorkshire and Humber,Leeds Teaching Hospitals NHS Trust,Leeds General Infirmary,Type 1,267,67,188,79,114,12.4,4,112,286,43,62
2060,16/02/2024,February,1,2024,South East,Oxford University Hospitals NHS Foundation Trust,John Radcliffe Hospital,Type 1,338,76,215,123,287,11.3,22,166,53,75,210
2061,17/02/2024,February,1,2024,North West,Liverpool University Hospitals NHS Foundation Trust,Royal Liverpool University Hospital,Type 1,659,199,538,121,261,9.2,23,146,178,33,448
2062,17/02/2024,February,1,2024,London,Guy's and St Thomas' NHS Foundation Trust,St Thomas' Hospital,Type 1,459,119,345,114,116,7.3,1,142,52,55,352
2063,17/02/2024,February,1,2024,Midlands,University Hospitals Birmingham NHS Foundation Trust,Queen Elizabeth Hospital Birmingham,Type 1,658,157,480,178,149,14.8,7,63,263,29,366
2064,17/02/2024,February,1,2024,Yorkshire and Humber,Leeds Teaching Hospitals NHS Trust,Leeds General Infirmary,Type 1,427,186,412,15,97,10.5,10,185,181,62,184
2065,17/02/2024,February,1,2024,South East,Oxford University Hospitals NHS Foundation Trust,John Radcliffe Hospital,Type 1,450,169,336,114,257,8.1,12,140,187,23,240
2066,18/02/2024,February,1,2024,North West,Liverpool University Hospitals NHS Foundation Trust,Royal Liverpool University Hospital,Type 1,284,55,177,107,94,5.2,6,194,288,21,25
2067,18/02/2024,February,1,2024,London,Guy's and St Thomas' NHS Foundation Trust,St Thomas' Hospital,Type 1,422,77,405,17,117,13.6,16,92,86,80,256
2068,18/02/2024,February,1,2024,Midlands,University Hospitals Birmingham NHS Foundation Trust,Queen Elizabeth Hospital Birmingham,Type 1,283,66,186,97,308,4.1,13,195,164,32,87
2069,18/02/2024,February,1,2024,Yorkshire and Humber,Leeds Teaching Hospitals NHS Trust,Leeds General Infirmary,Type 1,686,174,585,101,123,11.1,5,200,98,68,520
2070,18/02/2024,February,1,2024,South East,Oxford University Hospitals NHS Foundation Trust,John Radcliffe Hospital,Type 1,613,152,484,129,261,5.6,20,209,157,66,390
2071,19/02/2024,February,1,2024,North West,Liverpool University Hospitals NHS Foundation Trust,Royal Liverpool University Hospital,Type 1,632,137,443,189,114,4.3,9,163,263,65,304
2072,19/02/2024,February,1,2024,London,Guy's and St Thomas' NHS Foundation Trust,St Thomas' Hospital,Type 1,418,70,268,150,180,11.1,11,101,279,39,100
2073,19/02/2024,February,1,2024,Midlands,University Hospitals Birmingham NHS Foundation Trust,Queen Elizabeth Hospital Birmingham,Type 1,640,170,553,87,97,5.3,12,80,208,60,372
2074,19/02/2024,February,1,2024,Yorkshire and Humber,Leeds Teaching Hospitals NHS Trust,Leeds General Infirmary,Type 1,519,172,396,123,235,5.1,4,113,89,23,407
2075,19/02/2024,February,1,2024,South East,Oxford University Hospitals NHS Foundation Trust,John Radcliffe Hospital,Type 1,525,167,518,7,245,6.8,19,201,122,39,364
2076,20/02/2024,February,1,2024,North West,Liverpool University Hospitals NHS Foundation Trust,Royal Liverpool University Hospital,Type 1,447,182,309,138,311,4.3,25,93,157,23,267
2077,20/02/2024,February,1,2024,London,Guy's and St Thomas' NHS Foundation Trust,St Thomas' Hospital,Type 1,262,131,261,1,214,14.8,13,74,188,75,1
2078,20/02/2024,February,1,2024,Midlands,University Hospitals Birmingham NHS Foundation Trust,Queen Elizabeth Hospital Birmingham,Type 1,411,135,248,163,257,12.1,5,47,188,19,204
2079,20/02/2024,February,1,2024,Yorkshire and Humber,Leeds Teaching Hospitals NHS Trust,Leeds General Infirmary,Type 1,535,81,468,67,113,9.9,19,139,86,35,414
2080,20/02/2024,February,1,2024,South East,Oxford University Hospitals NHS Foundation Trust,John Radcliffe Hospital,Type 1,556,191,535,21,105,9.9,4,128,291,44,221
2081,21/02/2024,February,1,2024,North West,Liverpool University Hospitals NHS Foundation Trust,Royal Liverpool University Hospital,Type 1,402,167,306,96,266,9.6,1,62,184,39,179
2082,21/02/2024,February,1,2024,London,Guy's and St Thomas' NHS Foundation Trust,St Thomas' Hospital,Type 1,659,61,519,140,150,13.1,17,204,256,34,369
2083,21/02/2024,February,1,2024,Midlands,University Hospitals Birmingham NHS Foundation Trust,Queen Elizabeth Hospital Birmingham,Type 1,332,129,268,64,99,9.8,3,217,66,44,222
2084,21/02/2024,February,1,2024,Yorkshire and Humber,Leeds Teaching Hospitals NHS Trust,Leeds General Infirmary,Type 1,383,115,265,118,93,10.4,1,144,65,21,297
2085,21/02/2024,February,1,2024,South East,Oxford University Hospitals NHS Foundation Trust,John Radcliffe Hospital,Type 1,358,57,271,87,204,11.6,5,64,265,73,20
2086,22/02/2024,February,1,2024,North West,Liverpool University Hospitals NHS Foundation Trust,Royal Liverpool University Hospital,Type 1,605,115,372,233,297,13.7,12,127,258,73,274
2087,22/02/2024,February,1,2024,London,Guy's and St Thomas' NHS Foundation Trust,St Thomas' Hospital,Type 1,481,110,293,188,225,11.8,8,62,88,63,330
2088,22/02/2024,February,1,2024,Midlands,University Hospitals Birmingham NHS Foundation Trust,Queen Elizabeth Hospital Birmingham,Type 1,406,97,249,157,278,11.9,11,159,186,64,156
2089,22/02/2024,February,1,2024,Yorkshire and Humber,Leeds Teaching Hospitals NHS Trust,Leeds General Infirmary,Type 1,466,200,332,134,302,7.5,4,184,157,26,283
2090,22/02/2024,February,1,2024,South East,Oxford University Hospitals NHS Foundation Trust,John Radcliffe Hospital,Type 1,654,181,570,84,279,12.6,10,202,105,55,494
2091,23/02/2024,February,1,2024,North West,Liverpool University Hospitals NHS Foundation Trust,Royal Liverpool University Hospital,Type 1,325,54,264,61,216,4.7,8,173,199,17,109
2092,23/02/2024,February,1,2024,London,Guy's and St Thomas' NHS Foundation Trust,St Thomas' Hospital,Type 1,605,67,376,229,251,8.1,11,158,79,68,458
2093,23/02/2024,February,1,2024,Midlands,University Hospitals Birmingham NHS Foundation Trust,Queen Elizabeth Hospital Birmingham,Type 1,358,197,240,118,218,15.2,3,102,197,16,145
2094,23/02/2024,February,1,2024,Yorkshire and Humber,Leeds Teaching Hospitals NHS Trust,Leeds General Infirmary,Type 1,585,163,507,78,203,4.4,12,67,126,30,429
2095,23/02/2024,February,1,2024,South East,Oxford University Hospitals NHS Foundation Trust,John Radcliffe Hospital,Type 1,419,147,263,156,287,5,1,74,89,13,317
2096,24/02/2024,February,1,2024,North West,Liverpool University Hospitals NHS Foundation Trust,Royal Liverpool University Hospital,Type 1,453,135,401,52,317,10.2,7,51,262,42,149
2097,24/02/2024,February,1,2024,London,Guy's and St Thomas' NHS Foundation Trust,St Thomas' Hospital,Type 1,605,159,381,224,164,12.5,23,142,258,52,295
2098,24/02/2024,February,1,2024,Midlands,University Hospitals Birmingham NHS Foundation Trust,Queen Elizabeth Hospital Birmingham,Type 1,398,72,339,59,229,14.9,1,156,188,52,158
2099,24/02/2024,February,1,2024,Yorkshire and Humber,Leeds Teaching Hospitals NHS Trust,Leeds General Infirmary,Type 1,516,182,372,144,173,10.4,22,214,161,29,326
2100,24/02/2024,February,1,2024,South East,Oxford University Hospitals NHS Foundation Trust,John Radcliffe Hospital,Type 1,608,115,480,128,215,13.2,21,178,156,21,431
2101,25/02/2024,February,1,2024,North West,Liverpool University Hospitals NHS Foundation Trust,Royal Liverpool University Hospital,Type 1,525,85,456,69,110,11.8,20,98,105,68,352
2102,25/02/2024,February,1,2024,London,Guy's and St Thomas' NHS Foundation Trust,St Thomas' Hospital,Type 1,446,165,273,173,238,9.3,13,42,106,17,323
2103,25/02/2024,February,1,2024,Midlands,University Hospitals Birmingham NHS Foundation Trust,Queen Elizabeth Hospital Birmingham,Type 1,615,58,514,101,283,15.3,19,93,250,52,313
2104,25/02/2024,February,1,2024,Yorkshire and Humber,Leeds Teaching Hospitals NHS Trust,Leeds General Infirmary,Type 1,394,68,374,20,104,10.5,0,149,125,56,213
2105,25/02/2024,February,1,2024,South East,Oxford University Hospitals NHS Foundation Trust,John Radcliffe Hospital,Type 1,522,118,491,31,134,13.8,19,139,262,70,190
2106,26/02/2024,February,1,2024,North West,Liverpool University Hospitals NHS Foundation Trust,Royal Liverpool University Hospital,Type 1,278,55,267,11,101,10.7,18,100,150,61,67
2107,26/02/2024,February,1,2024,London,Guy's and St Thomas' NHS Foundation Trust,St Thomas' Hospital,Type 1,267,114,170,97,289,13.8,19,187,276,59,68
2108,26/02/2024,February,1,2024,Midlands,University Hospitals Birmingham NHS Foundation Trust,Queen Elizabeth Hospital Birmingham,Type 1,333,152,221,112,119,12.7,2,64,129,27,177
2109,26/02/2024,February,1,2024,Yorkshire and Humber,Leeds Teaching Hospitals NHS Trust,Leeds General Infirmary,Type 1,592,103,590,2,319,15.2,7,72,154,36,402
2110,26/02/2024,February,1,2024,South East,Oxford University Hospitals NHS Foundation Trust,John Radcliffe Hospital,Type 1,456,69,387,69,263,13.4,24,66,255,39,162
2111,27/02/2024,February,1,2024,North West,Liverpool University Hospitals NHS Foundation Trust,Royal Liverpool University Hospital,Type 1,623,85,611,12,240,8.3,15,196,212,58,353
2112,27/02/2024,February,1,2024,London,Guy's and St Thomas' NHS Foundation Trust,St Thomas' Hospital,Type 1,576,86,465,111,298,8.6,0,193,292,61,223
2113,27/02/2024,February,1,2024,Midlands,University Hospitals Birmingham NHS Foundation Trust,Queen Elizabeth Hospital Birmingham,Type 1,414,130,385,29,178,14.7,22,64,202,65,147
2114,27/02/2024,February,1,2024,Yorkshire and Humber,Leeds Teaching Hospitals NHS Trust,Leeds General Infirmary,Type 1,411,85,252,159,277,12.7,17,208,111,47,253
2115,27/02/2024,February,1,2024,South East,Oxford University Hospitals NHS Foundation Trust,John Radcliffe Hospital,Type 1,449,139,430,19,163,9.6,13,144,129,42,278
2116,28/02/2024,February,1,2024,North West,Liverpool University Hospitals NHS Foundation Trust,Royal Liverpool University Hospital,Type 1,502,167,496,6,276,11.6,2,122,215,22,265
2117,28/02/2024,February,1,2024,London,Guy's and St Thomas' NHS Foundation Trust,St Thomas' Hospital,Type 1,445,181,305,140,117,4.1,11,165,176,74,195
2118,28/02/2024,February,1,2024,Midlands,University Hospitals Birmingham NHS Foundation Trust,Queen Elizabeth Hospital Birmingham,Type 1,345,151,307,38,233,15.4,13,203,179,17,149
2119,28/02/2024,February,1,2024,Yorkshire and Humber,Leeds Teaching Hospitals NHS Trust,Leeds General Infirmary,Type 1,395,78,287,108,260,5.5,4,71,207,18,170
2120,28/02/2024,February,1,2024,South East,Oxford University Hospitals NHS Foundation Trust,John Radcliffe Hospital,Type 1,454,139,312,142,314,13.1,17,102,91,16,347
2121,29/02/2024,February,1,2024,North West,Liverpool University Hospitals NHS Foundation Trust,Royal Liverpool University Hospital,Type 1,424,170,268,156,306,4.9,7,141,168,48,208
2122,29/02/2024,February,1,2024,London,Guy's and St Thomas' NHS Foundation Trust,St Thomas' Hospital,Type 1,659,186,422,237,101,10.1,19,150,239,50,370
2123,29/02/2024,February,1,2024,Midlands,University Hospitals Birmingham NHS Foundation Trust,Queen Elizabeth Hospital Birmingham,Type 1,299,168,225,74,264,6.9,24,192,93,17,189
2124,29/02/2024,February,1,2024,Yorkshire and Humber,Leeds Teaching Hospitals NHS Trust,Leeds General Infirmary,Type 1,693,127,683,10,135,12,19,210,233,58,402
2125,29/02/2024,February,1,2024,South East,Oxford University Hospitals NHS Foundation Trust,John Radcliffe Hospital,Type 1,619,95,489,130,205,4.8,12,188,170,61,388
2126,01/03/2024,March,1,2024,North West,Liverpool University Hospitals NHS Foundation Trust,Royal Liverpool University Hospital,Type 1,425,179,424,1,179,9.5,24,182,102,72,251
2127,01/03/2024,March,1,2024,London,Guy's and St Thomas' NHS Foundation Trust,St Thomas' Hospital,Type 1,424,159,315,109,94,4.8,23,139,83,19,322
2128,01/03/2024,March,1,2024,Midlands,University Hospitals Birmingham NHS Foundation Trust,Queen Elizabeth Hospital Birmingham,Type 1,305,103,245,60,267,11.4,9,206,84,33,188
2129,01/03/2024,March,1,2024,Yorkshire and Humber,Leeds Teaching Hospitals NHS Trust,Leeds General Infirmary,Type 1,439,107,421,18,128,14.6,17,71,298,50,91
2130,01/03/2024,March,1,2024,South East,Oxford University Hospitals NHS Foundation Trust,John Radcliffe Hospital,Type 1,664,50,659,5,219,7,2,127,65,33,566
2131,02/03/2024,March,1,2024,North West,Liverpool University Hospitals NHS Foundation Trust,Royal Liverpool University Hospital,Type 1,273,158,178,95,315,12.5,19,216,299,50,76
2132,02/03/2024,March,1,2024,London,Guy's and St Thomas' NHS Foundation Trust,St Thomas' Hospital,Type 1,589,171,355,234,259,15.9,2,121,199,80,310
2133,02/03/2024,March,1,2024,Midlands,University Hospitals Birmingham NHS Foundation Trust,Queen Elizabeth Hospital Birmingham,Type 1,339,154,277,62,227,6,0,120,135,34,170
2134,02/03/2024,March,1,2024,Yorkshire and Humber,Leeds Teaching Hospitals NHS Trust,Leeds General Infirmary,Type 1,675,157,589,86,258,15.2,4,213,147,19,509
2135,02/03/2024,March,1,2024,South East,Oxford University Hospitals NHS Foundation Trust,John Radcliffe Hospital,Type 1,437,156,289,148,250,4.2,19,42,69,29,339
2136,03/03/2024,March,1,2024,North West,Liverpool University Hospitals NHS Foundation Trust,Royal Liverpool University Hospital,Type 1,570,128,504,66,260,5.6,9,196,267,77,226
2137,03/03/2024,March,1,2024,London,Guy's and St Thomas' NHS Foundation Trust,St Thomas' Hospital,Type 1,420,99,353,67,192,9.8,14,71,276,13,131
2138,03/03/2024,March,1,2024,Midlands,University Hospitals Birmingham NHS Foundation Trust,Queen Elizabeth Hospital Birmingham,Type 1,578,77,500,78,289,14.3,1,113,101,61,416
2139,03/03/2024,March,1,2024,Yorkshire and Humber,Leeds Teaching Hospitals NHS Trust,Leeds General Infirmary,Type 1,357,195,248,109,311,7,17,196,173,30,154
2140,03/03/2024,March,1,2024,South East,Oxford University Hospitals NHS Foundation Trust,John Radcliffe Hospital,Type 1,449,184,326,123,180,13.6,22,98,134,34,281
2141,04/03/2024,March,1,2024,North West,Liverpool University Hospitals NHS Foundation Trust,Royal Liverpool University Hospital,Type 1,353,116,272,81,306,13.1,5,172,266,64,23
2142,04/03/2024,March,1,2024,London,Guy's and St Thomas' NHS Foundation Trust,St Thomas' Hospital,Type 1,398,129,278,120,172,12.3,20,82,137,73,188
2143,04/03/2024,March,1,2024,Midlands,University Hospitals Birmingham NHS Foundation Trust,Queen Elizabeth Hospital Birmingham,Type 1,634,107,441,193,100,7.4,25,99,270,34,330
2144,04/03/2024,March,1,2024,Yorkshire and Humber,Leeds Teaching Hospitals NHS Trust,Leeds General Infirmary,Type 1,674,189,496,178,130,7.9,16,167,165,23,486
2145,04/03/2024,March,1,2024,South East,Oxford University Hospitals NHS Foundation Trust,John Radcliffe Hospital,Type 1,324,124,288,36,157,7.5,4,97,88,54,182
2146,05/03/2024,March,1,2024,North West,Liverpool University Hospitals NHS Foundation Trust,Royal Liverpool University Hospital,Type 1,268,149,217,51,158,10.9,9,214,175,34,59
2147,05/03/2024,March,1,2024,London,Guy's and St Thomas' NHS Foundation Trust,St Thomas' Hospital,Type 1,298,152,197,101,299,13.5,0,147,72,60,166
2148,05/03/2024,March,1,2024,Midlands,University Hospitals Birmingham NHS Foundation Trust,Queen Elizabeth Hospital Birmingham,Type 1,375,162,300,75,245,14.6,3,101,158,72,145
2149,05/03/2024,March,1,2024,Yorkshire and Humber,Leeds Teaching Hospitals NHS Trust,Leeds General Infirmary,Type 1,611,173,504,107,225,6.8,5,107,124,25,462
2150,05/03/2024,March,1,2024,South East,Oxford University Hospitals NHS Foundation Trust,John Radcliffe Hospital,Type 1,612,132,580,32,110,10.3,3,45,240,67,305
2151,06/03/2024,March,1,2024,North West,Liverpool University Hospitals NHS Foundation Trust,Royal Liverpool University Hospital,Type 1,489,52,377,112,114,12,10,163,120,59,310
2152,06/03/2024,March,1,2024,London,Guy's and St Thomas' NHS Foundation Trust,St Thomas' Hospital,Type 1,448,70,422,26,281,15.4,7,207,127,11,310
2153,06/03/2024,March,1,2024,Midlands,University Hospitals Birmingham NHS Foundation Trust,Queen Elizabeth Hospital Birmingham,Type 1,348,104,310,38,102,7.6,14,87,61,17,270
2154,06/03/2024,March,1,2024,Yorkshire and Humber,Leeds Teaching Hospitals NHS Trust,Leeds General Infirmary,Type 1,382,82,333,49,190,13.3,18,93,265,53,64
2155,06/03/2024,March,1,2024,South East,Oxford University Hospitals NHS Foundation Trust,John Radcliffe Hospital,Type 1,379,70,341,38,315,12.1,7,152,141,12,226
2156,07/03/2024,March,1,2024,North West,Liverpool University Hospitals NHS Foundation Trust,Royal Liverpool University Hospital,Type 1,309,135,202,107,255,14.1,8,188,57,15,237
2157,07/03/2024,March,1,2024,London,Guy's and St Thomas' NHS Foundation Trust,St Thomas' Hospital,Type 1,657,62,445,212,99,10.5,24,106,228,26,403
2158,07/03/2024,March,1,2024,Midlands,University Hospitals Birmingham NHS Foundation Trust,Queen Elizabeth Hospital Birmingham,Type 1,498,186,422,76,163,15.1,1,59,157,54,287
2159,07/03/2024,March,1,2024,Yorkshire and Humber,Leeds Teaching Hospitals NHS Trust,Leeds General Infirmary,Type 1,567,62,429,138,204,11.5,16,86,68,22,477
2160,07/03/2024,March,1,2024,South East,Oxford University Hospitals NHS Foundation Trust,John Radcliffe Hospital,Type 1,644,126,549,95,219,11.4,5,204,93,50,501
2161,08/03/2024,March,1,2024,North West,Liverpool University Hospitals NHS Foundation Trust,Royal Liverpool University Hospital,Type 1,443,90,443,0,174,9.2,5,49,223,30,190
2162,08/03/2024,March,1,2024,London,Guy's and St Thomas' NHS Foundation Trust,St Thomas' Hospital,Type 1,492,119,454,38,163,7.5,22,213,207,28,257
2163,08/03/2024,March,1,2024,Midlands,University Hospitals Birmingham NHS Foundation Trust,Queen Elizabeth Hospital Birmingham,Type 1,386,51,363,23,218,5.2,5,55,106,32,248
2164,08/03/2024,March,1,2024,Yorkshire and Humber,Leeds Teaching Hospitals NHS Trust,Leeds General Infirmary,Type 1,544,196,379,165,152,13.8,17,196,118,72,354
2165,08/03/2024,March,1,2024,South East,Oxford University Hospitals NHS Foundation Trust,John Radcliffe Hospital,Type 1,461,178,318,143,144,7.4,21,101,296,80,85
2166,09/03/2024,March,1,2024,North West,Liverpool University Hospitals NHS Foundation Trust,Royal Liverpool University Hospital,Type 1,643,116,579,64,297,5.5,24,211,84,56,503
2167,09/03/2024,March,1,2024,London,Guy's and St Thomas' NHS Foundation Trust,St Thomas' Hospital,Type 1,297,158,211,86,300,7.2,8,174,216,14,67
2168,09/03/2024,March,1,2024,Midlands,University Hospitals Birmingham NHS Foundation Trust,Queen Elizabeth Hospital Birmingham,Type 1,515,130,477,38,189,14.3,20,94,116,14,385
2169,09/03/2024,March,1,2024,Yorkshire and Humber,Leeds Teaching Hospitals NHS Trust,Leeds General Infirmary,Type 1,636,190,424,212,118,10.7,21,115,101,11,524
2170,09/03/2024,March,1,2024,South East,Oxford University Hospitals NHS Foundation Trust,John Radcliffe Hospital,Type 1,319,99,254,65,190,8.8,21,60,140,55,124
2171,10/03/2024,March,1,2024,North West,Liverpool University Hospitals NHS Foundation Trust,Royal Liverpool University Hospital,Type 1,604,51,365,239,227,11.3,20,109,113,80,411
2172,10/03/2024,March,1,2024,London,Guy's and St Thomas' NHS Foundation Trust,St Thomas' Hospital,Type 1,680,97,620,60,179,12.5,4,81,115,62,503
2173,10/03/2024,March,1,2024,Midlands,University Hospitals Birmingham NHS Foundation Trust,Queen Elizabeth Hospital Birmingham,Type 1,599,197,432,167,190,4.7,1,179,113,24,462
2174,10/03/2024,March,1,2024,Yorkshire and Humber,Leeds Teaching Hospitals NHS Trust,Leeds General Infirmary,Type 1,354,198,282,72,202,15.4,13,66,141,39,174
2175,10/03/2024,March,1,2024,South East,Oxford University Hospitals NHS Foundation Trust,John Radcliffe Hospital,Type 1,658,136,536,122,186,7.4,2,45,175,60,423
2176,11/03/2024,March,1,2024,North West,Liverpool University Hospitals NHS Foundation Trust,Royal Liverpool University Hospital,Type 1,326,147,273,53,115,7,9,140,166,80,80
2177,11/03/2024,March,1,2024,London,Guy's and St Thomas' NHS Foundation Trust,St Thomas' Hospital,Type 1,628,51,490,138,219,5.6,3,200,72,33,523
2178,11/03/2024,March,1,2024,Midlands,University Hospitals Birmingham NHS Foundation Trust,Queen Elizabeth Hospital Birmingham,Type 1,447,129,446,1,308,7.4,5,128,172,44,231
2179,11/03/2024,March,1,2024,Yorkshire and Humber,Leeds Teaching Hospitals NHS Trust,Leeds General Infirmary,Type 1,391,160,307,84,212,9.6,17,216,74,77,240
2180,11/03/2024,March,1,2024,South East,Oxford University Hospitals NHS Foundation Trust,John Radcliffe Hospital,Type 1,673,97,537,136,229,13.4,16,126,294,43,336
2181,12/03/2024,March,1,2024,North West,Liverpool University Hospitals NHS Foundation Trust,Royal Liverpool University Hospital,Type 1,439,159,263,176,119,11.5,20,191,199,74,166
2182,12/03/2024,March,1,2024,London,Guy's and St Thomas' NHS Foundation Trust,St Thomas' Hospital,Type 1,256,130,226,30,214,4,9,214,250,48,42
2183,12/03/2024,March,1,2024,Midlands,University Hospitals Birmingham NHS Foundation Trust,Queen Elizabeth Hospital Birmingham,Type 1,594,163,485,109,270,10.3,19,163,288,28,278
2184,12/03/2024,March,1,2024,Yorkshire and Humber,Leeds Teaching Hospitals NHS Trust,Leeds General Infirmary,Type 1,424,150,260,164,253,8.4,21,159,139,58,227
2185,12/03/2024,March,1,2024,South East,Oxford University Hospitals NHS Foundation Trust,John Radcliffe Hospital,Type 1,352,123,281,71,220,12.5,23,197,93,42,217
2186,13/03/2024,March,1,2024,North West,Liverpool University Hospitals NHS Foundation Trust,Royal Liverpool University Hospital,Type 1,399,132,374,25,163,12.7,6,162,129,62,208
2187,13/03/2024,March,1,2024,London,Guy's and St Thomas' NHS Foundation Trust,St Thomas' Hospital,Type 1,460,159,377,83,206,6.2,6,118,136,35,289
2188,13/03/2024,March,1,2024,Midlands,University Hospitals Birmingham NHS Foundation Trust,Queen Elizabeth Hospital Birmingham,Type 1,294,124,238,56,156,11.4,14,213,64,44,186
2189,13/03/2024,March,1,2024,Yorkshire and Humber,Leeds Teaching Hospitals NHS Trust,Leeds General Infirmary,Type 1,508,193,404,104,317,13.8,13,164,169,78,261
2190,13/03/2024,March,1,2024,South East,Oxford University Hospitals NHS Foundation Trust,John Radcliffe Hospital,Type 1,513,61,328,185,225,13.8,20,51,110,74,329
2191,14/03/2024,March,1,2024,North West,Liverpool University Hospitals NHS Foundation Trust,Royal Liverpool University Hospital,Type 1,347,105,209,138,235,9.5,22,188,179,78,90
2192,14/03/2024,March,1,2024,London,Guy's and St Thomas' NHS Foundation Trust,St Thomas' Hospital,Type 1,325,116,321,4,230,4.6,17,63,178,57,90
2193,14/03/2024,March,1,2024,Midlands,University Hospitals Birmingham NHS Foundation Trust,Queen Elizabeth Hospital Birmingham,Type 1,293,156,187,106,260,11.4,19,155,107,25,161
2194,14/03/2024,March,1,2024,Yorkshire and Humber,Leeds Teaching Hospitals NHS Trust,Leeds General Infirmary,Type 1,456,200,344,112,91,14.7,20,158,71,10,375
2195,14/03/2024,March,1,2024,South East,Oxford University Hospitals NHS Foundation Trust,John Radcliffe Hospital,Type 1,451,189,288,163,258,12.3,16,190,204,39,208
2196,15/03/2024,March,1,2024,North West,Liverpool University Hospitals NHS Foundation Trust,Royal Liverpool University Hospital,Type 1,318,157,259,59,250,5.2,4,58,166,28,124
2197,15/03/2024,March,1,2024,London,Guy's and St Thomas' NHS Foundation Trust,St Thomas' Hospital,Type 1,569,141,500,69,283,8,22,53,104,71,394
2198,15/03/2024,March,1,2024,Midlands,University Hospitals Birmingham NHS Foundation Trust,Queen Elizabeth Hospital Birmingham,Type 1,405,150,296,109,248,12.9,18,144,160,35,210
2199,15/03/2024,March,1,2024,Yorkshire and Humber,Leeds Teaching Hospitals NHS Trust,Leeds General Infirmary,Type 1,578,192,504,74,146,7.3,7,205,112,63,403
2200,15/03/2024,March,1,2024,South East,Oxford University Hospitals NHS Foundation Trust,John Radcliffe Hospital,Type 1,524,140,446,78,240,12.6,11,86,161,50,313
2201,16/03/2024,March,1,2024,North West,Liverpool University Hospitals NHS Foundation Trust,Royal Liverpool University Hospital,Type 1,288,143,230,58,294,6,3,216,68,27,193
2202,16/03/2024,March,1,2024,London,Guy's and St Thomas' NHS Foundation Trust,St Thomas' Hospital,Type 1,318,134,308,10,191,6.4,22,199,132,28,158
2203,16/03/2024,March,1,2024,Midlands,University Hospitals Birmingham NHS Foundation Trust,Queen Elizabeth Hospital Birmingham,Type 1,445,87,344,101,93,11.4,23,125,261,79,105
2204,16/03/2024,March,1,2024,Yorkshire and Humber,Leeds Teaching Hospitals NHS Trust,Leeds General Infirmary,Type 1,612,142,517,95,271,5.3,11,208,217,69,326
2205,16/03/2024,March,1,2024,South East,Oxford University Hospitals NHS Foundation Trust,John Radcliffe Hospital,Type 1,468,90,329,139,314,15.9,0,87,154,80,234
2206,17/03/2024,March,1,2024,North West,Liverpool University Hospitals NHS Foundation Trust,Royal Liverpool University Hospital,Type 1,566,114,430,136,278,4.2,20,216,107,51,408
2207,17/03/2024,March,1,2024,London,Guy's and St Thomas' NHS Foundation Trust,St Thomas' Hospital,Type 1,464,98,449,15,161,9.2,7,153,277,44,143
2208,17/03/2024,March,1,2024,Midlands,University Hospitals Birmingham NHS Foundation Trust,Queen Elizabeth Hospital Birmingham,Type 1,617,55,469,148,280,11.4,22,177,288,63,266
2209,17/03/2024,March,1,2024,Yorkshire and Humber,Leeds Teaching Hospitals NHS Trust,Leeds General Infirmary,Type 1,676,170,525,151,237,7.2,16,180,197,21,458
2210,17/03/2024,March,1,2024,South East,Oxford University Hospitals NHS Foundation Trust,John Radcliffe Hospital,Type 1,258,104,201,57,177,12.5,1,68,115,19,124
2211,18/03/2024,March,1,2024,North West,Liverpool University Hospitals NHS Foundation Trust,Royal Liverpool University Hospital,Type 1,417,50,377,40,250,14.7,5,114,281,33,103
2212,18/03/2024,March,1,2024,London,Guy's and St Thomas' NHS Foundation Trust,St Thomas' Hospital,Type 1,410,184,288,122,186,6.4,5,219,148,15,247
2213,18/03/2024,March,1,2024,Midlands,University Hospitals Birmingham NHS Foundation Trust,Queen Elizabeth Hospital Birmingham,Type 1,336,194,229,107,179,5.8,21,157,82,36,218
2214,18/03/2024,March,1,2024,Yorkshire and Humber,Leeds Teaching Hospitals NHS Trust,Leeds General Infirmary,Type 1,459,88,339,120,314,8.5,19,78,221,47,191
2215,18/03/2024,March,1,2024,South East,Oxford University Hospitals NHS Foundation Trust,John Radcliffe Hospital,Type 1,434,138,270,164,314,15.4,7,219,149,63,222
2216,19/03/2024,March,1,2024,North West,Liverpool University Hospitals NHS Foundation Trust,Royal Liverpool University Hospital,Type 1,639,183,434,205,153,6.2,13,82,163,67,409
2217,19/03/2024,March,1,2024,London,Guy's and St Thomas' NHS Foundation Trust,St Thomas' Hospital,Type 1,271,195,219,52,303,11.6,0,193,297,23,49
2218,19/03/2024,March,1,2024,Midlands,University Hospitals Birmingham NHS Foundation Trust,Queen Elizabeth Hospital Birmingham,Type 1,418,125,326,92,223,13.7,24,152,171,76,171
2219,19/03/2024,March,1,2024,Yorkshire and Humber,Leeds Teaching Hospitals NHS Trust,Leeds General Infirmary,Type 1,614,144,506,108,236,14.2,7,43,259,14,341
2220,19/03/2024,March,1,2024,South East,Oxford University Hospitals NHS Foundation Trust,John Radcliffe Hospital,Type 1,469,98,313,156,319,11,3,164,273,25,171
2221,20/03/2024,March,1,2024,North West,Liverpool University Hospitals NHS Foundation Trust,Royal Liverpool University Hospital,Type 1,668,148,478,190,231,9.5,8,93,293,78,297
2222,20/03/2024,March,1,2024,London,Guy's and St Thomas' NHS Foundation Trust,St Thomas' Hospital,Type 1,259,187,241,18,268,9.3,2,99,66,31,162
2223,20/03/2024,March,1,2024,Midlands,University Hospitals Birmingham NHS Foundation Trust,Queen Elizabeth Hospital Birmingham,Type 1,250,84,231,19,245,6.6,13,85,242,60,52
2224,20/03/2024,March,1,2024,Yorkshire and Humber,Leeds Teaching Hospitals NHS Trust,Leeds General Infirmary,Type 1,533,83,421,112,105,10.1,5,180,148,63,322
2225,20/03/2024,March,1,2024,South East,Oxford University Hospitals NHS Foundation Trust,John Radcliffe Hospital,Type 1,339,89,327,12,246,10.7,5,141,122,36,181
2226,21/03/2024,March,1,2024,North West,Liverpool University Hospitals NHS Foundation Trust,Royal Liverpool University Hospital,Type 1,333,128,310,23,253,14.7,20,87,168,18,147
2227,21/03/2024,March,1,2024,London,Guy's and St Thomas' NHS Foundation Trust,St Thomas' Hospital,Type 1,519,146,388,131,260,8.9,16,122,106,56,357
2228,21/03/2024,March,1,2024,Midlands,University Hospitals Birmingham NHS Foundation Trust,Queen Elizabeth Hospital Birmingham,Type 1,456,103,342,114,135,12.7,9,190,241,12,203
2229,21/03/2024,March,1,2024,Yorkshire and Humber,Leeds Teaching Hospitals NHS Trust,Leeds General Infirmary,Type 1,582,198,360,222,263,15.8,21,126,98,36,448
2230,21/03/2024,March,1,2024,South East,Oxford University Hospitals NHS Foundation Trust,John Radcliffe Hospital,Type 1,573,186,361,212,262,13.9,7,135,276,25,272
2231,22/03/2024,March,1,2024,North West,Liverpool University Hospitals NHS Foundation Trust,Royal Liverpool University Hospital,Type 1,651,149,620,31,190,5,17,133,146,19,486
2232,22/03/2024,March,1,2024,London,Guy's and St Thomas' NHS Foundation Trust,St Thomas' Hospital,Type 1,643,168,523,120,131,9.8,14,81,150,69,424
2233,22/03/2024,March,1,2024,Midlands,University Hospitals Birmingham NHS Foundation Trust,Queen Elizabeth Hospital Birmingham,Type 1,545,65,402,143,256,14.6,5,103,263,36,246
2234,22/03/2024,March,1,2024,Yorkshire and Humber,Leeds Teaching Hospitals NHS Trust,Leeds General Infirmary,Type 1,286,100,234,52,309,9,16,183,156,66,64
2235,22/03/2024,March,1,2024,South East,Oxford University Hospitals NHS Foundation Trust,John Radcliffe Hospital,Type 1,337,127,327,10,227,12.6,21,215,62,66,209
2236,23/03/2024,March,1,2024,North West,Liverpool University Hospitals NHS Foundation Trust,Royal Liverpool University Hospital,Type 1,294,78,195,99,295,12.5,6,153,73,69,152
2237,23/03/2024,March,1,2024,London,Guy's and St Thomas' NHS Foundation Trust,St Thomas' Hospital,Type 1,570,65,411,159,194,15.6,14,45,155,80,335
2238,23/03/2024,March,1,2024,Midlands,University Hospitals Birmingham NHS Foundation Trust,Queen Elizabeth Hospital Birmingham,Type 1,472,159,362,110,113,10.1,13,127,280,24,168
2239,23/03/2024,March,1,2024,Yorkshire and Humber,Leeds Teaching Hospitals NHS Trust,Leeds General Infirmary,Type 1,671,152,559,112,175,7.3,7,209,175,73,423
2240,23/03/2024,March,1,2024,South East,Oxford University Hospitals NHS Foundation Trust,John Radcliffe Hospital,Type 1,268,168,200,68,163,13.4,18,204,184,46,38
2241,24/03/2024,March,1,2024,North West,Liverpool University Hospitals NHS Foundation Trust,Royal Liverpool University Hospital,Type 1,564,82,533,31,232,14.3,8,100,184,46,334
2242,24/03/2024,March,1,2024,London,Guy's and St Thomas' NHS Foundation Trust,St Thomas' Hospital,Type 1,301,61,287,14,247,6.5,21,170,102,13,186
2243,24/03/2024,March,1,2024,Midlands,University Hospitals Birmingham NHS Foundation Trust,Queen Elizabeth Hospital Birmingham,Type 1,440,113,418,22,217,7.5,10,74,166,45,229
2244,24/03/2024,March,1,2024,Yorkshire and Humber,Leeds Teaching Hospitals NHS Trust,Leeds General Infirmary,Type 1,424,61,389,35,238,12.6,19,41,197,15,212
2245,24/03/2024,March,1,2024,South East,Oxford University Hospitals NHS Foundation Trust,John Radcliffe Hospital,Type 1,513,106,443,70,234,15.2,8,211,65,70,378
2246,25/03/2024,March,1,2024,North West,Liverpool University Hospitals NHS Foundation Trust,Royal Liverpool University Hospital,Type 1,563,54,364,199,207,14.7,25,65,175,79,309
2247,25/03/2024,March,1,2024,London,Guy's and St Thomas' NHS Foundation Trust,St Thomas' Hospital,Type 1,700,77,589,111,311,8.8,22,159,160,51,489
2248,25/03/2024,March,1,2024,Midlands,University Hospitals Birmingham NHS Foundation Trust,Queen Elizabeth Hospital Birmingham,Type 1,252,153,192,60,170,8.1,12,47,208,74,30
2249,25/03/2024,March,1,2024,Yorkshire and Humber,Leeds Teaching Hospitals NHS Trust,Leeds General Infirmary,Type 1,481,172,412,69,138,12.8,10,184,179,32,270
2250,25/03/2024,March,1,2024,South East,Oxford University Hospitals NHS Foundation Trust,John Radcliffe Hospital,Type 1,643,142,628,15,263,9.3,0,202,65,57,521
2251,26/03/2024,March,1,2024,North West,Liverpool University Hospitals NHS Foundation Trust,Royal Liverpool University Hospital,Type 1,633,81,464,169,181,9.8,25,86,52,67,514
2252,26/03/2024,March,1,2024,London,Guy's and St Thomas' NHS Foundation Trust,St Thomas' Hospital,Type 1,508,84,373,135,109,11.4,11,119,278,80,150
2253,26/03/2024,March,1,2024,Midlands,University Hospitals Birmingham NHS Foundation Trust,Queen Elizabeth Hospital Birmingham,Type 1,482,63,361,121,287,15.5,16,202,292,48,142
2254,26/03/2024,March,1,2024,Yorkshire and Humber,Leeds Teaching Hospitals NHS Trust,Leeds General Infirmary,Type 1,578,80,444,134,290,15.1,8,94,123,16,439
2255,26/03/2024,March,1,2024,South East,Oxford University Hospitals NHS Foundation Trust,John Radcliffe Hospital,Type 1,267,196,169,98,94,15.3,6,158,54,80,133
2256,27/03/2024,March,1,2024,North West,Liverpool University Hospitals NHS Foundation Trust,Royal Liverpool University Hospital,Type 1,693,156,453,240,251,4.5,23,117,58,67,568
2257,27/03/2024,March,1,2024,London,Guy's and St Thomas' NHS Foundation Trust,St Thomas' Hospital,Type 1,420,130,274,146,168,9.6,23,128,202,15,203
2258,27/03/2024,March,1,2024,Midlands,University Hospitals Birmingham NHS Foundation Trust,Queen Elizabeth Hospital Birmingham,Type 1,358,118,283,75,275,5.5,6,95,109,61,188
2259,27/03/2024,March,1,2024,Yorkshire and Humber,Leeds Teaching Hospitals NHS Trust,Leeds General Infirmary,Type 1,491,154,476,15,277,14.9,21,146,291,33,167
2260,27/03/2024,March,1,2024,South East,Oxford University Hospitals NHS Foundation Trust,John Radcliffe Hospital,Type 1,409,198,322,87,308,14.6,2,135,212,72,125
2261,28/03/2024,March,1,2024,North West,Liverpool University Hospitals NHS Foundation Trust,Royal Liverpool University Hospital,Type 1,635,146,548,87,200,14.7,15,154,51,17,567
2262,28/03/2024,March,1,2024,London,Guy's and St Thomas' NHS Foundation Trust,St Thomas' Hospital,Type 1,303,176,261,42,312,5.1,1,137,122,42,139
2263,28/03/2024,March,1,2024,Midlands,University Hospitals Birmingham NHS Foundation Trust,Queen Elizabeth Hospital Birmingham,Type 1,327,113,257,70,273,4,12,180,133,42,152
2264,28/03/2024,March,1,2024,Yorkshire and Humber,Leeds Teaching Hospitals NHS Trust,Leeds General Infirmary,Type 1,387,149,300,87,104,9.9,14,154,222,47,118
2265,28/03/2024,March,1,2024,South East,Oxford University Hospitals NHS Foundation Trust,John Radcliffe Hospital,Type 1,476,53,439,37,205,4.9,4,75,180,26,270
2266,29/03/2024,March,1,2024,North West,Liverpool University Hospitals NHS Foundation Trust,Royal Liverpool University Hospital,Type 1,596,87,563,33,210,14,14,170,210,12,374
2267,29/03/2024,March,1,2024,London,Guy's and St Thomas' NHS Foundation Trust,St Thomas' Hospital,Type 1,253,104,202,51,256,6.2,20,200,58,69,126
2268,29/03/2024,March,1,2024,Midlands,University Hospitals Birmingham NHS Foundation Trust,Queen Elizabeth Hospital Birmingham,Type 1,267,140,266,1,256,5.4,18,70,147,65,55
2269,29/03/2024,March,1,2024,Yorkshire and Humber,Leeds Teaching Hospitals NHS Trust,Leeds General Infirmary,Type 1,353,197,279,74,312,7.6,17,57,213,53,87
2270,29/03/2024,March,1,2024,South East,Oxford University Hospitals NHS Foundation Trust,John Radcliffe Hospital,Type 1,573,120,527,46,317,5.4,3,196,100,27,446
2271,30/03/2024,March,1,2024,North West,Liverpool University Hospitals NHS Foundation Trust,Royal Liverpool University Hospital,Type 1,443,128,281,162,314,10.3,7,90,78,54,311
2272,30/03/2024,March,1,2024,London,Guy's and St Thomas' NHS Foundation Trust,St Thomas' Hospital,Type 1,477,109,457,20,204,13.3,13,150,275,65,137
2273,30/03/2024,March,1,2024,Midlands,University Hospitals Birmingham NHS Foundation Trust,Queen Elizabeth Hospital Birmingham,Type 1,315,199,275,40,139,7.2,21,90,107,23,185
2274,30/03/2024,March,1,2024,Yorkshire and Humber,Leeds Teaching Hospitals NHS Trust,Leeds General Infirmary,Type 1,259,131,187,72,97,9.8,6,75,68,27,164
2275,30/03/2024,March,1,2024,South East,Oxford University Hospitals NHS Foundation Trust,John Radcliffe Hospital,Type 1,283,148,192,91,261,12,18,218,282,46,45
2276,31/03/2024,March,1,2024,North West,Liverpool University Hospitals NHS Foundation Trust,Royal Liverpool University Hospital,Type 1,555,172,510,45,111,11.2,19,193,70,23,462
2277,31/03/2024,March,1,2024,London,Guy's and St Thomas' NHS Foundation Trust,St Thomas' Hospital,Type 1,523,182,411,112,155,4.1,23,108,94,58,371
2278,31/03/2024,March,1,2024,Midlands,University Hospitals Birmingham NHS Foundation Trust,Queen Elizabeth Hospital Birmingham,Type 1,311,131,216,95,167,14.8,1,149,280,13,18
2279,31/03/2024,March,1,2024,Yorkshire and Humber,Leeds Teaching Hospitals NHS Trust,Leeds General Infirmary,Type 1,490,188,470,20,120,8.8,16,71,138,34,318
2280,31/03/2024,March,1,2024,South East,Oxford University Hospitals NHS Foundation Trust,John Radcliffe Hospital,Type 1,400,124,272,128,309,12.2,23,103,142,64,194
2281,01/04/2024,April,2,2024,North West,Liverpool University Hospitals NHS Foundation Trust,Royal Liverpool University Hospital,Type 1,569,164,528,41,119,7.5,18,47,170,36,363
2282,01/04/2024,April,2,2024,London,Guy's and St Thomas' NHS Foundation Trust,St Thomas' Hospital,Type 1,613,95,562,51,267,11.6,11,160,81,33,499
2283,01/04/2024,April,2,2024,Midlands,University Hospitals Birmingham NHS Foundation Trust,Queen Elizabeth Hospital Birmingham,Type 1,307,170,303,4,114,5.4,22,203,114,80,113
2284,01/04/2024,April,2,2024,Yorkshire and Humber,Leeds Teaching Hospitals NHS Trust,Leeds General Infirmary,Type 1,423,173,294,129,178,9.5,10,137,50,18,355
2285,01/04/2024,April,2,2024,South East,Oxford University Hospitals NHS Foundation Trust,John Radcliffe Hospital,Type 1,520,161,357,163,308,11.2,2,140,77,44,399
2286,02/04/2024,April,2,2024,North West,Liverpool University Hospitals NHS Foundation Trust,Royal Liverpool University Hospital,Type 1,272,146,194,78,278,4.9,8,212,156,42,74
2287,02/04/2024,April,2,2024,London,Guy's and St Thomas' NHS Foundation Trust,St Thomas' Hospital,Type 1,556,196,504,52,180,10.9,19,98,195,29,332
2288,02/04/2024,April,2,2024,Midlands,University Hospitals Birmingham NHS Foundation Trust,Queen Elizabeth Hospital Birmingham,Type 1,439,144,320,119,201,5,9,159,117,18,304
2289,02/04/2024,April,2,2024,Yorkshire and Humber,Leeds Teaching Hospitals NHS Trust,Leeds General Infirmary,Type 1,280,75,255,25,243,9.4,2,64,85,67,128
2290,02/04/2024,April,2,2024,South East,Oxford University Hospitals NHS Foundation Trust,John Radcliffe Hospital,Type 1,391,134,328,63,123,15.7,5,85,278,36,77
2291,03/04/2024,April,2,2024,North West,Liverpool University Hospitals NHS Foundation Trust,Royal Liverpool University Hospital,Type 1,430,82,312,118,207,12.3,21,75,71,73,286
2292,03/04/2024,April,2,2024,London,Guy's and St Thomas' NHS Foundation Trust,St Thomas' Hospital,Type 1,309,127,201,108,283,10.7,19,167,149,26,134
2293,03/04/2024,April,2,2024,Midlands,University Hospitals Birmingham NHS Foundation Trust,Queen Elizabeth Hospital Birmingham,Type 1,377,168,282,95,145,13.7,19,200,227,67,83
2294,03/04/2024,April,2,2024,Yorkshire and Humber,Leeds Teaching Hospitals NHS Trust,Leeds General Infirmary,Type 1,600,65,487,113,193,9.5,20,89,187,30,383
2295,03/04/2024,April,2,2024,South East,Oxford University Hospitals NHS Foundation Trust,John Radcliffe Hospital,Type 1,379,83,323,56,110,12.6,11,48,69,40,270
2296,04/04/2024,April,2,2024,North West,Liverpool University Hospitals NHS Foundation Trust,Royal Liverpool University Hospital,Type 1,408,80,352,56,243,13.7,15,60,213,77,118
2297,04/04/2024,April,2,2024,London,Guy's and St Thomas' NHS Foundation Trust,St Thomas' Hospital,Type 1,667,110,458,209,197,15.2,1,49,53,22,592
2298,04/04/2024,April,2,2024,Midlands,University Hospitals Birmingham NHS Foundation Trust,Queen Elizabeth Hospital Birmingham,Type 1,522,170,438,84,102,14.2,8,157,220,79,223
2299,04/04/2024,April,2,2024,Yorkshire and Humber,Leeds Teaching Hospitals NHS Trust,Leeds General Infirmary,Type 1,514,97,477,37,143,6.1,8,149,215,65,234
2300,04/04/2024,April,2,2024,South East,Oxford University Hospitals NHS Foundation Trust,John Radcliffe Hospital,Type 1,697,127,459,238,279,5.1,10,180,116,77,504
2301,05/04/2024,April,2,2024,North West,Liverpool University Hospitals NHS Foundation Trust,Royal Liverpool University Hospital,Type 1,416,94,300,116,234,6.5,7,51,166,77,173
2302,05/04/2024,April,2,2024,London,Guy's and St Thomas' NHS Foundation Trust,St Thomas' Hospital,Type 1,316,96,308,8,315,5.5,25,47,169,28,119
2303,05/04/2024,April,2,2024,Midlands,University Hospitals Birmingham NHS Foundation Trust,Queen Elizabeth Hospital Birmingham,Type 1,283,161,258,25,174,12.4,24,172,115,13,155
2304,05/04/2024,April,2,2024,Yorkshire and Humber,Leeds Teaching Hospitals NHS Trust,Leeds General Infirmary,Type 1,355,59,352,3,155,13.4,18,47,235,21,99
2305,05/04/2024,April,2,2024,South East,Oxford University Hospitals NHS Foundation Trust,John Radcliffe Hospital,Type 1,256,82,226,30,282,10.9,23,108,235,41,20
2306,06/04/2024,April,2,2024,North West,Liverpool University Hospitals NHS Foundation Trust,Royal Liverpool University Hospital,Type 1,589,118,444,145,242,10.4,18,129,202,46,341
2307,06/04/2024,April,2,2024,London,Guy's and St Thomas' NHS Foundation Trust,St Thomas' Hospital,Type 1,696,172,652,44,204,13.5,8,123,174,15,507
2308,06/04/2024,April,2,2024,Midlands,University Hospitals Birmingham NHS Foundation Trust,Queen Elizabeth Hospital Birmingham,Type 1,433,188,342,91,143,5.5,13,100,284,31,118
2309,06/04/2024,April,2,2024,Yorkshire and Humber,Leeds Teaching Hospitals NHS Trust,Leeds General Infirmary,Type 1,433,195,398,35,195,16,20,112,111,25,297
2310,06/04/2024,April,2,2024,South East,Oxford University Hospitals NHS Foundation Trust,John Radcliffe Hospital,Type 1,682,193,459,223,140,7.8,8,108,221,37,424
2311,07/04/2024,April,2,2024,North West,Liverpool University Hospitals NHS Foundation Trust,Royal Liverpool University Hospital,Type 1,297,62,250,47,96,14.2,15,55,112,26,159
2312,07/04/2024,April,2,2024,London,Guy's and St Thomas' NHS Foundation Trust,St Thomas' Hospital,Type 1,638,152,482,156,161,7.4,13,68,67,55,516
2313,07/04/2024,April,2,2024,Midlands,University Hospitals Birmingham NHS Foundation Trust,Queen Elizabeth Hospital Birmingham,Type 1,350,121,296,54,258,4.3,18,69,243,49,58
2314,07/04/2024,April,2,2024,Yorkshire and Humber,Leeds Teaching Hospitals NHS Trust,Leeds General Infirmary,Type 1,483,141,354,129,302,10.3,6,184,141,44,298
2315,07/04/2024,April,2,2024,South East,Oxford University Hospitals NHS Foundation Trust,John Radcliffe Hospital,Type 1,566,179,449,117,214,15.9,20,135,64,23,479
2316,08/04/2024,April,2,2024,North West,Liverpool University Hospitals NHS Foundation Trust,Royal Liverpool University Hospital,Type 1,594,73,359,235,235,14.2,4,40,93,43,458
2317,08/04/2024,April,2,2024,London,Guy's and St Thomas' NHS Foundation Trust,St Thomas' Hospital,Type 1,484,122,468,16,121,8.3,6,209,186,24,274
2318,08/04/2024,April,2,2024,Midlands,University Hospitals Birmingham NHS Foundation Trust,Queen Elizabeth Hospital Birmingham,Type 1,432,122,380,52,315,12.6,14,95,283,34,115
2319,08/04/2024,April,2,2024,Yorkshire and Humber,Leeds Teaching Hospitals NHS Trust,Leeds General Infirmary,Type 1,639,110,560,79,96,8.9,3,120,262,14,363
2320,08/04/2024,April,2,2024,South East,Oxford University Hospitals NHS Foundation Trust,John Radcliffe Hospital,Type 1,592,130,456,136,181,14.2,8,96,135,63,394
2321,09/04/2024,April,2,2024,North West,Liverpool University Hospitals NHS Foundation Trust,Royal Liverpool University Hospital,Type 1,528,122,517,11,253,11.5,3,203,70,55,403
2322,09/04/2024,April,2,2024,London,Guy's and St Thomas' NHS Foundation Trust,St Thomas' Hospital,Type 1,535,87,508,27,119,5.6,24,79,97,36,402
2323,09/04/2024,April,2,2024,Midlands,University Hospitals Birmingham NHS Foundation Trust,Queen Elizabeth Hospital Birmingham,Type 1,532,55,434,98,318,4.6,9,44,60,27,445
2324,09/04/2024,April,2,2024,Yorkshire and Humber,Leeds Teaching Hospitals NHS Trust,Leeds General Infirmary,Type 1,354,98,324,30,260,12.4,19,139,295,76,17
2325,09/04/2024,April,2,2024,South East,Oxford University Hospitals NHS Foundation Trust,John Radcliffe Hospital,Type 1,340,134,215,125,271,11.1,3,68,284,54,2
2326,10/04/2024,April,2,2024,North West,Liverpool University Hospitals NHS Foundation Trust,Royal Liverpool University Hospital,Type 1,697,77,460,237,145,6.8,12,68,91,17,589
2327,10/04/2024,April,2,2024,London,Guy's and St Thomas' NHS Foundation Trust,St Thomas' Hospital,Type 1,434,93,273,161,137,8.1,11,145,264,36,134
2328,10/04/2024,April,2,2024,Midlands,University Hospitals Birmingham NHS Foundation Trust,Queen Elizabeth Hospital Birmingham,Type 1,317,142,193,124,236,15.6,1,106,292,72,47
2329,10/04/2024,April,2,2024,Yorkshire and Humber,Leeds Teaching Hospitals NHS Trust,Leeds General Infirmary,Type 1,618,186,521,97,131,7.7,4,115,262,46,310
2330,10/04/2024,April,2,2024,South East,Oxford University Hospitals NHS Foundation Trust,John Radcliffe Hospital,Type 1,505,64,410,95,319,8,25,217,108,51,346
2331,11/04/2024,April,2,2024,North West,Liverpool University Hospitals NHS Foundation Trust,Royal Liverpool University Hospital,Type 1,310,118,277,33,320,10.8,21,164,139,68,103
2332,11/04/2024,April,2,2024,London,Guy's and St Thomas' NHS Foundation Trust,St Thomas' Hospital,Type 1,648,121,472,176,137,15.6,5,86,82,80,486
2333,11/04/2024,April,2,2024,Midlands,University Hospitals Birmingham NHS Foundation Trust,Queen Elizabeth Hospital Birmingham,Type 1,634,76,623,11,177,7.7,21,187,131,62,441
2334,11/04/2024,April,2,2024,Yorkshire and Humber,Leeds Teaching Hospitals NHS Trust,Leeds General Infirmary,Type 1,665,195,437,228,251,9.8,9,49,300,27,338
2335,11/04/2024,April,2,2024,South East,Oxford University Hospitals NHS Foundation Trust,John Radcliffe Hospital,Type 1,422,139,421,1,235,12.5,15,72,166,13,243
2336,12/04/2024,April,2,2024,North West,Liverpool University Hospitals NHS Foundation Trust,Royal Liverpool University Hospital,Type 1,488,200,433,55,162,12.7,20,150,94,25,369
2337,12/04/2024,April,2,2024,London,Guy's and St Thomas' NHS Foundation Trust,St Thomas' Hospital,Type 1,515,138,432,83,132,12.9,3,170,281,24,210
2338,12/04/2024,April,2,2024,Midlands,University Hospitals Birmingham NHS Foundation Trust,Queen Elizabeth Hospital Birmingham,Type 1,501,189,318,183,134,12.6,1,66,170,80,251
2339,12/04/2024,April,2,2024,Yorkshire and Humber,Leeds Teaching Hospitals NHS Trust,Leeds General Infirmary,Type 1,498,174,390,108,112,9.4,5,57,268,24,206
2340,12/04/2024,April,2,2024,South East,Oxford University Hospitals NHS Foundation Trust,John Radcliffe Hospital,Type 1,680,127,658,22,103,7.9,15,88,65,56,559
2341,13/04/2024,April,2,2024,North West,Liverpool University Hospitals NHS Foundation Trust,Royal Liverpool University Hospital,Type 1,551,60,503,48,317,10.6,3,78,196,55,300
2342,13/04/2024,April,2,2024,London,Guy's and St Thomas' NHS Foundation Trust,St Thomas' Hospital,Type 1,326,156,277,49,101,12.4,14,118,152,75,99
2343,13/04/2024,April,2,2024,Midlands,University Hospitals Birmingham NHS Foundation Trust,Queen Elizabeth Hospital Birmingham,Type 1,514,166,501,13,201,4.5,9,184,69,77,368
2344,13/04/2024,April,2,2024,Yorkshire and Humber,Leeds Teaching Hospitals NHS Trust,Leeds General Infirmary,Type 1,391,116,314,77,217,8.2,13,90,288,73,30
2345,13/04/2024,April,2,2024,South East,Oxford University Hospitals NHS Foundation Trust,John Radcliffe Hospital,Type 1,290,186,176,114,165,16,24,155,232,28,30
2346,14/04/2024,April,2,2024,North West,Liverpool University Hospitals NHS Foundation Trust,Royal Liverpool University Hospital,Type 1,376,181,278,98,90,10.5,17,160,61,28,287
2347,14/04/2024,April,2,2024,London,Guy's and St Thomas' NHS Foundation Trust,St Thomas' Hospital,Type 1,336,197,309,27,127,14.6,9,53,290,33,13
2348,14/04/2024,April,2,2024,Midlands,University Hospitals Birmingham NHS Foundation Trust,Queen Elizabeth Hospital Birmingham,Type 1,508,169,496,12,300,6.9,25,189,122,15,371
2349,14/04/2024,April,2,2024,Yorkshire and Humber,Leeds Teaching Hospitals NHS Trust,Leeds General Infirmary,Type 1,555,126,372,183,246,7.5,21,87,273,55,227
2350,14/04/2024,April,2,2024,South East,Oxford University Hospitals NHS Foundation Trust,John Radcliffe Hospital,Type 1,333,116,322,11,109,4.9,15,177,50,59,224
2351,15/04/2024,April,2,2024,North West,Liverpool University Hospitals NHS Foundation Trust,Royal Liverpool University Hospital,Type 1,650,150,558,92,105,9.5,5,118,175,11,464
2352,15/04/2024,April,2,2024,London,Guy's and St Thomas' NHS Foundation Trust,St Thomas' Hospital,Type 1,291,50,252,39,140,13.7,11,141,72,60,159
2353,15/04/2024,April,2,2024,Midlands,University Hospitals Birmingham NHS Foundation Trust,Queen Elizabeth Hospital Birmingham,Type 1,306,82,292,14,120,7.9,6,197,115,59,132
2354,15/04/2024,April,2,2024,Yorkshire and Humber,Leeds Teaching Hospitals NHS Trust,Leeds General Infirmary,Type 1,427,190,257,170,309,14,25,216,268,25,134
2355,15/04/2024,April,2,2024,South East,Oxford University Hospitals NHS Foundation Trust,John Radcliffe Hospital,Type 1,639,66,531,108,197,7.1,5,152,77,11,551
2356,16/04/2024,April,2,2024,North West,Liverpool University Hospitals NHS Foundation Trust,Royal Liverpool University Hospital,Type 1,512,155,311,201,219,6.8,19,95,152,31,329
2357,16/04/2024,April,2,2024,London,Guy's and St Thomas' NHS Foundation Trust,St Thomas' Hospital,Type 1,555,171,468,87,238,9.4,11,205,182,71,302
2358,16/04/2024,April,2,2024,Midlands,University Hospitals Birmingham NHS Foundation Trust,Queen Elizabeth Hospital Birmingham,Type 1,608,175,581,27,90,11.5,10,174,84,15,509
2359,16/04/2024,April,2,2024,Yorkshire and Humber,Leeds Teaching Hospitals NHS Trust,Leeds General Infirmary,Type 1,298,158,293,5,292,11.1,18,102,66,51,181
2360,16/04/2024,April,2,2024,South East,Oxford University Hospitals NHS Foundation Trust,John Radcliffe Hospital,Type 1,431,186,307,124,138,10.9,25,114,103,64,264
2361,17/04/2024,April,2,2024,North West,Liverpool University Hospitals NHS Foundation Trust,Royal Liverpool University Hospital,Type 1,405,85,322,83,117,10.3,2,112,111,18,276
2362,17/04/2024,April,2,2024,London,Guy's and St Thomas' NHS Foundation Trust,St Thomas' Hospital,Type 1,295,97,285,10,300,11.8,11,77,79,12,204
2363,17/04/2024,April,2,2024,Midlands,University Hospitals Birmingham NHS Foundation Trust,Queen Elizabeth Hospital Birmingham,Type 1,625,163,414,211,259,9.5,0,83,74,62,489
2364,17/04/2024,April,2,2024,Yorkshire and Humber,Leeds Teaching Hospitals NHS Trust,Leeds General Infirmary,Type 1,547,52,476,71,121,10.5,13,161,59,43,445
2365,17/04/2024,April,2,2024,South East,Oxford University Hospitals NHS Foundation Trust,John Radcliffe Hospital,Type 1,343,54,280,63,156,9.3,9,155,290,16,37
2366,18/04/2024,April,2,2024,North West,Liverpool University Hospitals NHS Foundation Trust,Royal Liverpool University Hospital,Type 1,509,86,475,34,98,10.2,3,99,112,61,336
2367,18/04/2024,April,2,2024,London,Guy's and St Thomas' NHS Foundation Trust,St Thomas' Hospital,Type 1,397,172,312,85,252,12.1,23,214,219,55,123
2368,18/04/2024,April,2,2024,Midlands,University Hospitals Birmingham NHS Foundation Trust,Queen Elizabeth Hospital Birmingham,Type 1,700,96,439,261,230,8.3,5,154,125,44,531
2369,18/04/2024,April,2,2024,Yorkshire and Humber,Leeds Teaching Hospitals NHS Trust,Leeds General Infirmary,Type 1,604,92,581,23,154,14.7,0,127,102,71,431
2370,18/04/2024,April,2,2024,South East,Oxford University Hospitals NHS Foundation Trust,John Radcliffe Hospital,Type 1,319,145,276,43,309,9.1,9,73,118,58,143
2371,19/04/2024,April,2,2024,North West,Liverpool University Hospitals NHS Foundation Trust,Royal Liverpool University Hospital,Type 1,677,126,488,189,204,4.4,3,48,263,60,354
2372,19/04/2024,April,2,2024,London,Guy's and St Thomas' NHS Foundation Trust,St Thomas' Hospital,Type 1,472,51,313,159,109,6.9,16,45,111,53,308
2373,19/04/2024,April,2,2024,Midlands,University Hospitals Birmingham NHS Foundation Trust,Queen Elizabeth Hospital Birmingham,Type 1,621,115,450,171,206,14,3,54,142,74,405
2374,19/04/2024,April,2,2024,Yorkshire and Humber,Leeds Teaching Hospitals NHS Trust,Leeds General Infirmary,Type 1,567,89,433,134,225,8.4,1,50,145,77,345
2375,19/04/2024,April,2,2024,South East,Oxford University Hospitals NHS Foundation Trust,John Radcliffe Hospital,Type 1,319,160,302,17,263,11.3,16,116,180,10,129
2376,20/04/2024,April,2,2024,North West,Liverpool University Hospitals NHS Foundation Trust,Royal Liverpool University Hospital,Type 1,385,99,318,67,311,8.6,2,111,180,20,185
2377,20/04/2024,April,2,2024,London,Guy's and St Thomas' NHS Foundation Trust,St Thomas' Hospital,Type 1,416,124,296,120,169,11.6,5,110,243,21,152
2378,20/04/2024,April,2,2024,Midlands,University Hospitals Birmingham NHS Foundation Trust,Queen Elizabeth Hospital Birmingham,Type 1,493,162,407,86,249,5.3,6,91,164,56,273
2379,20/04/2024,April,2,2024,Yorkshire and Humber,Leeds Teaching Hospitals NHS Trust,Leeds General Infirmary,Type 1,313,177,194,119,107,14.1,22,125,64,44,205
2380,20/04/2024,April,2,2024,South East,Oxford University Hospitals NHS Foundation Trust,John Radcliffe Hospital,Type 1,428,64,350,78,159,11.6,12,214,151,46,231
2381,21/04/2024,April,2,2024,North West,Liverpool University Hospitals NHS Foundation Trust,Royal Liverpool University Hospital,Type 1,332,77,289,43,197,15.5,2,167,208,33,91
2382,21/04/2024,April,2,2024,London,Guy's and St Thomas' NHS Foundation Trust,St Thomas' Hospital,Type 1,284,143,240,44,171,13,9,161,145,33,106
2383,21/04/2024,April,2,2024,Midlands,University Hospitals Birmingham NHS Foundation Trust,Queen Elizabeth Hospital Birmingham,Type 1,555,98,503,52,118,14.3,15,178,285,52,218
2384,21/04/2024,April,2,2024,Yorkshire and Humber,Leeds Teaching Hospitals NHS Trust,Leeds General Infirmary,Type 1,560,59,424,136,318,14.4,3,68,77,78,405
2385,21/04/2024,April,2,2024,South East,Oxford University Hospitals NHS Foundation Trust,John Radcliffe Hospital,Type 1,553,69,392,161,98,5.8,16,79,296,70,187
2386,22/04/2024,April,2,2024,North West,Liverpool University Hospitals NHS Foundation Trust,Royal Liverpool University Hospital,Type 1,652,142,457,195,237,5.1,11,184,140,49,463
2387,22/04/2024,April,2,2024,London,Guy's and St Thomas' NHS Foundation Trust,St Thomas' Hospital,Type 1,277,124,190,87,247,13.5,19,183,147,20,110
2388,22/04/2024,April,2,2024,Midlands,University Hospitals Birmingham NHS Foundation Trust,Queen Elizabeth Hospital Birmingham,Type 1,313,89,277,36,269,8.3,22,88,261,20,32
2389,22/04/2024,April,2,2024,Yorkshire and Humber,Leeds Teaching Hospitals NHS Trust,Leeds General Infirmary,Type 1,427,53,335,92,170,15.9,22,137,296,23,108
2390,22/04/2024,April,2,2024,South East,Oxford University Hospitals NHS Foundation Trust,John Radcliffe Hospital,Type 1,447,123,320,127,284,11.9,12,203,69,26,352
2391,23/04/2024,April,2,2024,North West,Liverpool University Hospitals NHS Foundation Trust,Royal Liverpool University Hospital,Type 1,476,77,293,183,141,5.2,17,138,293,75,108
2392,23/04/2024,April,2,2024,London,Guy's and St Thomas' NHS Foundation Trust,St Thomas' Hospital,Type 1,372,143,324,48,295,4.6,5,126,293,37,42
2393,23/04/2024,April,2,2024,Midlands,University Hospitals Birmingham NHS Foundation Trust,Queen Elizabeth Hospital Birmingham,Type 1,483,135,298,185,306,12,9,105,271,44,168
2394,23/04/2024,April,2,2024,Yorkshire and Humber,Leeds Teaching Hospitals NHS Trust,Leeds General Infirmary,Type 1,690,117,563,127,115,10,0,91,246,13,431
2395,23/04/2024,April,2,2024,South East,Oxford University Hospitals NHS Foundation Trust,John Radcliffe Hospital,Type 1,349,166,209,140,118,13.5,25,149,197,72,80
2396,24/04/2024,April,2,2024,North West,Liverpool University Hospitals NHS Foundation Trust,Royal Liverpool University Hospital,Type 1,548,146,422,126,119,12.8,5,156,269,20,259
2397,24/04/2024,April,2,2024,London,Guy's and St Thomas' NHS Foundation Trust,St Thomas' Hospital,Type 1,658,105,629,29,210,9.8,6,216,136,15,507
2398,24/04/2024,April,2,2024,Midlands,University Hospitals Birmingham NHS Foundation Trust,Queen Elizabeth Hospital Birmingham,Type 1,620,161,493,127,226,5.5,21,148,233,32,355
2399,24/04/2024,April,2,2024,Yorkshire and Humber,Leeds Teaching Hospitals NHS Trust,Leeds General Infirmary,Type 1,490,142,459,31,138,12.3,10,109,214,58,218
2400,24/04/2024,April,2,2024,South East,Oxford University Hospitals NHS Foundation Trust,John Radcliffe Hospital,Type 1,434,157,398,36,317,7.3,10,60,224,76,134
2401,25/04/2024,April,2,2024,North West,Liverpool University Hospitals NHS Foundation Trust,Royal Liverpool University Hospital,Type 1,257,177,255,2,309,5.4,24,143,106,39,112
2402,25/04/2024,April,2,2024,London,Guy's and St Thomas' NHS Foundation Trust,St Thomas' Hospital,Type 1,377,54,306,71,240,7.4,19,63,62,12,303
2403,25/04/2024,April,2,2024,Midlands,University Hospitals Birmingham NHS Foundation Trust,Queen Elizabeth Hospital Birmingham,Type 1,538,139,336,202,180,7.3,18,54,148,31,359
2404,25/04/2024,April,2,2024,Yorkshire and Humber,Leeds Teaching Hospitals NHS Trust,Leeds General Infirmary,Type 1,659,130,562,97,303,4.9,13,110,107,58,494
2405,25/04/2024,April,2,2024,South East,Oxford University Hospitals NHS Foundation Trust,John Radcliffe Hospital,Type 1,640,95,480,160,100,8.2,4,111,185,24,431
2406,26/04/2024,April,2,2024,North West,Liverpool University Hospitals NHS Foundation Trust,Royal Liverpool University Hospital,Type 1,691,140,570,121,92,7.5,7,60,255,53,383
2407,26/04/2024,April,2,2024,London,Guy's and St Thomas' NHS Foundation Trust,St Thomas' Hospital,Type 1,447,180,346,101,318,14.7,4,62,126,31,290
2408,26/04/2024,April,2,2024,Midlands,University Hospitals Birmingham NHS Foundation Trust,Queen Elizabeth Hospital Birmingham,Type 1,257,142,247,10,108,5.7,2,42,69,55,133
2409,26/04/2024,April,2,2024,Yorkshire and Humber,Leeds Teaching Hospitals NHS Trust,Leeds General Infirmary,Type 1,332,126,314,18,286,10,22,86,217,35,80
2410,26/04/2024,April,2,2024,South East,Oxford University Hospitals NHS Foundation Trust,John Radcliffe Hospital,Type 1,482,198,300,182,106,13.4,7,110,127,39,316
2411,27/04/2024,April,2,2024,North West,Liverpool University Hospitals NHS Foundation Trust,Royal Liverpool University Hospital,Type 1,470,196,375,95,308,14.2,10,167,291,18,161
2412,27/04/2024,April,2,2024,London,Guy's and St Thomas' NHS Foundation Trust,St Thomas' Hospital,Type 1,693,90,639,54,196,4.5,12,74,251,18,424
2413,27/04/2024,April,2,2024,Midlands,University Hospitals Birmingham NHS Foundation Trust,Queen Elizabeth Hospital Birmingham,Type 1,272,122,211,61,268,11.6,16,62,90,44,138
2414,27/04/2024,April,2,2024,Yorkshire and Humber,Leeds Teaching Hospitals NHS Trust,Leeds General Infirmary,Type 1,572,132,429,143,230,15.3,9,193,58,19,495
2415,27/04/2024,April,2,2024,South East,Oxford University Hospitals NHS Foundation Trust,John Radcliffe Hospital,Type 1,583,130,466,117,315,13.6,24,64,59,43,481
2416,28/04/2024,April,2,2024,North West,Liverpool University Hospitals NHS Foundation Trust,Royal Liverpool University Hospital,Type 1,605,199,554,51,244,9.7,21,201,71,64,470
2417,28/04/2024,April,2,2024,London,Guy's and St Thomas' NHS Foundation Trust,St Thomas' Hospital,Type 1,351,136,259,92,316,12.2,7,195,296,43,12
2418,28/04/2024,April,2,2024,Midlands,University Hospitals Birmingham NHS Foundation Trust,Queen Elizabeth Hospital Birmingham,Type 1,559,118,448,111,127,8.5,22,201,257,58,244
2419,28/04/2024,April,2,2024,Yorkshire and Humber,Leeds Teaching Hospitals NHS Trust,Leeds General Infirmary,Type 1,618,148,528,90,132,5.1,5,101,166,77,375
2420,28/04/2024,April,2,2024,South East,Oxford University Hospitals NHS Foundation Trust,John Radcliffe Hospital,Type 1,553,187,482,71,193,9.5,8,89,198,15,340
2421,29/04/2024,April,2,2024,North West,Liverpool University Hospitals NHS Foundation Trust,Royal Liverpool University Hospital,Type 1,660,117,595,65,90,9.2,8,121,279,30,351
2422,29/04/2024,April,2,2024,London,Guy's and St Thomas' NHS Foundation Trust,St Thomas' Hospital,Type 1,273,125,205,68,296,6.7,18,190,106,48,119
2423,29/04/2024,April,2,2024,Midlands,University Hospitals Birmingham NHS Foundation Trust,Queen Elizabeth Hospital Birmingham,Type 1,600,65,575,25,257,7.8,16,141,296,19,285
2424,29/04/2024,April,2,2024,Yorkshire and Humber,Leeds Teaching Hospitals NHS Trust,Leeds General Infirmary,Type 1,317,94,306,11,202,5.5,18,197,157,43,117
2425,29/04/2024,April,2,2024,South East,Oxford University Hospitals NHS Foundation Trust,John Radcliffe Hospital,Type 1,582,152,429,153,270,15.2,17,79,292,61,229
2426,30/04/2024,April,2,2024,North West,Liverpool University Hospitals NHS Foundation Trust,Royal Liverpool University Hospital,Type 1,370,153,315,55,168,15.8,5,205,188,39,143
2427,30/04/2024,April,2,2024,London,Guy's and St Thomas' NHS Foundation Trust,St Thomas' Hospital,Type 1,362,183,256,106,100,7.7,12,59,215,20,127
2428,30/04/2024,April,2,2024,Midlands,University Hospitals Birmingham NHS Foundation Trust,Queen Elizabeth Hospital Birmingham,Type 1,543,199,342,201,210,15.9,20,176,162,43,338
2429,30/04/2024,April,2,2024,Yorkshire and Humber,Leeds Teaching Hospitals NHS Trust,Leeds General Infirmary,Type 1,661,153,651,10,184,8,12,204,290,62,309
2430,30/04/2024,April,2,2024,South East,Oxford University Hospitals NHS Foundation Trust,John Radcliffe Hospital,Type 1,693,157,473,220,296,8.4,18,85,59,50,584
2431,01/05/2024,May,2,2024,North West,Liverpool University Hospitals NHS Foundation Trust,Royal Liverpool University Hospital,Type 1,279,78,174,105,318,13.5,18,139,126,10,143
2432,01/05/2024,May,2,2024,London,Guy's and St Thomas' NHS Foundation Trust,St Thomas' Hospital,Type 1,333,200,210,123,303,6.7,8,101,142,39,152
2433,01/05/2024,May,2,2024,Midlands,University Hospitals Birmingham NHS Foundation Trust,Queen Elizabeth Hospital Birmingham,Type 1,409,109,363,46,177,7.4,1,209,71,67,271
2434,01/05/2024,May,2,2024,Yorkshire and Humber,Leeds Teaching Hospitals NHS Trust,Leeds General Infirmary,Type 1,442,94,306,136,146,4.6,25,57,150,10,282
2435,01/05/2024,May,2,2024,South East,Oxford University Hospitals NHS Foundation Trust,John Radcliffe Hospital,Type 1,488,121,393,95,232,8.5,22,199,56,39,393
2436,02/05/2024,May,2,2024,North West,Liverpool University Hospitals NHS Foundation Trust,Royal Liverpool University Hospital,Type 1,526,60,376,150,120,14.6,20,76,283,41,202
2437,02/05/2024,May,2,2024,London,Guy's and St Thomas' NHS Foundation Trust,St Thomas' Hospital,Type 1,532,142,524,8,265,14.9,18,195,72,52,408
2438,02/05/2024,May,2,2024,Midlands,University Hospitals Birmingham NHS Foundation Trust,Queen Elizabeth Hospital Birmingham,Type 1,427,55,324,103,200,6.8,10,141,132,41,254
2439,02/05/2024,May,2,2024,Yorkshire and Humber,Leeds Teaching Hospitals NHS Trust,Leeds General Infirmary,Type 1,416,85,319,97,222,13.1,0,154,142,75,199
2440,02/05/2024,May,2,2024,South East,Oxford University Hospitals NHS Foundation Trust,John Radcliffe Hospital,Type 1,611,141,520,91,311,10.6,18,170,191,17,403
2441,03/05/2024,May,2,2024,North West,Liverpool University Hospitals NHS Foundation Trust,Royal Liverpool University Hospital,Type 1,306,180,264,42,308,12.3,11,160,262,48,4
2442,03/05/2024,May,2,2024,London,Guy's and St Thomas' NHS Foundation Trust,St Thomas' Hospital,Type 1,497,183,327,170,122,8.3,23,89,202,80,215
2443,03/05/2024,May,2,2024,Midlands,University Hospitals Birmingham NHS Foundation Trust,Queen Elizabeth Hospital Birmingham,Type 1,661,189,420,241,133,6.4,18,108,136,43,482
2444,03/05/2024,May,2,2024,Yorkshire and Humber,Leeds Teaching Hospitals NHS Trust,Leeds General Infirmary,Type 1,363,114,225,138,249,11.6,12,113,95,56,212
2445,03/05/2024,May,2,2024,South East,Oxford University Hospitals NHS Foundation Trust,John Radcliffe Hospital,Type 1,698,162,462,236,223,10.2,0,46,50,23,625
2446,04/05/2024,May,2,2024,North West,Liverpool University Hospitals NHS Foundation Trust,Royal Liverpool University Hospital,Type 1,258,62,247,11,222,10,22,178,124,48,86
2447,04/05/2024,May,2,2024,London,Guy's and St Thomas' NHS Foundation Trust,St Thomas' Hospital,Type 1,616,151,439,177,197,8.9,11,76,207,70,339
2448,04/05/2024,May,2,2024,Midlands,University Hospitals Birmingham NHS Foundation Trust,Queen Elizabeth Hospital Birmingham,Type 1,622,164,528,94,124,11.2,5,99,282,20,320
2449,04/05/2024,May,2,2024,Yorkshire and Humber,Leeds Teaching Hospitals NHS Trust,Leeds General Infirmary,Type 1,268,126,234,34,312,14.4,23,42,254,47,33
2450,04/05/2024,May,2,2024,South East,Oxford University Hospitals NHS Foundation Trust,John Radcliffe Hospital,Type 1,295,162,206,89,261,9.7,21,156,193,29,73
2451,05/05/2024,May,2,2024,North West,Liverpool University Hospitals NHS Foundation Trust,Royal Liverpool University Hospital,Type 1,677,72,640,37,241,11.9,10,71,296,38,343
2452,05/05/2024,May,2,2024,London,Guy's and St Thomas' NHS Foundation Trust,St Thomas' Hospital,Type 1,329,135,291,38,193,10.8,18,157,219,51,59
2453,05/05/2024,May,2,2024,Midlands,University Hospitals Birmingham NHS Foundation Trust,Queen Elizabeth Hospital Birmingham,Type 1,476,173,378,98,125,4,2,77,273,74,129
2454,05/05/2024,May,2,2024,Yorkshire and Humber,Leeds Teaching Hospitals NHS Trust,Leeds General Infirmary,Type 1,538,80,354,184,162,4.1,0,162,278,50,210
2455,05/05/2024,May,2,2024,South East,Oxford University Hospitals NHS Foundation Trust,John Radcliffe Hospital,Type 1,350,98,212,138,191,12.8,0,140,272,80,2
2456,06/05/2024,May,2,2024,North West,Liverpool University Hospitals NHS Foundation Trust,Royal Liverpool University Hospital,Type 1,658,138,602,56,176,10.6,16,57,58,55,545
2457,06/05/2024,May,2,2024,London,Guy's and St Thomas' NHS Foundation Trust,St Thomas' Hospital,Type 1,494,196,334,160,294,7.8,0,65,115,57,322
2458,06/05/2024,May,2,2024,Midlands,University Hospitals Birmingham NHS Foundation Trust,Queen Elizabeth Hospital Birmingham,Type 1,429,186,285,144,299,4.4,13,85,171,53,205
2459,06/05/2024,May,2,2024,Yorkshire and Humber,Leeds Teaching Hospitals NHS Trust,Leeds General Infirmary,Type 1,484,158,361,123,187,15.2,12,205,200,41,243
2460,06/05/2024,May,2,2024,South East,Oxford University Hospitals NHS Foundation Trust,John Radcliffe Hospital,Type 1,493,143,445,48,96,13.3,16,47,76,47,370
2461,07/05/2024,May,2,2024,North West,Liverpool University Hospitals NHS Foundation Trust,Royal Liverpool University Hospital,Type 1,331,174,282,49,132,12.6,10,205,74,65,192
2462,07/05/2024,May,2,2024,London,Guy's and St Thomas' NHS Foundation Trust,St Thomas' Hospital,Type 1,618,66,538,80,132,9.3,6,89,150,18,450
2463,07/05/2024,May,2,2024,Midlands,University Hospitals Birmingham NHS Foundation Trust,Queen Elizabeth Hospital Birmingham,Type 1,613,70,607,6,149,10.9,6,190,55,43,515
2464,07/05/2024,May,2,2024,Yorkshire and Humber,Leeds Teaching Hospitals NHS Trust,Leeds General Infirmary,Type 1,501,161,347,154,290,11.7,22,143,175,59,267
2465,07/05/2024,May,2,2024,South East,Oxford University Hospitals NHS Foundation Trust,John Radcliffe Hospital,Type 1,363,116,278,85,116,9.6,5,159,163,63,137
2466,08/05/2024,May,2,2024,North West,Liverpool University Hospitals NHS Foundation Trust,Royal Liverpool University Hospital,Type 1,335,153,215,120,295,12.7,12,65,297,68,30
2467,08/05/2024,May,2,2024,London,Guy's and St Thomas' NHS Foundation Trust,St Thomas' Hospital,Type 1,353,57,296,57,207,15,23,199,180,50,123
2468,08/05/2024,May,2,2024,Midlands,University Hospitals Birmingham NHS Foundation Trust,Queen Elizabeth Hospital Birmingham,Type 1,255,82,197,58,281,9.2,22,80,241,16,2
2469,08/05/2024,May,2,2024,Yorkshire and Humber,Leeds Teaching Hospitals NHS Trust,Leeds General Infirmary,Type 1,533,190,531,2,149,7.5,8,206,249,78,206
2470,08/05/2024,May,2,2024,South East,Oxford University Hospitals NHS Foundation Trust,John Radcliffe Hospital,Type 1,307,174,191,116,250,14.9,11,150,223,18,66
2471,09/05/2024,May,2,2024,North West,Liverpool University Hospitals NHS Foundation Trust,Royal Liverpool University Hospital,Type 1,344,161,241,103,213,4.2,21,137,74,40,230
2472,09/05/2024,May,2,2024,London,Guy's and St Thomas' NHS Foundation Trust,St Thomas' Hospital,Type 1,471,105,337,134,218,12.1,12,40,253,52,166
2473,09/05/2024,May,2,2024,Midlands,University Hospitals Birmingham NHS Foundation Trust,Queen Elizabeth Hospital Birmingham,Type 1,305,195,222,83,247,4.9,1,90,188,25,92
2474,09/05/2024,May,2,2024,Yorkshire and Humber,Leeds Teaching Hospitals NHS Trust,Leeds General Infirmary,Type 1,423,92,364,59,162,9.4,1,133,197,10,216
2475,09/05/2024,May,2,2024,South East,Oxford University Hospitals NHS Foundation Trust,John Radcliffe Hospital,Type 1,590,165,584,6,199,8.2,9,69,172,49,369
2476,10/05/2024,May,2,2024,North West,Liverpool University Hospitals NHS Foundation Trust,Royal Liverpool University Hospital,Type 1,363,141,291,72,246,10.7,0,161,265,76,22
2477,10/05/2024,May,2,2024,London,Guy's and St Thomas' NHS Foundation Trust,St Thomas' Hospital,Type 1,280,151,270,10,224,6.9,19,64,134,72,74
2478,10/05/2024,May,2,2024,Midlands,University Hospitals Birmingham NHS Foundation Trust,Queen Elizabeth Hospital Birmingham,Type 1,278,161,231,47,166,5.5,22,188,247,33,2
2479,10/05/2024,May,2,2024,Yorkshire and Humber,Leeds Teaching Hospitals NHS Trust,Leeds General Infirmary,Type 1,460,99,286,174,285,5.7,12,156,127,22,311
2480,10/05/2024,May,2,2024,South East,Oxford University Hospitals NHS Foundation Trust,John Radcliffe Hospital,Type 1,526,155,419,107,217,8.9,5,42,211,29,286
2481,11/05/2024,May,2,2024,North West,Liverpool University Hospitals NHS Foundation Trust,Royal Liverpool University Hospital,Type 1,651,129,641,10,212,9,6,90,96,43,512
2482,11/05/2024,May,2,2024,London,Guy's and St Thomas' NHS Foundation Trust,St Thomas' Hospital,Type 1,402,188,293,109,170,7.4,3,214,76,42,284
2483,11/05/2024,May,2,2024,Midlands,University Hospitals Birmingham NHS Foundation Trust,Queen Elizabeth Hospital Birmingham,Type 1,581,89,576,5,315,13.3,22,61,119,51,411
2484,11/05/2024,May,2,2024,Yorkshire and Humber,Leeds Teaching Hospitals NHS Trust,Leeds General Infirmary,Type 1,517,69,321,196,302,8.8,22,80,286,48,183
2485,11/05/2024,May,2,2024,South East,Oxford University Hospitals NHS Foundation Trust,John Radcliffe Hospital,Type 1,405,167,295,110,204,7,23,195,86,60,259
2486,12/05/2024,May,2,2024,North West,Liverpool University Hospitals NHS Foundation Trust,Royal Liverpool University Hospital,Type 1,411,114,301,110,133,8.4,2,171,140,79,192
2487,12/05/2024,May,2,2024,London,Guy's and St Thomas' NHS Foundation Trust,St Thomas' Hospital,Type 1,284,184,284,0,248,4.6,10,77,262,77,55
2488,12/05/2024,May,2,2024,Midlands,University Hospitals Birmingham NHS Foundation Trust,Queen Elizabeth Hospital Birmingham,Type 1,461,139,328,133,166,13.9,13,145,211,29,221
2489,12/05/2024,May,2,2024,Yorkshire and Humber,Leeds Teaching Hospitals NHS Trust,Leeds General Infirmary,Type 1,363,74,224,139,181,14.4,11,153,166,73,124
2490,12/05/2024,May,2,2024,South East,Oxford University Hospitals NHS Foundation Trust,John Radcliffe Hospital,Type 1,502,139,406,96,225,14.2,21,95,97,11,394
2491,13/05/2024,May,2,2024,North West,Liverpool University Hospitals NHS Foundation Trust,Royal Liverpool University Hospital,Type 1,695,200,534,161,230,11,11,91,281,79,335
2492,13/05/2024,May,2,2024,London,Guy's and St Thomas' NHS Foundation Trust,St Thomas' Hospital,Type 1,431,186,261,170,131,10.6,23,49,169,42,220
2493,13/05/2024,May,2,2024,Midlands,University Hospitals Birmingham NHS Foundation Trust,Queen Elizabeth Hospital Birmingham,Type 1,275,189,251,24,213,12.8,16,43,181,66,28
2494,13/05/2024,May,2,2024,Yorkshire and Humber,Leeds Teaching Hospitals NHS Trust,Leeds General Infirmary,Type 1,318,63,211,107,256,6.5,15,198,254,69,5
2495,13/05/2024,May,2,2024,South East,Oxford University Hospitals NHS Foundation Trust,John Radcliffe Hospital,Type 1,461,54,331,130,277,15.2,5,86,77,29,355
2496,14/05/2024,May,2,2024,North West,Liverpool University Hospitals NHS Foundation Trust,Royal Liverpool University Hospital,Type 1,504,192,319,185,319,10.1,13,118,121,76,307
2497,14/05/2024,May,2,2024,London,Guy's and St Thomas' NHS Foundation Trust,St Thomas' Hospital,Type 1,676,162,635,41,193,10,21,218,194,27,455
2498,14/05/2024,May,2,2024,Midlands,University Hospitals Birmingham NHS Foundation Trust,Queen Elizabeth Hospital Birmingham,Type 1,682,194,484,198,246,6.7,19,125,167,71,444
2499,14/05/2024,May,2,2024,Yorkshire and Humber,Leeds Teaching Hospitals NHS Trust,Leeds General Infirmary,Type 1,335,168,234,101,164,8.3,18,84,157,62,116
2500,14/05/2024,May,2,2024,South East,Oxford University Hospitals NHS Foundation Trust,John Radcliffe Hospital,Type 1,373,58,357,16,101,10.3,18,82,280,51,42
2501,15/05/2024,May,2,2024,North West,Liverpool University Hospitals NHS Foundation Trust,Royal Liverpool University Hospital,Type 1,362,189,249,113,165,4,16,66,130,13,219
2502,15/05/2024,May,2,2024,London,Guy's and St Thomas' NHS Foundation Trust,St Thomas' Hospital,Type 1,331,90,305,26,306,8.8,8,181,110,47,174
2503,15/05/2024,May,2,2024,Midlands,University Hospitals Birmingham NHS Foundation Trust,Queen Elizabeth Hospital Birmingham,Type 1,638,80,388,250,195,8.2,24,174,233,73,332
2504,15/05/2024,May,2,2024,Yorkshire and Humber,Leeds Teaching Hospitals NHS Trust,Leeds General Infirmary,Type 1,557,92,377,180,284,10.2,23,63,219,56,282
2505,15/05/2024,May,2,2024,South East,Oxford University Hospitals NHS Foundation Trust,John Radcliffe Hospital,Type 1,512,144,342,170,125,9.9,12,122,77,17,418
2506,16/05/2024,May,2,2024,North West,Liverpool University Hospitals NHS Foundation Trust,Royal Liverpool University Hospital,Type 1,300,138,193,107,126,8.2,24,112,93,63,144
2507,16/05/2024,May,2,2024,London,Guy's and St Thomas' NHS Foundation Trust,St Thomas' Hospital,Type 1,680,102,422,258,124,14.9,14,147,295,48,337
2508,16/05/2024,May,2,2024,Midlands,University Hospitals Birmingham NHS Foundation Trust,Queen Elizabeth Hospital Birmingham,Type 1,546,170,360,186,220,15,5,177,193,11,342
2509,16/05/2024,May,2,2024,Yorkshire and Humber,Leeds Teaching Hospitals NHS Trust,Leeds General Infirmary,Type 1,285,129,264,21,165,15,23,131,167,21,97
2510,16/05/2024,May,2,2024,South East,Oxford University Hospitals NHS Foundation Trust,John Radcliffe Hospital,Type 1,367,83,359,8,101,14,5,56,69,74,224
2511,17/05/2024,May,2,2024,North West,Liverpool University Hospitals NHS Foundation Trust,Royal Liverpool University Hospital,Type 1,453,103,414,39,247,12.4,21,190,273,62,118
2512,17/05/2024,May,2,2024,London,Guy's and St Thomas' NHS Foundation Trust,St Thomas' Hospital,Type 1,654,70,442,212,313,11,22,117,286,27,341
2513,17/05/2024,May,2,2024,Midlands,University Hospitals Birmingham NHS Foundation Trust,Queen Elizabeth Hospital Birmingham,Type 1,305,88,209,96,258,13.5,0,102,269,63,27
2514,17/05/2024,May,2,2024,Yorkshire and Humber,Leeds Teaching Hospitals NHS Trust,Leeds General Infirmary,Type 1,625,59,430,195,266,13.3,13,164,137,54,434
2515,17/05/2024,May,2,2024,South East,Oxford University Hospitals NHS Foundation Trust,John Radcliffe Hospital,Type 1,692,70,539,153,287,10.9,18,92,260,30,402
2516,18/05/2024,May,2,2024,North West,Liverpool University Hospitals NHS Foundation Trust,Royal Liverpool University Hospital,Type 1,606,107,491,115,315,14.9,13,202,216,49,341
2517,18/05/2024,May,2,2024,London,Guy's and St Thomas' NHS Foundation Trust,St Thomas' Hospital,Type 1,657,194,454,203,94,11.4,18,197,237,46,374
2518,18/05/2024,May,2,2024,Midlands,University Hospitals Birmingham NHS Foundation Trust,Queen Elizabeth Hospital Birmingham,Type 1,559,108,473,86,123,9.1,7,134,172,49,338
2519,18/05/2024,May,2,2024,Yorkshire and Humber,Leeds Teaching Hospitals NHS Trust,Leeds General Infirmary,Type 1,445,67,285,160,269,7.8,8,46,79,34,332
2520,18/05/2024,May,2,2024,South East,Oxford University Hospitals NHS Foundation Trust,John Radcliffe Hospital,Type 1,544,76,402,142,308,6.8,6,218,136,37,371
2521,19/05/2024,May,2,2024,North West,Liverpool University Hospitals NHS Foundation Trust,Royal Liverpool University Hospital,Type 1,598,117,531,67,283,4.4,14,210,250,19,329
2522,19/05/2024,May,2,2024,London,Guy's and St Thomas' NHS Foundation Trust,St Thomas' Hospital,Type 1,321,198,199,122,252,4.2,2,45,164,47,110
2523,19/05/2024,May,2,2024,Midlands,University Hospitals Birmingham NHS Foundation Trust,Queen Elizabeth Hospital Birmingham,Type 1,664,176,501,163,148,11.3,8,149,266,48,350
2524,19/05/2024,May,2,2024,Yorkshire and Humber,Leeds Teaching Hospitals NHS Trust,Leeds General Infirmary,Type 1,277,127,255,22,93,7.1,3,202,180,59,38
2525,19/05/2024,May,2,2024,South East,Oxford University Hospitals NHS Foundation Trust,John Radcliffe Hospital,Type 1,691,50,576,115,169,7.5,7,76,75,67,549
2526,20/05/2024,May,2,2024,North West,Liverpool University Hospitals NHS Foundation Trust,Royal Liverpool University Hospital,Type 1,633,132,562,71,101,15.9,10,218,65,51,517
2527,20/05/2024,May,2,2024,London,Guy's and St Thomas' NHS Foundation Trust,St Thomas' Hospital,Type 1,612,122,569,43,133,9.2,12,162,220,77,315
2528,20/05/2024,May,2,2024,Midlands,University Hospitals Birmingham NHS Foundation Trust,Queen Elizabeth Hospital Birmingham,Type 1,297,115,214,83,97,14.4,13,96,297,19,19
2529,20/05/2024,May,2,2024,Yorkshire and Humber,Leeds Teaching Hospitals NHS Trust,Leeds General Infirmary,Type 1,294,86,224,70,290,7.9,7,208,96,51,147
2530,20/05/2024,May,2,2024,South East,Oxford University Hospitals NHS Foundation Trust,John Radcliffe Hospital,Type 1,333,52,200,133,153,14.2,12,167,188,12,133
2531,21/05/2024,May,2,2024,North West,Liverpool University Hospitals NHS Foundation Trust,Royal Liverpool University Hospital,Type 1,413,118,313,100,144,9.7,2,178,155,13,245
2532,21/05/2024,May,2,2024,London,Guy's and St Thomas' NHS Foundation Trust,St Thomas' Hospital,Type 1,307,166,204,103,288,13.6,21,104,91,36,180
2533,21/05/2024,May,2,2024,Midlands,University Hospitals Birmingham NHS Foundation Trust,Queen Elizabeth Hospital Birmingham,Type 1,475,143,391,84,241,6,22,208,106,19,350
2534,21/05/2024,May,2,2024,Yorkshire and Humber,Leeds Teaching Hospitals NHS Trust,Leeds General Infirmary,Type 1,423,149,379,44,140,5.8,5,193,261,77,85
2535,21/05/2024,May,2,2024,South East,Oxford University Hospitals NHS Foundation Trust,John Radcliffe Hospital,Type 1,683,75,587,96,257,15.1,21,100,197,10,476
2536,22/05/2024,May,2,2024,North West,Liverpool University Hospitals NHS Foundation Trust,Royal Liverpool University Hospital,Type 1,296,148,182,114,298,8.8,13,63,230,30,36
2537,22/05/2024,May,2,2024,London,Guy's and St Thomas' NHS Foundation Trust,St Thomas' Hospital,Type 1,487,81,416,71,142,8.7,17,133,277,11,199
2538,22/05/2024,May,2,2024,Midlands,University Hospitals Birmingham NHS Foundation Trust,Queen Elizabeth Hospital Birmingham,Type 1,494,96,445,49,212,14.5,11,91,248,21,225
2539,22/05/2024,May,2,2024,Yorkshire and Humber,Leeds Teaching Hospitals NHS Trust,Leeds General Infirmary,Type 1,571,182,381,190,107,8.6,15,115,219,29,323
2540,22/05/2024,May,2,2024,South East,Oxford University Hospitals NHS Foundation Trust,John Radcliffe Hospital,Type 1,578,152,510,68,145,15.4,3,138,263,67,248
2541,23/05/2024,May,2,2024,North West,Liverpool University Hospitals NHS Foundation Trust,Royal Liverpool University Hospital,Type 1,274,131,231,43,247,15.9,0,117,182,40,52
2542,23/05/2024,May,2,2024,London,Guy's and St Thomas' NHS Foundation Trust,St Thomas' Hospital,Type 1,617,161,529,88,292,10.8,19,138,280,70,267
2543,23/05/2024,May,2,2024,Midlands,University Hospitals Birmingham NHS Foundation Trust,Queen Elizabeth Hospital Birmingham,Type 1,635,64,561,74,217,13.6,14,107,108,56,471
2544,23/05/2024,May,2,2024,Yorkshire and Humber,Leeds Teaching Hospitals NHS Trust,Leeds General Infirmary,Type 1,357,169,317,40,203,14.5,17,198,102,34,221
2545,23/05/2024,May,2,2024,South East,Oxford University Hospitals NHS Foundation Trust,John Radcliffe Hospital,Type 1,571,195,402,169,205,14.3,2,139,80,45,446
2546,24/05/2024,May,2,2024,North West,Liverpool University Hospitals NHS Foundation Trust,Royal Liverpool University Hospital,Type 1,330,110,263,67,200,10.4,12,139,268,52,10
2547,24/05/2024,May,2,2024,London,Guy's and St Thomas' NHS Foundation Trust,St Thomas' Hospital,Type 1,374,193,304,70,258,10.1,18,142,243,40,91
2548,24/05/2024,May,2,2024,Midlands,University Hospitals Birmingham NHS Foundation Trust,Queen Elizabeth Hospital Birmingham,Type 1,488,152,451,37,173,15.7,6,180,183,42,263
2549,24/05/2024,May,2,2024,Yorkshire and Humber,Leeds Teaching Hospitals NHS Trust,Leeds General Infirmary,Type 1,540,194,508,32,193,9.9,10,211,135,22,383
2550,24/05/2024,May,2,2024,South East,Oxford University Hospitals NHS Foundation Trust,John Radcliffe Hospital,Type 1,385,175,256,129,157,6.8,12,78,70,55,260
2551,25/05/2024,May,2,2024,North West,Liverpool University Hospitals NHS Foundation Trust,Royal Liverpool University Hospital,Type 1,388,55,277,111,102,14.7,16,171,113,22,253
2552,25/05/2024,May,2,2024,London,Guy's and St Thomas' NHS Foundation Trust,St Thomas' Hospital,Type 1,688,152,490,198,125,14.2,21,189,98,45,545
2553,25/05/2024,May,2,2024,Midlands,University Hospitals Birmingham NHS Foundation Trust,Queen Elizabeth Hospital Birmingham,Type 1,344,98,248,96,126,5.3,6,183,160,30,154
2554,25/05/2024,May,2,2024,Yorkshire and Humber,Leeds Teaching Hospitals NHS Trust,Leeds General Infirmary,Type 1,353,157,309,44,99,9.9,2,51,281,49,23
2555,25/05/2024,May,2,2024,South East,Oxford University Hospitals NHS Foundation Trust,John Radcliffe Hospital,Type 1,278,103,169,109,262,15.3,18,57,207,53,18
2556,26/05/2024,May,2,2024,North West,Liverpool University Hospitals NHS Foundation Trust,Royal Liverpool University Hospital,Type 1,695,170,438,257,201,7.8,8,190,242,36,417
2557,26/05/2024,May,2,2024,London,Guy's and St Thomas' NHS Foundation Trust,St Thomas' Hospital,Type 1,271,144,213,58,257,13.8,15,155,189,42,40
2558,26/05/2024,May,2,2024,Midlands,University Hospitals Birmingham NHS Foundation Trust,Queen Elizabeth Hospital Birmingham,Type 1,308,177,226,82,117,9.1,3,110,78,65,165
2559,26/05/2024,May,2,2024,Yorkshire and Humber,Leeds Teaching Hospitals NHS Trust,Leeds General Infirmary,Type 1,684,194,480,204,297,11,15,115,215,55,414
2560,26/05/2024,May,2,2024,South East,Oxford University Hospitals NHS Foundation Trust,John Radcliffe Hospital,Type 1,475,94,455,20,117,7.6,8,87,159,30,286
2561,27/05/2024,May,2,2024,North West,Liverpool University Hospitals NHS Foundation Trust,Royal Liverpool University Hospital,Type 1,488,62,398,90,214,12.3,5,64,180,44,264
2562,27/05/2024,May,2,2024,London,Guy's and St Thomas' NHS Foundation Trust,St Thomas' Hospital,Type 1,596,182,447,149,280,13.1,7,213,281,73,242
2563,27/05/2024,May,2,2024,Midlands,University Hospitals Birmingham NHS Foundation Trust,Queen Elizabeth Hospital Birmingham,Type 1,648,93,449,199,242,15,13,56,279,67,302
2564,27/05/2024,May,2,2024,Yorkshire and Humber,Leeds Teaching Hospitals NHS Trust,Leeds General Infirmary,Type 1,411,160,309,102,166,13.5,13,131,117,40,254
2565,27/05/2024,May,2,2024,South East,Oxford University Hospitals NHS Foundation Trust,John Radcliffe Hospital,Type 1,419,146,406,13,255,8.5,0,54,298,47,74
2566,28/05/2024,May,2,2024,North West,Liverpool University Hospitals NHS Foundation Trust,Royal Liverpool University Hospital,Type 1,405,136,270,135,183,12.1,21,64,85,77,243
2567,28/05/2024,May,2,2024,London,Guy's and St Thomas' NHS Foundation Trust,St Thomas' Hospital,Type 1,372,153,280,92,259,7.8,5,44,230,69,73
2568,28/05/2024,May,2,2024,Midlands,University Hospitals Birmingham NHS Foundation Trust,Queen Elizabeth Hospital Birmingham,Type 1,379,199,234,145,164,12.1,9,122,89,31,259
2569,28/05/2024,May,2,2024,Yorkshire and Humber,Leeds Teaching Hospitals NHS Trust,Leeds General Infirmary,Type 1,672,131,476,196,302,7,8,213,182,39,451
2570,28/05/2024,May,2,2024,South East,Oxford University Hospitals NHS Foundation Trust,John Radcliffe Hospital,Type 1,486,60,312,174,192,8.8,8,80,156,29,301
2571,29/05/2024,May,2,2024,North West,Liverpool University Hospitals NHS Foundation Trust,Royal Liverpool University Hospital,Type 1,316,78,189,127,123,12,25,180,292,55,31
2572,29/05/2024,May,2,2024,London,Guy's and St Thomas' NHS Foundation Trust,St Thomas' Hospital,Type 1,512,110,430,82,231,15.8,13,148,178,26,308
2573,29/05/2024,May,2,2024,Midlands,University Hospitals Birmingham NHS Foundation Trust,Queen Elizabeth Hospital Birmingham,Type 1,678,127,449,229,312,15.3,23,64,164,15,499
2574,29/05/2024,May,2,2024,Yorkshire and Humber,Leeds Teaching Hospitals NHS Trust,Leeds General Infirmary,Type 1,259,97,168,91,279,8.4,18,145,267,29,37
2575,29/05/2024,May,2,2024,South East,Oxford University Hospitals NHS Foundation Trust,John Radcliffe Hospital,Type 1,569,93,495,74,132,6.6,12,92,146,49,374
2576,30/05/2024,May,2,2024,North West,Liverpool University Hospitals NHS Foundation Trust,Royal Liverpool University Hospital,Type 1,481,133,341,140,288,13.2,3,119,187,56,238
2577,30/05/2024,May,2,2024,London,Guy's and St Thomas' NHS Foundation Trust,St Thomas' Hospital,Type 1,340,115,291,49,218,9.4,24,73,114,45,181
2578,30/05/2024,May,2,2024,Midlands,University Hospitals Birmingham NHS Foundation Trust,Queen Elizabeth Hospital Birmingham,Type 1,466,95,360,106,306,7.2,15,104,97,62,307
2579,30/05/2024,May,2,2024,Yorkshire and Humber,Leeds Teaching Hospitals NHS Trust,Leeds General Infirmary,Type 1,647,176,471,176,142,4.5,0,53,157,19,471
2580,30/05/2024,May,2,2024,South East,Oxford University Hospitals NHS Foundation Trust,John Radcliffe Hospital,Type 1,397,151,353,44,263,7.4,19,115,296,71,30
2581,31/05/2024,May,2,2024,North West,Liverpool University Hospitals NHS Foundation Trust,Royal Liverpool University Hospital,Type 1,489,80,379,110,248,9.4,25,68,230,28,231
2582,31/05/2024,May,2,2024,London,Guy's and St Thomas' NHS Foundation Trust,St Thomas' Hospital,Type 1,586,182,451,135,101,4.7,5,93,163,37,386
2583,31/05/2024,May,2,2024,Midlands,University Hospitals Birmingham NHS Foundation Trust,Queen Elizabeth Hospital Birmingham,Type 1,309,127,273,36,247,14.7,20,151,189,54,66
2584,31/05/2024,May,2,2024,Yorkshire and Humber,Leeds Teaching Hospitals NHS Trust,Leeds General Infirmary,Type 1,660,120,576,84,271,10.2,2,132,202,37,421
2585,31/05/2024,May,2,2024,South East,Oxford University Hospitals NHS Foundation Trust,John Radcliffe Hospital,Type 1,555,53,500,55,218,4.2,20,49,261,17,277
2586,01/06/2024,June,2,2024,North West,Liverpool University Hospitals NHS Foundation Trust,Royal Liverpool University Hospital,Type 1,289,62,268,21,168,9.7,8,167,279,80,70
2587,01/06/2024,June,2,2024,London,Guy's and St Thomas' NHS Foundation Trust,St Thomas' Hospital,Type 1,269,76,232,37,309,10,2,143,118,38,113
2588,01/06/2024,June,2,2024,Midlands,University Hospitals Birmingham NHS Foundation Trust,Queen Elizabeth Hospital Birmingham,Type 1,334,130,203,131,320,7.9,9,103,234,64,36
2589,01/06/2024,June,2,2024,Yorkshire and Humber,Leeds Teaching Hospitals NHS Trust,Leeds General Infirmary,Type 1,281,197,206,75,95,8.6,20,215,187,51,43
2590,01/06/2024,June,2,2024,South East,Oxford University Hospitals NHS Foundation Trust,John Radcliffe Hospital,Type 1,572,141,559,13,205,10.3,0,92,76,25,471
2591,02/06/2024,June,2,2024,North West,Liverpool University Hospitals NHS Foundation Trust,Royal Liverpool University Hospital,Type 1,280,126,252,28,184,9.7,1,81,231,24,25
2592,02/06/2024,June,2,2024,London,Guy's and St Thomas' NHS Foundation Trust,St Thomas' Hospital,Type 1,599,140,464,135,275,4.6,18,87,226,33,340
2593,02/06/2024,June,2,2024,Midlands,University Hospitals Birmingham NHS Foundation Trust,Queen Elizabeth Hospital Birmingham,Type 1,433,114,414,19,290,7.8,25,147,149,50,234
2594,02/06/2024,June,2,2024,Yorkshire and Humber,Leeds Teaching Hospitals NHS Trust,Leeds General Infirmary,Type 1,289,56,274,15,174,8.6,14,52,101,75,113
2595,02/06/2024,June,2,2024,South East,Oxford University Hospitals NHS Foundation Trust,John Radcliffe Hospital,Type 1,443,195,382,61,259,13.3,12,106,169,21,253
2596,03/06/2024,June,2,2024,North West,Liverpool University Hospitals NHS Foundation Trust,Royal Liverpool University Hospital,Type 1,419,198,406,13,304,14.5,11,184,188,67,164
2597,03/06/2024,June,2,2024,London,Guy's and St Thomas' NHS Foundation Trust,St Thomas' Hospital,Type 1,609,82,422,187,132,10.5,22,40,83,68,458
2598,03/06/2024,June,2,2024,Midlands,University Hospitals Birmingham NHS Foundation Trust,Queen Elizabeth Hospital Birmingham,Type 1,291,144,282,9,122,4.9,17,81,108,50,133
2599,03/06/2024,June,2,2024,Yorkshire and Humber,Leeds Teaching Hospitals NHS Trust,Leeds General Infirmary,Type 1,473,168,354,119,299,11.3,7,119,64,75,334
2600,03/06/2024,June,2,2024,South East,Oxford University Hospitals NHS Foundation Trust,John Radcliffe Hospital,Type 1,644,119,492,152,282,9.8,25,66,95,44,505
2601,04/06/2024,June,2,2024,North West,Liverpool University Hospitals NHS Foundation Trust,Royal Liverpool University Hospital,Type 1,415,164,285,130,288,8,5,134,287,25,103
2602,04/06/2024,June,2,2024,London,Guy's and St Thomas' NHS Foundation Trust,St Thomas' Hospital,Type 1,274,112,239,35,265,6.6,1,140,185,66,23
2603,04/06/2024,June,2,2024,Midlands,University Hospitals Birmingham NHS Foundation Trust,Queen Elizabeth Hospital Birmingham,Type 1,346,105,329,17,269,4.7,3,58,215,24,107
2604,04/06/2024,June,2,2024,Yorkshire and Humber,Leeds Teaching Hospitals NHS Trust,Leeds General Infirmary,Type 1,624,163,567,57,111,10.5,24,89,298,46,280
2605,04/06/2024,June,2,2024,South East,Oxford University Hospitals NHS Foundation Trust,John Radcliffe Hospital,Type 1,277,106,176,101,100,4.2,9,53,271,38,32
2606,05/06/2024,June,2,2024,North West,Liverpool University Hospitals NHS Foundation Trust,Royal Liverpool University Hospital,Type 1,358,125,254,104,143,5,14,118,97,31,230
2607,05/06/2024,June,2,2024,London,Guy's and St Thomas' NHS Foundation Trust,St Thomas' Hospital,Type 1,566,194,351,215,169,13.9,17,77,54,60,452
2608,05/06/2024,June,2,2024,Midlands,University Hospitals Birmingham NHS Foundation Trust,Queen Elizabeth Hospital Birmingham,Type 1,257,110,155,102,210,8.1,14,92,153,22,82
2609,05/06/2024,June,2,2024,Yorkshire and Humber,Leeds Teaching Hospitals NHS Trust,Leeds General Infirmary,Type 1,339,148,228,111,299,12.4,19,106,92,46,201
2610,05/06/2024,June,2,2024,South East,Oxford University Hospitals NHS Foundation Trust,John Radcliffe Hospital,Type 1,419,198,376,43,207,7,8,120,233,52,134
2611,06/06/2024,June,2,2024,North West,Liverpool University Hospitals NHS Foundation Trust,Royal Liverpool University Hospital,Type 1,399,146,396,3,123,9.5,12,212,228,23,148
2612,06/06/2024,June,2,2024,London,Guy's and St Thomas' NHS Foundation Trust,St Thomas' Hospital,Type 1,590,126,495,95,295,15.4,2,158,163,69,358
2613,06/06/2024,June,2,2024,Midlands,University Hospitals Birmingham NHS Foundation Trust,Queen Elizabeth Hospital Birmingham,Type 1,615,54,443,172,144,5.3,16,199,133,54,428
2614,06/06/2024,June,2,2024,Yorkshire and Humber,Leeds Teaching Hospitals NHS Trust,Leeds General Infirmary,Type 1,443,95,313,130,162,4.4,24,173,162,19,262
2615,06/06/2024,June,2,2024,South East,Oxford University Hospitals NHS Foundation Trust,John Radcliffe Hospital,Type 1,671,152,475,196,104,8.4,18,62,68,31,572
2616,07/06/2024,June,2,2024,North West,Liverpool University Hospitals NHS Foundation Trust,Royal Liverpool University Hospital,Type 1,693,143,445,248,318,8.2,13,66,298,23,372
2617,07/06/2024,June,2,2024,London,Guy's and St Thomas' NHS Foundation Trust,St Thomas' Hospital,Type 1,626,78,525,101,97,7.7,8,47,112,46,468
2618,07/06/2024,June,2,2024,Midlands,University Hospitals Birmingham NHS Foundation Trust,Queen Elizabeth Hospital Birmingham,Type 1,516,157,491,25,274,6.6,6,195,205,54,257
2619,07/06/2024,June,2,2024,Yorkshire and Humber,Leeds Teaching Hospitals NHS Trust,Leeds General Infirmary,Type 1,669,100,402,267,199,4.9,21,108,93,55,521
2620,07/06/2024,June,2,2024,South East,Oxford University Hospitals NHS Foundation Trust,John Radcliffe Hospital,Type 1,269,98,190,79,279,6.2,22,131,276,11,18
2621,08/06/2024,June,2,2024,North West,Liverpool University Hospitals NHS Foundation Trust,Royal Liverpool University Hospital,Type 1,566,196,431,135,218,10,22,50,231,69,266
2622,08/06/2024,June,2,2024,London,Guy's and St Thomas' NHS Foundation Trust,St Thomas' Hospital,Type 1,352,95,317,35,103,8.6,2,152,179,56,117
2623,08/06/2024,June,2,2024,Midlands,University Hospitals Birmingham NHS Foundation Trust,Queen Elizabeth Hospital Birmingham,Type 1,394,190,389,5,239,12.9,24,151,69,27,298
2624,08/06/2024,June,2,2024,Yorkshire and Humber,Leeds Teaching Hospitals NHS Trust,Leeds General Infirmary,Type 1,269,108,212,57,274,14.1,6,124,156,43,70
2625,08/06/2024,June,2,2024,South East,Oxford University Hospitals NHS Foundation Trust,John Radcliffe Hospital,Type 1,423,194,318,105,140,11,6,202,76,56,291
2626,09/06/2024,June,2,2024,North West,Liverpool University Hospitals NHS Foundation Trust,Royal Liverpool University Hospital,Type 1,518,148,342,176,150,4,10,119,178,52,288
2627,09/06/2024,June,2,2024,London,Guy's and St Thomas' NHS Foundation Trust,St Thomas' Hospital,Type 1,455,55,446,9,114,12.7,5,122,282,27,146
2628,09/06/2024,June,2,2024,Midlands,University Hospitals Birmingham NHS Foundation Trust,Queen Elizabeth Hospital Birmingham,Type 1,448,85,437,11,196,13.7,9,180,229,43,176
2629,09/06/2024,June,2,2024,Yorkshire and Humber,Leeds Teaching Hospitals NHS Trust,Leeds General Infirmary,Type 1,564,94,494,70,135,14.4,14,126,77,51,436
2630,09/06/2024,June,2,2024,South East,Oxford University Hospitals NHS Foundation Trust,John Radcliffe Hospital,Type 1,492,121,311,181,225,10.7,13,190,70,78,344
2631,10/06/2024,June,2,2024,North West,Liverpool University Hospitals NHS Foundation Trust,Royal Liverpool University Hospital,Type 1,596,55,512,84,228,14.7,24,121,136,62,398
2632,10/06/2024,June,2,2024,London,Guy's and St Thomas' NHS Foundation Trust,St Thomas' Hospital,Type 1,671,198,521,150,119,15.6,11,83,204,28,439
2633,10/06/2024,June,2,2024,Midlands,University Hospitals Birmingham NHS Foundation Trust,Queen Elizabeth Hospital Birmingham,Type 1,377,109,366,11,307,4.2,13,199,66,44,267
2634,10/06/2024,June,2,2024,Yorkshire and Humber,Leeds Teaching Hospitals NHS Trust,Leeds General Infirmary,Type 1,264,81,223,41,168,7.1,2,137,153,28,83
2635,10/06/2024,June,2,2024,South East,Oxford University Hospitals NHS Foundation Trust,John Radcliffe Hospital,Type 1,424,99,390,34,314,9.7,14,181,230,43,151
2636,11/06/2024,June,2,2024,North West,Liverpool University Hospitals NHS Foundation Trust,Royal Liverpool University Hospital,Type 1,529,144,382,147,212,7.6,1,76,206,76,247
2637,11/06/2024,June,2,2024,London,Guy's and St Thomas' NHS Foundation Trust,St Thomas' Hospital,Type 1,603,91,558,45,253,12.7,21,162,116,50,437
2638,11/06/2024,June,2,2024,Midlands,University Hospitals Birmingham NHS Foundation Trust,Queen Elizabeth Hospital Birmingham,Type 1,403,144,365,38,223,4.5,7,150,118,42,243
2639,11/06/2024,June,2,2024,Yorkshire and Humber,Leeds Teaching Hospitals NHS Trust,Leeds General Infirmary,Type 1,573,158,571,2,95,11.8,4,151,159,17,397
2640,11/06/2024,June,2,2024,South East,Oxford University Hospitals NHS Foundation Trust,John Radcliffe Hospital,Type 1,253,87,226,27,306,4.8,23,49,97,19,137
2641,12/06/2024,June,2,2024,North West,Liverpool University Hospitals NHS Foundation Trust,Royal Liverpool University Hospital,Type 1,593,131,587,6,315,8.4,16,149,256,26,311
2642,12/06/2024,June,2,2024,London,Guy's and St Thomas' NHS Foundation Trust,St Thomas' Hospital,Type 1,363,139,260,103,193,7,20,162,166,77,120
2643,12/06/2024,June,2,2024,Midlands,University Hospitals Birmingham NHS Foundation Trust,Queen Elizabeth Hospital Birmingham,Type 1,252,174,174,78,106,6,17,73,119,13,120
2644,12/06/2024,June,2,2024,Yorkshire and Humber,Leeds Teaching Hospitals NHS Trust,Leeds General Infirmary,Type 1,594,109,388,206,164,4.5,14,169,101,65,428
2645,12/06/2024,June,2,2024,South East,Oxford University Hospitals NHS Foundation Trust,John Radcliffe Hospital,Type 1,490,110,374,116,100,6.6,19,157,100,14,376
2646,13/06/2024,June,2,2024,North West,Liverpool University Hospitals NHS Foundation Trust,Royal Liverpool University Hospital,Type 1,592,86,559,33,207,8.4,8,56,121,40,431
2647,13/06/2024,June,2,2024,London,Guy's and St Thomas' NHS Foundation Trust,St Thomas' Hospital,Type 1,482,179,477,5,204,4.3,11,195,252,27,203
2648,13/06/2024,June,2,2024,Midlands,University Hospitals Birmingham NHS Foundation Trust,Queen Elizabeth Hospital Birmingham,Type 1,455,112,438,17,183,13.7,7,143,153,15,287
2649,13/06/2024,June,2,2024,Yorkshire and Humber,Leeds Teaching Hospitals NHS Trust,Leeds General Infirmary,Type 1,597,146,590,7,238,4.3,20,162,153,78,366
2650,13/06/2024,June,2,2024,South East,Oxford University Hospitals NHS Foundation Trust,John Radcliffe Hospital,Type 1,330,159,242,88,253,6.9,24,68,275,32,23
2651,14/06/2024,June,2,2024,North West,Liverpool University Hospitals NHS Foundation Trust,Royal Liverpool University Hospital,Type 1,475,53,362,113,124,10,24,112,100,49,326
2652,14/06/2024,June,2,2024,London,Guy's and St Thomas' NHS Foundation Trust,St Thomas' Hospital,Type 1,488,123,350,138,313,15.1,25,215,162,16,310
2653,14/06/2024,June,2,2024,Midlands,University Hospitals Birmingham NHS Foundation Trust,Queen Elizabeth Hospital Birmingham,Type 1,547,55,506,41,224,7.1,23,155,98,29,420
2654,14/06/2024,June,2,2024,Yorkshire and Humber,Leeds Teaching Hospitals NHS Trust,Leeds General Infirmary,Type 1,664,107,468,196,105,15.8,15,65,100,29,535
2655,14/06/2024,June,2,2024,South East,Oxford University Hospitals NHS Foundation Trust,John Radcliffe Hospital,Type 1,264,158,243,21,252,4.1,15,99,128,30,106
2656,15/06/2024,June,2,2024,North West,Liverpool University Hospitals NHS Foundation Trust,Royal Liverpool University Hospital,Type 1,257,67,158,99,316,7.8,25,78,225,70,38
2657,15/06/2024,June,2,2024,London,Guy's and St Thomas' NHS Foundation Trust,St Thomas' Hospital,Type 1,657,183,552,105,217,10.7,19,176,82,78,497
2658,15/06/2024,June,2,2024,Midlands,University Hospitals Birmingham NHS Foundation Trust,Queen Elizabeth Hospital Birmingham,Type 1,607,134,579,28,115,6,18,181,157,11,439
2659,15/06/2024,June,2,2024,Yorkshire and Humber,Leeds Teaching Hospitals NHS Trust,Leeds General Infirmary,Type 1,507,158,343,164,232,8.4,1,190,295,52,160
2660,15/06/2024,June,2,2024,South East,Oxford University Hospitals NHS Foundation Trust,John Radcliffe Hospital,Type 1,404,165,319,85,250,14.7,14,192,223,48,133
2661,16/06/2024,June,2,2024,North West,Liverpool University Hospitals NHS Foundation Trust,Royal Liverpool University Hospital,Type 1,563,192,418,145,198,14.3,18,51,172,11,380
2662,16/06/2024,June,2,2024,London,Guy's and St Thomas' NHS Foundation Trust,St Thomas' Hospital,Type 1,531,117,433,98,276,6.6,23,146,91,48,392
2663,16/06/2024,June,2,2024,Midlands,University Hospitals Birmingham NHS Foundation Trust,Queen Elizabeth Hospital Birmingham,Type 1,371,119,278,93,151,9.3,23,154,50,71,250
2664,16/06/2024,June,2,2024,Yorkshire and Humber,Leeds Teaching Hospitals NHS Trust,Leeds General Infirmary,Type 1,675,175,510,165,165,12.9,1,65,248,27,400
2665,16/06/2024,June,2,2024,South East,Oxford University Hospitals NHS Foundation Trust,John Radcliffe Hospital,Type 1,581,69,401,180,287,4,22,119,152,75,354
2666,17/06/2024,June,2,2024,North West,Liverpool University Hospitals NHS Foundation Trust,Royal Liverpool University Hospital,Type 1,671,55,662,9,207,6.4,25,165,232,28,411
2667,17/06/2024,June,2,2024,London,Guy's and St Thomas' NHS Foundation Trust,St Thomas' Hospital,Type 1,592,140,543,49,93,10.5,24,171,100,30,462
2668,17/06/2024,June,2,2024,Midlands,University Hospitals Birmingham NHS Foundation Trust,Queen Elizabeth Hospital Birmingham,Type 1,574,171,442,132,320,9.7,23,168,141,53,380
2669,17/06/2024,June,2,2024,Yorkshire and Humber,Leeds Teaching Hospitals NHS Trust,Leeds General Infirmary,Type 1,513,64,369,144,209,4.7,7,83,69,74,370
2670,17/06/2024,June,2,2024,South East,Oxford University Hospitals NHS Foundation Trust,John Radcliffe Hospital,Type 1,617,78,423,194,116,14.8,22,50,289,65,263
2671,18/06/2024,June,2,2024,North West,Liverpool University Hospitals NHS Foundation Trust,Royal Liverpool University Hospital,Type 1,655,188,617,38,100,11.5,17,204,89,58,508
2672,18/06/2024,June,2,2024,London,Guy's and St Thomas' NHS Foundation Trust,St Thomas' Hospital,Type 1,675,82,577,98,90,10.1,25,98,54,17,604
2673,18/06/2024,June,2,2024,Midlands,University Hospitals Birmingham NHS Foundation Trust,Queen Elizabeth Hospital Birmingham,Type 1,473,69,340,133,115,12.6,25,175,99,14,360
2674,18/06/2024,June,2,2024,Yorkshire and Humber,Leeds Teaching Hospitals NHS Trust,Leeds General Infirmary,Type 1,559,174,461,98,213,8,19,64,104,41,414
2675,18/06/2024,June,2,2024,South East,Oxford University Hospitals NHS Foundation Trust,John Radcliffe Hospital,Type 1,436,76,364,72,271,15,18,85,193,28,215
2676,19/06/2024,June,2,2024,North West,Liverpool University Hospitals NHS Foundation Trust,Royal Liverpool University Hospital,Type 1,384,68,304,80,256,14.3,8,55,57,60,267
2677,19/06/2024,June,2,2024,London,Guy's and St Thomas' NHS Foundation Trust,St Thomas' Hospital,Type 1,510,128,338,172,114,6.2,18,43,165,74,271
2678,19/06/2024,June,2,2024,Midlands,University Hospitals Birmingham NHS Foundation Trust,Queen Elizabeth Hospital Birmingham,Type 1,529,160,439,90,138,11.7,17,95,293,72,164
2679,19/06/2024,June,2,2024,Yorkshire and Humber,Leeds Teaching Hospitals NHS Trust,Leeds General Infirmary,Type 1,482,50,465,17,252,12.8,3,137,133,77,272
2680,19/06/2024,June,2,2024,South East,Oxford University Hospitals NHS Foundation Trust,John Radcliffe Hospital,Type 1,599,172,589,10,154,10,15,153,181,53,365
2681,20/06/2024,June,2,2024,North West,Liverpool University Hospitals NHS Foundation Trust,Royal Liverpool University Hospital,Type 1,686,73,512,174,182,11.5,16,105,52,54,580
2682,20/06/2024,June,2,2024,London,Guy's and St Thomas' NHS Foundation Trust,St Thomas' Hospital,Type 1,526,110,365,161,286,6.4,24,149,211,58,257
2683,20/06/2024,June,2,2024,Midlands,University Hospitals Birmingham NHS Foundation Trust,Queen Elizabeth Hospital Birmingham,Type 1,621,61,566,55,175,11.6,7,65,232,45,344
2684,20/06/2024,June,2,2024,Yorkshire and Humber,Leeds Teaching Hospitals NHS Trust,Leeds General Infirmary,Type 1,389,100,352,37,94,6,21,220,172,29,188
2685,20/06/2024,June,2,2024,South East,Oxford University Hospitals NHS Foundation Trust,John Radcliffe Hospital,Type 1,303,127,252,51,271,10.2,21,51,237,12,54
2686,21/06/2024,June,2,2024,North West,Liverpool University Hospitals NHS Foundation Trust,Royal Liverpool University Hospital,Type 1,429,130,331,98,313,6.5,3,45,169,60,200
2687,21/06/2024,June,2,2024,London,Guy's and St Thomas' NHS Foundation Trust,St Thomas' Hospital,Type 1,550,188,479,71,293,7.9,3,159,291,30,229
2688,21/06/2024,June,2,2024,Midlands,University Hospitals Birmingham NHS Foundation Trust,Queen Elizabeth Hospital Birmingham,Type 1,312,138,249,63,205,10.9,5,92,65,47,200
2689,21/06/2024,June,2,2024,Yorkshire and Humber,Leeds Teaching Hospitals NHS Trust,Leeds General Infirmary,Type 1,444,173,320,124,252,6.9,22,166,89,46,309
2690,21/06/2024,June,2,2024,South East,Oxford University Hospitals NHS Foundation Trust,John Radcliffe Hospital,Type 1,263,56,208,55,207,15.8,19,114,132,56,75
2691,22/06/2024,June,2,2024,North West,Liverpool University Hospitals NHS Foundation Trust,Royal Liverpool University Hospital,Type 1,343,52,283,60,188,7,6,73,201,31,111
2692,22/06/2024,June,2,2024,London,Guy's and St Thomas' NHS Foundation Trust,St Thomas' Hospital,Type 1,579,193,544,35,183,10.2,25,59,212,40,327
2693,22/06/2024,June,2,2024,Midlands,University Hospitals Birmingham NHS Foundation Trust,Queen Elizabeth Hospital Birmingham,Type 1,434,170,269,165,172,10.9,22,124,182,49,203
2694,22/06/2024,June,2,2024,Yorkshire and Humber,Leeds Teaching Hospitals NHS Trust,Leeds General Infirmary,Type 1,700,80,598,102,194,7.5,25,158,279,29,392
2695,22/06/2024,June,2,2024,South East,Oxford University Hospitals NHS Foundation Trust,John Radcliffe Hospital,Type 1,522,151,438,84,293,8.3,21,167,176,18,328
2696,23/06/2024,June,2,2024,North West,Liverpool University Hospitals NHS Foundation Trust,Royal Liverpool University Hospital,Type 1,473,140,338,135,125,9.8,5,208,91,13,369
2697,23/06/2024,June,2,2024,London,Guy's and St Thomas' NHS Foundation Trust,St Thomas' Hospital,Type 1,507,173,442,65,101,5.6,24,94,69,11,427
2698,23/06/2024,June,2,2024,Midlands,University Hospitals Birmingham NHS Foundation Trust,Queen Elizabeth Hospital Birmingham,Type 1,559,177,391,168,134,8.1,6,154,289,46,224
2699,23/06/2024,June,2,2024,Yorkshire and Humber,Leeds Teaching Hospitals NHS Trust,Leeds General Infirmary,Type 1,430,58,420,10,114,9.1,19,112,104,27,299
2700,23/06/2024,June,2,2024,South East,Oxford University Hospitals NHS Foundation Trust,John Radcliffe Hospital,Type 1,598,79,386,212,178,7.6,10,124,300,55,243
2701,24/06/2024,June,2,2024,North West,Liverpool University Hospitals NHS Foundation Trust,Royal Liverpool University Hospital,Type 1,474,85,390,84,200,10,21,97,86,60,328
2702,24/06/2024,June,2,2024,London,Guy's and St Thomas' NHS Foundation Trust,St Thomas' Hospital,Type 1,417,157,275,142,248,14,10,97,192,27,198
2703,24/06/2024,June,2,2024,Midlands,University Hospitals Birmingham NHS Foundation Trust,Queen Elizabeth Hospital Birmingham,Type 1,635,59,455,180,151,5.9,24,52,188,46,401
2704,24/06/2024,June,2,2024,Yorkshire and Humber,Leeds Teaching Hospitals NHS Trust,Leeds General Infirmary,Type 1,527,61,333,194,96,6.9,24,59,186,50,291
2705,24/06/2024,June,2,2024,South East,Oxford University Hospitals NHS Foundation Trust,John Radcliffe Hospital,Type 1,594,55,527,67,223,11.3,20,167,143,22,429
2706,25/06/2024,June,2,2024,North West,Liverpool University Hospitals NHS Foundation Trust,Royal Liverpool University Hospital,Type 1,522,88,520,2,232,12.7,9,56,171,80,271
2707,25/06/2024,June,2,2024,London,Guy's and St Thomas' NHS Foundation Trust,St Thomas' Hospital,Type 1,286,192,260,26,197,10.8,5,145,206,59,21
2708,25/06/2024,June,2,2024,Midlands,University Hospitals Birmingham NHS Foundation Trust,Queen Elizabeth Hospital Birmingham,Type 1,638,189,637,1,236,12.5,4,211,262,38,338
2709,25/06/2024,June,2,2024,Yorkshire and Humber,Leeds Teaching Hospitals NHS Trust,Leeds General Infirmary,Type 1,614,169,579,35,188,8,10,95,95,54,465
2710,25/06/2024,June,2,2024,South East,Oxford University Hospitals NHS Foundation Trust,John Radcliffe Hospital,Type 1,343,157,300,43,282,8.6,17,85,292,73,22
2711,26/06/2024,June,2,2024,North West,Liverpool University Hospitals NHS Foundation Trust,Royal Liverpool University Hospital,Type 1,568,61,514,54,123,8.1,6,204,253,27,288
2712,26/06/2024,June,2,2024,London,Guy's and St Thomas' NHS Foundation Trust,St Thomas' Hospital,Type 1,333,92,297,36,247,11.6,25,84,244,48,41
2713,26/06/2024,June,2,2024,Midlands,University Hospitals Birmingham NHS Foundation Trust,Queen Elizabeth Hospital Birmingham,Type 1,266,151,217,49,186,10.4,12,214,72,18,176
2714,26/06/2024,June,2,2024,Yorkshire and Humber,Leeds Teaching Hospitals NHS Trust,Leeds General Infirmary,Type 1,518,71,438,80,190,7.5,11,58,118,44,356
2715,26/06/2024,June,2,2024,South East,Oxford University Hospitals NHS Foundation Trust,John Radcliffe Hospital,Type 1,688,53,603,85,125,13.9,2,157,151,22,515
2716,27/06/2024,June,2,2024,North West,Liverpool University Hospitals NHS Foundation Trust,Royal Liverpool University Hospital,Type 1,316,173,216,100,158,7.7,5,98,116,29,171
2717,27/06/2024,June,2,2024,London,Guy's and St Thomas' NHS Foundation Trust,St Thomas' Hospital,Type 1,368,117,242,126,130,12.8,17,83,221,28,119
2718,27/06/2024,June,2,2024,Midlands,University Hospitals Birmingham NHS Foundation Trust,Queen Elizabeth Hospital Birmingham,Type 1,580,143,579,1,311,12.5,22,204,90,40,450
2719,27/06/2024,June,2,2024,Yorkshire and Humber,Leeds Teaching Hospitals NHS Trust,Leeds General Infirmary,Type 1,678,64,433,245,282,4.4,14,120,177,23,478
2720,27/06/2024,June,2,2024,South East,Oxford University Hospitals NHS Foundation Trust,John Radcliffe Hospital,Type 1,482,135,305,177,157,15,11,169,138,37,307
2721,28/06/2024,June,2,2024,North West,Liverpool University Hospitals NHS Foundation Trust,Royal Liverpool University Hospital,Type 1,471,112,364,107,261,14.3,1,103,113,42,316
2722,28/06/2024,June,2,2024,London,Guy's and St Thomas' NHS Foundation Trust,St Thomas' Hospital,Type 1,616,198,502,114,118,7.2,24,215,245,20,351
2723,28/06/2024,June,2,2024,Midlands,University Hospitals Birmingham NHS Foundation Trust,Queen Elizabeth Hospital Birmingham,Type 1,397,117,329,68,289,10.3,7,138,64,36,297
2724,28/06/2024,June,2,2024,Yorkshire and Humber,Leeds Teaching Hospitals NHS Trust,Leeds General Infirmary,Type 1,647,160,644,3,256,6.3,7,137,241,37,369
2725,28/06/2024,June,2,2024,South East,Oxford University Hospitals NHS Foundation Trust,John Radcliffe Hospital,Type 1,582,194,367,215,240,7.6,14,176,153,65,364
2726,29/06/2024,June,2,2024,North West,Liverpool University Hospitals NHS Foundation Trust,Royal Liverpool University Hospital,Type 1,433,155,294,139,256,15.5,18,57,251,50,132
2727,29/06/2024,June,2,2024,London,Guy's and St Thomas' NHS Foundation Trust,St Thomas' Hospital,Type 1,509,117,350,159,140,7.1,12,162,208,54,247
2728,29/06/2024,June,2,2024,Midlands,University Hospitals Birmingham NHS Foundation Trust,Queen Elizabeth Hospital Birmingham,Type 1,476,60,356,120,130,4.7,11,88,264,12,200
2729,29/06/2024,June,2,2024,Yorkshire and Humber,Leeds Teaching Hospitals NHS Trust,Leeds General Infirmary,Type 1,651,110,521,130,241,10.6,16,144,122,57,472
2730,29/06/2024,June,2,2024,South East,Oxford University Hospitals NHS Foundation Trust,John Radcliffe Hospital,Type 1,413,197,292,121,157,5.6,25,81,283,29,101
2731,30/06/2024,June,2,2024,North West,Liverpool University Hospitals NHS Foundation Trust,Royal Liverpool University Hospital,Type 1,456,81,306,150,320,11.9,19,83,95,40,321
2732,30/06/2024,June,2,2024,London,Guy's and St Thomas' NHS Foundation Trust,St Thomas' Hospital,Type 1,478,69,363,115,141,5.7,22,73,252,39,187
2733,30/06/2024,June,2,2024,Midlands,University Hospitals Birmingham NHS Foundation Trust,Queen Elizabeth Hospital Birmingham,Type 1,284,108,189,95,132,4.6,24,133,246,55,17
2734,30/06/2024,June,2,2024,Yorkshire and Humber,Leeds Teaching Hospitals NHS Trust,Leeds General Infirmary,Type 1,685,65,567,118,94,7.7,7,217,195,47,443
2735,30/06/2024,June,2,2024,South East,Oxford University Hospitals NHS Foundation Trust,John Radcliffe Hospital,Type 1,486,94,411,75,166,4.4,10,50,111,48,327
2736,01/07/2024,July,3,2024,North West,Liverpool University Hospitals NHS Foundation Trust,Royal Liverpool University Hospital,Type 1,678,198,536,142,209,16,13,136,175,46,457
2737,01/07/2024,July,3,2024,London,Guy's and St Thomas' NHS Foundation Trust,St Thomas' Hospital,Type 1,335,172,325,10,131,11.1,6,162,112,37,186
2738,01/07/2024,July,3,2024,Midlands,University Hospitals Birmingham NHS Foundation Trust,Queen Elizabeth Hospital Birmingham,Type 1,656,56,595,61,190,11.8,18,178,224,72,360
2739,01/07/2024,July,3,2024,Yorkshire and Humber,Leeds Teaching Hospitals NHS Trust,Leeds General Infirmary,Type 1,599,149,569,30,205,8.7,9,198,161,68,370
2740,01/07/2024,July,3,2024,South East,Oxford University Hospitals NHS Foundation Trust,John Radcliffe Hospital,Type 1,267,189,168,99,149,13.7,16,117,75,72,120
2741,02/07/2024,July,3,2024,North West,Liverpool University Hospitals NHS Foundation Trust,Royal Liverpool University Hospital,Type 1,304,94,269,35,248,6.3,17,218,114,41,149
2742,02/07/2024,July,3,2024,London,Guy's and St Thomas' NHS Foundation Trust,St Thomas' Hospital,Type 1,614,166,606,8,151,5.6,25,117,55,63,496
2743,02/07/2024,July,3,2024,Midlands,University Hospitals Birmingham NHS Foundation Trust,Queen Elizabeth Hospital Birmingham,Type 1,609,79,527,82,113,10.1,0,201,160,57,392
2744,02/07/2024,July,3,2024,Yorkshire and Humber,Leeds Teaching Hospitals NHS Trust,Leeds General Infirmary,Type 1,359,156,315,44,121,9.4,3,149,196,38,125
2745,02/07/2024,July,3,2024,South East,Oxford University Hospitals NHS Foundation Trust,John Radcliffe Hospital,Type 1,650,78,538,112,129,9.4,8,97,146,17,487
2746,03/07/2024,July,3,2024,North West,Liverpool University Hospitals NHS Foundation Trust,Royal Liverpool University Hospital,Type 1,307,153,204,103,181,7.7,25,82,205,49,53
2747,03/07/2024,July,3,2024,London,Guy's and St Thomas' NHS Foundation Trust,St Thomas' Hospital,Type 1,550,157,445,105,126,12.6,22,89,65,13,472
2748,03/07/2024,July,3,2024,Midlands,University Hospitals Birmingham NHS Foundation Trust,Queen Elizabeth Hospital Birmingham,Type 1,439,154,334,105,243,9.8,12,100,126,74,239
2749,03/07/2024,July,3,2024,Yorkshire and Humber,Leeds Teaching Hospitals NHS Trust,Leeds General Infirmary,Type 1,678,76,674,4,307,15.9,3,117,158,71,449
2750,03/07/2024,July,3,2024,South East,Oxford University Hospitals NHS Foundation Trust,John Radcliffe Hospital,Type 1,575,116,428,147,245,14.3,10,179,288,19,268
2751,04/07/2024,July,3,2024,North West,Liverpool University Hospitals NHS Foundation Trust,Royal Liverpool University Hospital,Type 1,316,123,313,3,239,14.4,6,91,129,46,141
2752,04/07/2024,July,3,2024,London,Guy's and St Thomas' NHS Foundation Trust,St Thomas' Hospital,Type 1,273,133,180,93,272,14.9,15,85,148,62,63
2753,04/07/2024,July,3,2024,Midlands,University Hospitals Birmingham NHS Foundation Trust,Queen Elizabeth Hospital Birmingham,Type 1,556,50,431,125,228,8.7,0,194,126,62,368
2754,04/07/2024,July,3,2024,Yorkshire and Humber,Leeds Teaching Hospitals NHS Trust,Leeds General Infirmary,Type 1,444,77,380,64,108,7.6,15,65,277,50,117
2755,04/07/2024,July,3,2024,South East,Oxford University Hospitals NHS Foundation Trust,John Radcliffe Hospital,Type 1,661,55,419,242,202,12.8,16,51,226,55,380
2756,05/07/2024,July,3,2024,North West,Liverpool University Hospitals NHS Foundation Trust,Royal Liverpool University Hospital,Type 1,440,85,300,140,266,8.2,17,216,141,75,224
2757,05/07/2024,July,3,2024,London,Guy's and St Thomas' NHS Foundation Trust,St Thomas' Hospital,Type 1,484,77,373,111,168,4.6,21,107,153,30,301
2758,05/07/2024,July,3,2024,Midlands,University Hospitals Birmingham NHS Foundation Trust,Queen Elizabeth Hospital Birmingham,Type 1,565,64,451,114,94,13.8,21,103,55,38,472
2759,05/07/2024,July,3,2024,Yorkshire and Humber,Leeds Teaching Hospitals NHS Trust,Leeds General Infirmary,Type 1,585,132,396,189,249,9.2,17,124,254,23,308
2760,05/07/2024,July,3,2024,South East,Oxford University Hospitals NHS Foundation Trust,John Radcliffe Hospital,Type 1,265,112,228,37,117,4.7,24,180,160,11,94
2761,06/07/2024,July,3,2024,North West,Liverpool University Hospitals NHS Foundation Trust,Royal Liverpool University Hospital,Type 1,397,144,349,48,215,5.7,2,100,229,53,115
2762,06/07/2024,July,3,2024,London,Guy's and St Thomas' NHS Foundation Trust,St Thomas' Hospital,Type 1,335,125,224,111,287,10.7,6,186,188,39,108
2763,06/07/2024,July,3,2024,Midlands,University Hospitals Birmingham NHS Foundation Trust,Queen Elizabeth Hospital Birmingham,Type 1,417,119,269,148,110,8.4,4,213,50,24,343
2764,06/07/2024,July,3,2024,Yorkshire and Humber,Leeds Teaching Hospitals NHS Trust,Leeds General Infirmary,Type 1,273,115,257,16,305,5.1,13,47,284,71,82
2765,06/07/2024,July,3,2024,South East,Oxford University Hospitals NHS Foundation Trust,John Radcliffe Hospital,Type 1,600,177,483,117,129,15.5,10,104,279,30,291
2766,07/07/2024,July,3,2024,North West,Liverpool University Hospitals NHS Foundation Trust,Royal Liverpool University Hospital,Type 1,473,65,390,83,113,7.4,5,67,286,22,165
2767,07/07/2024,July,3,2024,London,Guy's and St Thomas' NHS Foundation Trust,St Thomas' Hospital,Type 1,263,100,187,76,103,6,9,63,81,63,119
2768,07/07/2024,July,3,2024,Midlands,University Hospitals Birmingham NHS Foundation Trust,Queen Elizabeth Hospital Birmingham,Type 1,287,89,240,47,177,10.8,9,185,264,51,28
2769,07/07/2024,July,3,2024,Yorkshire and Humber,Leeds Teaching Hospitals NHS Trust,Leeds General Infirmary,Type 1,286,65,269,17,122,12.9,3,198,187,31,68
2770,07/07/2024,July,3,2024,South East,Oxford University Hospitals NHS Foundation Trust,John Radcliffe Hospital,Type 1,363,85,305,58,226,12.5,15,126,205,45,113
2771,08/07/2024,July,3,2024,North West,Liverpool University Hospitals NHS Foundation Trust,Royal Liverpool University Hospital,Type 1,605,105,542,63,177,14.8,0,195,93,17,495
2772,08/07/2024,July,3,2024,London,Guy's and St Thomas' NHS Foundation Trust,St Thomas' Hospital,Type 1,681,61,635,46,94,8.1,5,118,211,67,403
2773,08/07/2024,July,3,2024,Midlands,University Hospitals Birmingham NHS Foundation Trust,Queen Elizabeth Hospital Birmingham,Type 1,684,73,556,128,228,11.5,2,85,93,15,576
2774,08/07/2024,July,3,2024,Yorkshire and Humber,Leeds Teaching Hospitals NHS Trust,Leeds General Infirmary,Type 1,687,148,516,171,160,15.4,19,123,103,41,543
2775,08/07/2024,July,3,2024,South East,Oxford University Hospitals NHS Foundation Trust,John Radcliffe Hospital,Type 1,331,66,255,76,204,5.8,2,134,144,66,121
2776,09/07/2024,July,3,2024,North West,Liverpool University Hospitals NHS Foundation Trust,Royal Liverpool University Hospital,Type 1,308,195,294,14,197,9.6,15,215,270,37,1
2777,09/07/2024,July,3,2024,London,Guy's and St Thomas' NHS Foundation Trust,St Thomas' Hospital,Type 1,320,167,197,123,305,13.5,7,161,293,18,9
2778,09/07/2024,July,3,2024,Midlands,University Hospitals Birmingham NHS Foundation Trust,Queen Elizabeth Hospital Birmingham,Type 1,517,91,360,157,263,9,7,112,103,68,346
2779,09/07/2024,July,3,2024,Yorkshire and Humber,Leeds Teaching Hospitals NHS Trust,Leeds General Infirmary,Type 1,435,191,419,16,93,15.1,23,197,193,57,185
2780,09/07/2024,July,3,2024,South East,Oxford University Hospitals NHS Foundation Trust,John Radcliffe Hospital,Type 1,314,158,196,118,113,6.3,25,164,124,74,116
2781,10/07/2024,July,3,2024,North West,Liverpool University Hospitals NHS Foundation Trust,Royal Liverpool University Hospital,Type 1,540,89,411,129,91,12.5,3,193,162,64,314
2782,10/07/2024,July,3,2024,London,Guy's and St Thomas' NHS Foundation Trust,St Thomas' Hospital,Type 1,641,133,391,250,90,11.1,4,147,296,50,295
2783,10/07/2024,July,3,2024,Midlands,University Hospitals Birmingham NHS Foundation Trust,Queen Elizabeth Hospital Birmingham,Type 1,369,155,268,101,285,7.9,1,48,109,53,207
2784,10/07/2024,July,3,2024,Yorkshire and Humber,Leeds Teaching Hospitals NHS Trust,Leeds General Infirmary,Type 1,525,114,327,198,140,5.6,3,167,50,12,463
2785,10/07/2024,July,3,2024,South East,Oxford University Hospitals NHS Foundation Trust,John Radcliffe Hospital,Type 1,505,188,452,53,185,12.6,12,111,264,25,216
2786,11/07/2024,July,3,2024,North West,Liverpool University Hospitals NHS Foundation Trust,Royal Liverpool University Hospital,Type 1,697,161,459,238,296,4.4,13,127,143,15,539
2787,11/07/2024,July,3,2024,London,Guy's and St Thomas' NHS Foundation Trust,St Thomas' Hospital,Type 1,572,87,549,23,209,10.7,14,214,174,42,356
2788,11/07/2024,July,3,2024,Midlands,University Hospitals Birmingham NHS Foundation Trust,Queen Elizabeth Hospital Birmingham,Type 1,369,159,297,72,273,5.8,19,128,113,60,196
2789,11/07/2024,July,3,2024,Yorkshire and Humber,Leeds Teaching Hospitals NHS Trust,Leeds General Infirmary,Type 1,363,96,291,72,247,4.8,6,155,126,36,201
2790,11/07/2024,July,3,2024,South East,Oxford University Hospitals NHS Foundation Trust,John Radcliffe Hospital,Type 1,690,84,630,60,165,4.6,15,204,71,29,590
2791,12/07/2024,July,3,2024,North West,Liverpool University Hospitals NHS Foundation Trust,Royal Liverpool University Hospital,Type 1,456,80,449,7,150,11.2,9,132,211,45,200
2792,12/07/2024,July,3,2024,London,Guy's and St Thomas' NHS Foundation Trust,St Thomas' Hospital,Type 1,406,150,379,27,131,10.2,11,201,187,49,170
2793,12/07/2024,July,3,2024,Midlands,University Hospitals Birmingham NHS Foundation Trust,Queen Elizabeth Hospital Birmingham,Type 1,601,144,429,172,290,14.6,12,130,238,31,332
2794,12/07/2024,July,3,2024,Yorkshire and Humber,Leeds Teaching Hospitals NHS Trust,Leeds General Infirmary,Type 1,339,77,240,99,237,13.2,15,173,174,29,136
2795,12/07/2024,July,3,2024,South East,Oxford University Hospitals NHS Foundation Trust,John Radcliffe Hospital,Type 1,460,109,341,119,238,6.9,6,87,72,39,349
2796,13/07/2024,July,3,2024,North West,Liverpool University Hospitals NHS Foundation Trust,Royal Liverpool University Hospital,Type 1,382,59,355,27,138,5.5,5,102,201,50,131
2797,13/07/2024,July,3,2024,London,Guy's and St Thomas' NHS Foundation Trust,St Thomas' Hospital,Type 1,626,68,501,125,202,9.1,25,151,234,68,324
2798,13/07/2024,July,3,2024,Midlands,University Hospitals Birmingham NHS Foundation Trust,Queen Elizabeth Hospital Birmingham,Type 1,697,107,652,45,154,7.6,21,127,233,62,402
2799,13/07/2024,July,3,2024,Yorkshire and Humber,Leeds Teaching Hospitals NHS Trust,Leeds General Infirmary,Type 1,628,66,399,229,184,8.5,21,128,143,50,435
2800,13/07/2024,July,3,2024,South East,Oxford University Hospitals NHS Foundation Trust,John Radcliffe Hospital,Type 1,488,68,336,152,297,14.7,1,85,252,64,172
2801,14/07/2024,July,3,2024,North West,Liverpool University Hospitals NHS Foundation Trust,Royal Liverpool University Hospital,Type 1,438,92,429,9,202,15.9,20,200,189,31,218
2802,14/07/2024,July,3,2024,London,Guy's and St Thomas' NHS Foundation Trust,St Thomas' Hospital,Type 1,443,160,273,170,262,6.5,21,158,186,49,208
2803,14/07/2024,July,3,2024,Midlands,University Hospitals Birmingham NHS Foundation Trust,Queen Elizabeth Hospital Birmingham,Type 1,469,194,298,171,219,12.4,14,86,215,57,197
2804,14/07/2024,July,3,2024,Yorkshire and Humber,Leeds Teaching Hospitals NHS Trust,Leeds General Infirmary,Type 1,491,166,442,49,100,8.9,11,99,207,23,261
2805,14/07/2024,July,3,2024,South East,Oxford University Hospitals NHS Foundation Trust,John Radcliffe Hospital,Type 1,270,100,251,19,179,10.7,23,113,88,45,137
2806,15/07/2024,July,3,2024,North West,Liverpool University Hospitals NHS Foundation Trust,Royal Liverpool University Hospital,Type 1,677,164,473,204,231,4.6,20,112,148,52,477
2807,15/07/2024,July,3,2024,London,Guy's and St Thomas' NHS Foundation Trust,St Thomas' Hospital,Type 1,581,69,552,29,289,4.7,4,173,300,77,204
2808,15/07/2024,July,3,2024,Midlands,University Hospitals Birmingham NHS Foundation Trust,Queen Elizabeth Hospital Birmingham,Type 1,697,140,671,26,110,13.1,18,65,160,63,474
2809,15/07/2024,July,3,2024,Yorkshire and Humber,Leeds Teaching Hospitals NHS Trust,Leeds General Infirmary,Type 1,510,81,435,75,95,11.1,1,127,146,19,345
2810,15/07/2024,July,3,2024,South East,Oxford University Hospitals NHS Foundation Trust,John Radcliffe Hospital,Type 1,456,157,319,137,212,12.5,17,71,245,64,147
2811,16/07/2024,July,3,2024,North West,Liverpool University Hospitals NHS Foundation Trust,Royal Liverpool University Hospital,Type 1,673,92,574,99,150,6.5,10,146,181,51,441
2812,16/07/2024,July,3,2024,London,Guy's and St Thomas' NHS Foundation Trust,St Thomas' Hospital,Type 1,658,133,425,233,313,6,21,176,157,76,425
2813,16/07/2024,July,3,2024,Midlands,University Hospitals Birmingham NHS Foundation Trust,Queen Elizabeth Hospital Birmingham,Type 1,462,92,396,66,240,7.9,6,72,290,38,134
2814,16/07/2024,July,3,2024,Yorkshire and Humber,Leeds Teaching Hospitals NHS Trust,Leeds General Infirmary,Type 1,348,152,314,34,229,11.7,25,187,143,75,130
2815,16/07/2024,July,3,2024,South East,Oxford University Hospitals NHS Foundation Trust,John Radcliffe Hospital,Type 1,423,53,286,137,255,14.7,25,106,259,20,144
2816,17/07/2024,July,3,2024,North West,Liverpool University Hospitals NHS Foundation Trust,Royal Liverpool University Hospital,Type 1,634,184,534,100,249,6.2,9,113,146,67,421
2817,17/07/2024,July,3,2024,London,Guy's and St Thomas' NHS Foundation Trust,St Thomas' Hospital,Type 1,571,183,457,114,207,9.3,21,148,251,66,254
2818,17/07/2024,July,3,2024,Midlands,University Hospitals Birmingham NHS Foundation Trust,Queen Elizabeth Hospital Birmingham,Type 1,400,156,248,152,252,13,4,46,201,78,121
2819,17/07/2024,July,3,2024,Yorkshire and Humber,Leeds Teaching Hospitals NHS Trust,Leeds General Infirmary,Type 1,427,118,331,96,111,16,9,139,215,28,184
2820,17/07/2024,July,3,2024,South East,Oxford University Hospitals NHS Foundation Trust,John Radcliffe Hospital,Type 1,660,86,476,184,294,12,21,89,280,44,336
2821,18/07/2024,July,3,2024,North West,Liverpool University Hospitals NHS Foundation Trust,Royal Liverpool University Hospital,Type 1,468,113,408,60,228,5.8,22,119,58,68,342
2822,18/07/2024,July,3,2024,London,Guy's and St Thomas' NHS Foundation Trust,St Thomas' Hospital,Type 1,618,153,606,12,117,13.2,11,47,171,50,397
2823,18/07/2024,July,3,2024,Midlands,University Hospitals Birmingham NHS Foundation Trust,Queen Elizabeth Hospital Birmingham,Type 1,630,116,590,40,153,7.8,13,57,180,44,406
2824,18/07/2024,July,3,2024,Yorkshire and Humber,Leeds Teaching Hospitals NHS Trust,Leeds General Infirmary,Type 1,650,161,465,185,208,4.3,10,146,147,23,480
2825,18/07/2024,July,3,2024,South East,Oxford University Hospitals NHS Foundation Trust,John Radcliffe Hospital,Type 1,323,140,287,36,144,7.9,15,69,214,35,74
2826,19/07/2024,July,3,2024,North West,Liverpool University Hospitals NHS Foundation Trust,Royal Liverpool University Hospital,Type 1,600,182,388,212,319,9.2,5,86,178,27,395
2827,19/07/2024,July,3,2024,London,Guy's and St Thomas' NHS Foundation Trust,St Thomas' Hospital,Type 1,512,123,390,122,182,13.6,21,40,72,22,418
2828,19/07/2024,July,3,2024,Midlands,University Hospitals Birmingham NHS Foundation Trust,Queen Elizabeth Hospital Birmingham,Type 1,280,91,208,72,98,8.2,23,68,100,11,169
2829,19/07/2024,July,3,2024,Yorkshire and Humber,Leeds Teaching Hospitals NHS Trust,Leeds General Infirmary,Type 1,352,55,296,56,216,8.7,4,141,243,75,34
2830,19/07/2024,July,3,2024,South East,Oxford University Hospitals NHS Foundation Trust,John Radcliffe Hospital,Type 1,457,200,351,106,125,10.4,17,78,197,20,240
2831,20/07/2024,July,3,2024,North West,Liverpool University Hospitals NHS Foundation Trust,Royal Liverpool University Hospital,Type 1,635,83,423,212,126,6.2,14,176,174,68,393
2832,20/07/2024,July,3,2024,London,Guy's and St Thomas' NHS Foundation Trust,St Thomas' Hospital,Type 1,551,186,354,197,251,6.5,5,187,185,11,355
2833,20/07/2024,July,3,2024,Midlands,University Hospitals Birmingham NHS Foundation Trust,Queen Elizabeth Hospital Birmingham,Type 1,383,148,267,116,218,5.7,25,185,144,47,192
2834,20/07/2024,July,3,2024,Yorkshire and Humber,Leeds Teaching Hospitals NHS Trust,Leeds General Infirmary,Type 1,609,141,482,127,125,10.7,7,203,266,10,333
2835,20/07/2024,July,3,2024,South East,Oxford University Hospitals NHS Foundation Trust,John Radcliffe Hospital,Type 1,621,198,436,185,269,7,20,112,90,75,456
2836,21/07/2024,July,3,2024,North West,Liverpool University Hospitals NHS Foundation Trust,Royal Liverpool University Hospital,Type 1,633,104,402,231,203,6.6,4,84,189,39,405
2837,21/07/2024,July,3,2024,London,Guy's and St Thomas' NHS Foundation Trust,St Thomas' Hospital,Type 1,426,118,368,58,175,12.4,15,45,74,22,330
2838,21/07/2024,July,3,2024,Midlands,University Hospitals Birmingham NHS Foundation Trust,Queen Elizabeth Hospital Birmingham,Type 1,562,125,377,185,233,15.8,12,69,278,15,269
2839,21/07/2024,July,3,2024,Yorkshire and Humber,Leeds Teaching Hospitals NHS Trust,Leeds General Infirmary,Type 1,496,50,308,188,119,10.1,16,198,287,36,173
2840,21/07/2024,July,3,2024,South East,Oxford University Hospitals NHS Foundation Trust,John Radcliffe Hospital,Type 1,427,145,316,111,176,11.8,7,77,203,30,194
2841,22/07/2024,July,3,2024,North West,Liverpool University Hospitals NHS Foundation Trust,Royal Liverpool University Hospital,Type 1,684,88,570,114,169,14,18,117,104,57,523
2842,22/07/2024,July,3,2024,London,Guy's and St Thomas' NHS Foundation Trust,St Thomas' Hospital,Type 1,425,78,390,35,256,10,18,201,96,39,290
2843,22/07/2024,July,3,2024,Midlands,University Hospitals Birmingham NHS Foundation Trust,Queen Elizabeth Hospital Birmingham,Type 1,389,92,351,38,198,6.1,17,138,74,25,290
2844,22/07/2024,July,3,2024,Yorkshire and Humber,Leeds Teaching Hospitals NHS Trust,Leeds General Infirmary,Type 1,645,127,538,107,250,5.2,16,206,123,79,443
2845,22/07/2024,July,3,2024,South East,Oxford University Hospitals NHS Foundation Trust,John Radcliffe Hospital,Type 1,561,166,422,139,196,7.3,11,165,279,47,235
2846,23/07/2024,July,3,2024,North West,Liverpool University Hospitals NHS Foundation Trust,Royal Liverpool University Hospital,Type 1,311,118,195,116,289,12.3,23,164,116,62,133
2847,23/07/2024,July,3,2024,London,Guy's and St Thomas' NHS Foundation Trust,St Thomas' Hospital,Type 1,376,64,274,102,122,5.1,15,216,213,59,104
2848,23/07/2024,July,3,2024,Midlands,University Hospitals Birmingham NHS Foundation Trust,Queen Elizabeth Hospital Birmingham,Type 1,391,179,277,114,304,4.7,17,139,54,77,260
2849,23/07/2024,July,3,2024,Yorkshire and Humber,Leeds Teaching Hospitals NHS Trust,Leeds General Infirmary,Type 1,635,119,439,196,167,4.6,8,179,294,37,304
2850,23/07/2024,July,3,2024,South East,Oxford University Hospitals NHS Foundation Trust,John Radcliffe Hospital,Type 1,403,66,317,86,264,14.2,12,219,164,75,164
2851,24/07/2024,July,3,2024,North West,Liverpool University Hospitals NHS Foundation Trust,Royal Liverpool University Hospital,Type 1,447,199,429,18,113,6.4,24,177,167,20,260
2852,24/07/2024,July,3,2024,London,Guy's and St Thomas' NHS Foundation Trust,St Thomas' Hospital,Type 1,531,192,360,171,277,14.3,5,117,183,53,295
2853,24/07/2024,July,3,2024,Midlands,University Hospitals Birmingham NHS Foundation Trust,Queen Elizabeth Hospital Birmingham,Type 1,378,151,349,29,229,4.1,24,196,143,50,185
2854,24/07/2024,July,3,2024,Yorkshire and Humber,Leeds Teaching Hospitals NHS Trust,Leeds General Infirmary,Type 1,255,106,160,95,212,5.3,10,68,136,36,83
2855,24/07/2024,July,3,2024,South East,Oxford University Hospitals NHS Foundation Trust,John Radcliffe Hospital,Type 1,695,177,475,220,113,8.5,8,158,113,78,504
2856,25/07/2024,July,3,2024,North West,Liverpool University Hospitals NHS Foundation Trust,Royal Liverpool University Hospital,Type 1,542,160,454,88,211,7.1,3,215,282,10,250
2857,25/07/2024,July,3,2024,London,Guy's and St Thomas' NHS Foundation Trust,St Thomas' Hospital,Type 1,579,61,465,114,298,5.5,17,99,238,52,289
2858,25/07/2024,July,3,2024,Midlands,University Hospitals Birmingham NHS Foundation Trust,Queen Elizabeth Hospital Birmingham,Type 1,629,128,488,141,150,10,9,217,249,17,363
2859,25/07/2024,July,3,2024,Yorkshire and Humber,Leeds Teaching Hospitals NHS Trust,Leeds General Infirmary,Type 1,470,177,439,31,232,4.8,19,180,165,12,293
2860,25/07/2024,July,3,2024,South East,Oxford University Hospitals NHS Foundation Trust,John Radcliffe Hospital,Type 1,687,194,632,55,130,4.4,24,176,79,22,586
2861,26/07/2024,July,3,2024,North West,Liverpool University Hospitals NHS Foundation Trust,Royal Liverpool University Hospital,Type 1,667,133,534,133,277,12.6,12,161,180,45,442
2862,26/07/2024,July,3,2024,London,Guy's and St Thomas' NHS Foundation Trust,St Thomas' Hospital,Type 1,283,146,229,54,266,14.2,24,70,211,30,42
2863,26/07/2024,July,3,2024,Midlands,University Hospitals Birmingham NHS Foundation Trust,Queen Elizabeth Hospital Birmingham,Type 1,360,110,313,47,92,8.7,22,188,163,65,132
2864,26/07/2024,July,3,2024,Yorkshire and Humber,Leeds Teaching Hospitals NHS Trust,Leeds General Infirmary,Type 1,272,188,235,37,196,7.3,1,113,217,76,21
2865,26/07/2024,July,3,2024,South East,Oxford University Hospitals NHS Foundation Trust,John Radcliffe Hospital,Type 1,477,177,409,68,179,13.3,6,212,129,64,284
2866,27/07/2024,July,3,2024,North West,Liverpool University Hospitals NHS Foundation Trust,Royal Liverpool University Hospital,Type 1,392,72,385,7,271,15,6,136,253,36,103
2867,27/07/2024,July,3,2024,London,Guy's and St Thomas' NHS Foundation Trust,St Thomas' Hospital,Type 1,318,83,269,49,185,12.2,17,184,132,73,113
2868,27/07/2024,July,3,2024,Midlands,University Hospitals Birmingham NHS Foundation Trust,Queen Elizabeth Hospital Birmingham,Type 1,540,144,433,107,155,12.8,4,127,222,64,254
2869,27/07/2024,July,3,2024,Yorkshire and Humber,Leeds Teaching Hospitals NHS Trust,Leeds General Infirmary,Type 1,448,151,348,100,244,7,16,194,213,76,159
2870,27/07/2024,July,3,2024,South East,Oxford University Hospitals NHS Foundation Trust,John Radcliffe Hospital,Type 1,416,138,384,32,102,5.9,3,51,283,76,57
2871,28/07/2024,July,3,2024,North West,Liverpool University Hospitals NHS Foundation Trust,Royal Liverpool University Hospital,Type 1,690,155,579,111,125,13.5,18,208,112,17,561
2872,28/07/2024,July,3,2024,London,Guy's and St Thomas' NHS Foundation Trust,St Thomas' Hospital,Type 1,298,165,269,29,217,15.8,21,156,124,70,104
2873,28/07/2024,July,3,2024,Midlands,University Hospitals Birmingham NHS Foundation Trust,Queen Elizabeth Hospital Birmingham,Type 1,540,174,525,15,287,7.3,8,217,254,51,235
2874,28/07/2024,July,3,2024,Yorkshire and Humber,Leeds Teaching Hospitals NHS Trust,Leeds General Infirmary,Type 1,426,61,390,36,127,4.1,2,218,132,20,274
2875,28/07/2024,July,3,2024,South East,Oxford University Hospitals NHS Foundation Trust,John Radcliffe Hospital,Type 1,532,94,482,50,244,7.4,9,92,180,72,280
2876,29/07/2024,July,3,2024,North West,Liverpool University Hospitals NHS Foundation Trust,Royal Liverpool University Hospital,Type 1,632,144,406,226,246,6,15,163,259,72,301
2877,29/07/2024,July,3,2024,London,Guy's and St Thomas' NHS Foundation Trust,St Thomas' Hospital,Type 1,458,132,395,63,305,6.4,16,160,125,10,323
2878,29/07/2024,July,3,2024,Midlands,University Hospitals Birmingham NHS Foundation Trust,Queen Elizabeth Hospital Birmingham,Type 1,436,164,420,16,275,11.5,0,183,262,23,151
2879,29/07/2024,July,3,2024,Yorkshire and Humber,Leeds Teaching Hospitals NHS Trust,Leeds General Infirmary,Type 1,422,158,389,33,204,6,21,62,241,60,121
2880,29/07/2024,July,3,2024,South East,Oxford University Hospitals NHS Foundation Trust,John Radcliffe Hospital,Type 1,469,50,409,60,152,10.9,19,78,116,69,284
2881,30/07/2024,July,3,2024,North West,Liverpool University Hospitals NHS Foundation Trust,Royal Liverpool University Hospital,Type 1,608,189,555,53,93,10.6,5,50,96,79,433
2882,30/07/2024,July,3,2024,London,Guy's and St Thomas' NHS Foundation Trust,St Thomas' Hospital,Type 1,325,128,224,101,91,15.8,3,216,67,34,224
2883,30/07/2024,July,3,2024,Midlands,University Hospitals Birmingham NHS Foundation Trust,Queen Elizabeth Hospital Birmingham,Type 1,655,95,513,142,122,8.5,0,107,103,57,495
2884,30/07/2024,July,3,2024,Yorkshire and Humber,Leeds Teaching Hospitals NHS Trust,Leeds General Infirmary,Type 1,484,113,451,33,225,11.7,12,78,288,10,186
2885,30/07/2024,July,3,2024,South East,Oxford University Hospitals NHS Foundation Trust,John Radcliffe Hospital,Type 1,581,184,437,144,279,9.6,11,57,238,60,283
2886,31/07/2024,July,3,2024,North West,Liverpool University Hospitals NHS Foundation Trust,Royal Liverpool University Hospital,Type 1,425,109,262,163,212,15.1,4,77,117,15,293
2887,31/07/2024,July,3,2024,London,Guy's and St Thomas' NHS Foundation Trust,St Thomas' Hospital,Type 1,408,61,286,122,107,11,14,86,126,40,242
2888,31/07/2024,July,3,2024,Midlands,University Hospitals Birmingham NHS Foundation Trust,Queen Elizabeth Hospital Birmingham,Type 1,440,105,287,153,212,6.9,6,121,276,46,118
2889,31/07/2024,July,3,2024,Yorkshire and Humber,Leeds Teaching Hospitals NHS Trust,Leeds General Infirmary,Type 1,598,93,557,41,290,11,0,200,140,12,446
2890,31/07/2024,July,3,2024,South East,Oxford University Hospitals NHS Foundation Trust,John Radcliffe Hospital,Type 1,345,67,265,80,210,8.6,5,95,206,59,80
2891,01/08/2024,August,3,2024,North West,Liverpool University Hospitals NHS Foundation Trust,Royal Liverpool University Hospital,Type 1,312,84,251,61,109,7.4,20,153,106,38,168
2892,01/08/2024,August,3,2024,London,Guy's and St Thomas' NHS Foundation Trust,St Thomas' Hospital,Type 1,307,124,203,104,142,13.1,0,99,268,67,28
2893,01/08/2024,August,3,2024,Midlands,University Hospitals Birmingham NHS Foundation Trust,Queen Elizabeth Hospital Birmingham,Type 1,507,81,491,16,129,4.3,23,202,233,40,234
2894,01/08/2024,August,3,2024,Yorkshire and Humber,Leeds Teaching Hospitals NHS Trust,Leeds General Infirmary,Type 1,503,128,311,192,311,4.6,8,74,256,28,219
2895,01/08/2024,August,3,2024,South East,Oxford University Hospitals NHS Foundation Trust,John Radcliffe Hospital,Type 1,586,107,553,33,309,7,9,220,290,75,221
2896,02/08/2024,August,3,2024,North West,Liverpool University Hospitals NHS Foundation Trust,Royal Liverpool University Hospital,Type 1,311,194,198,113,188,6.6,3,140,117,49,145
2897,02/08/2024,August,3,2024,London,Guy's and St Thomas' NHS Foundation Trust,St Thomas' Hospital,Type 1,583,130,535,48,239,5.9,16,49,155,33,395
2898,02/08/2024,August,3,2024,Midlands,University Hospitals Birmingham NHS Foundation Trust,Queen Elizabeth Hospital Birmingham,Type 1,344,187,337,7,302,14.6,9,163,106,34,204
2899,02/08/2024,August,3,2024,Yorkshire and Humber,Leeds Teaching Hospitals NHS Trust,Leeds General Infirmary,Type 1,660,147,642,18,107,12,2,79,142,64,454
2900,02/08/2024,August,3,2024,South East,Oxford University Hospitals NHS Foundation Trust,John Radcliffe Hospital,Type 1,449,97,277,172,264,12.1,6,169,147,65,237
2901,03/08/2024,August,3,2024,North West,Liverpool University Hospitals NHS Foundation Trust,Royal Liverpool University Hospital,Type 1,427,105,332,95,200,10.7,10,93,158,71,198
2902,03/08/2024,August,3,2024,London,Guy's and St Thomas' NHS Foundation Trust,St Thomas' Hospital,Type 1,285,104,203,82,263,5.5,10,120,117,14,154
2903,03/08/2024,August,3,2024,Midlands,University Hospitals Birmingham NHS Foundation Trust,Queen Elizabeth Hospital Birmingham,Type 1,304,169,192,112,233,7.8,15,176,283,39,18
2904,03/08/2024,August,3,2024,Yorkshire and Humber,Leeds Teaching Hospitals NHS Trust,Leeds General Infirmary,Type 1,318,178,232,86,263,6.7,15,202,99,67,152
2905,03/08/2024,August,3,2024,South East,Oxford University Hospitals NHS Foundation Trust,John Radcliffe Hospital,Type 1,560,171,472,88,230,16,15,137,88,67,405
2906,04/08/2024,August,3,2024,North West,Liverpool University Hospitals NHS Foundation Trust,Royal Liverpool University Hospital,Type 1,432,176,421,11,209,12.5,25,82,65,22,345
2907,04/08/2024,August,3,2024,London,Guy's and St Thomas' NHS Foundation Trust,St Thomas' Hospital,Type 1,666,51,558,108,263,13.1,1,140,122,75,469
2908,04/08/2024,August,3,2024,Midlands,University Hospitals Birmingham NHS Foundation Trust,Queen Elizabeth Hospital Birmingham,Type 1,482,176,390,92,234,14.4,2,46,86,21,375
2909,04/08/2024,August,3,2024,Yorkshire and Humber,Leeds Teaching Hospitals NHS Trust,Leeds General Infirmary,Type 1,342,168,239,103,246,5.6,19,54,281,78,17
2910,04/08/2024,August,3,2024,South East,Oxford University Hospitals NHS Foundation Trust,John Radcliffe Hospital,Type 1,540,67,529,11,157,5.1,17,76,78,10,452
2911,05/08/2024,August,3,2024,North West,Liverpool University Hospitals NHS Foundation Trust,Royal Liverpool University Hospital,Type 1,290,173,227,63,314,15.3,9,131,113,43,134
2912,05/08/2024,August,3,2024,London,Guy's and St Thomas' NHS Foundation Trust,St Thomas' Hospital,Type 1,521,88,404,117,197,9.9,10,116,183,64,274
2913,05/08/2024,August,3,2024,Midlands,University Hospitals Birmingham NHS Foundation Trust,Queen Elizabeth Hospital Birmingham,Type 1,518,110,319,199,201,9.9,10,219,232,13,273
2914,05/08/2024,August,3,2024,Yorkshire and Humber,Leeds Teaching Hospitals NHS Trust,Leeds General Infirmary,Type 1,485,154,469,16,159,6.2,8,176,286,58,141
2915,05/08/2024,August,3,2024,South East,Oxford University Hospitals NHS Foundation Trust,John Radcliffe Hospital,Type 1,683,171,569,114,223,14.4,5,199,86,10,587
2916,06/08/2024,August,3,2024,North West,Liverpool University Hospitals NHS Foundation Trust,Royal Liverpool University Hospital,Type 1,334,55,324,10,259,9.1,11,220,193,80,61
2917,06/08/2024,August,3,2024,London,Guy's and St Thomas' NHS Foundation Trust,St Thomas' Hospital,Type 1,288,84,243,45,247,12.2,3,69,107,21,160
2918,06/08/2024,August,3,2024,Midlands,University Hospitals Birmingham NHS Foundation Trust,Queen Elizabeth Hospital Birmingham,Type 1,581,96,408,173,176,14.7,21,101,251,25,305
2919,06/08/2024,August,3,2024,Yorkshire and Humber,Leeds Teaching Hospitals NHS Trust,Leeds General Infirmary,Type 1,580,142,379,201,164,10.3,8,56,138,62,380
2920,06/08/2024,August,3,2024,South East,Oxford University Hospitals NHS Foundation Trust,John Radcliffe Hospital,Type 1,583,139,467,116,278,7.1,3,115,124,33,426
2921,07/08/2024,August,3,2024,North West,Liverpool University Hospitals NHS Foundation Trust,Royal Liverpool University Hospital,Type 1,596,150,474,122,300,8.5,6,71,168,74,354
2922,07/08/2024,August,3,2024,London,Guy's and St Thomas' NHS Foundation Trust,St Thomas' Hospital,Type 1,641,160,511,130,109,10.3,3,52,153,55,433
2923,07/08/2024,August,3,2024,Midlands,University Hospitals Birmingham NHS Foundation Trust,Queen Elizabeth Hospital Birmingham,Type 1,334,92,242,92,92,15.2,7,89,243,23,68
2924,07/08/2024,August,3,2024,Yorkshire and Humber,Leeds Teaching Hospitals NHS Trust,Leeds General Infirmary,Type 1,636,89,603,33,192,12.3,20,186,272,19,345
2925,07/08/2024,August,3,2024,South East,Oxford University Hospitals NHS Foundation Trust,John Radcliffe Hospital,Type 1,461,57,439,22,171,5.7,18,66,196,16,249
2926,08/08/2024,August,3,2024,North West,Liverpool University Hospitals NHS Foundation Trust,Royal Liverpool University Hospital,Type 1,682,177,587,95,120,11,1,61,250,40,392
2927,08/08/2024,August,3,2024,London,Guy's and St Thomas' NHS Foundation Trust,St Thomas' Hospital,Type 1,358,117,282,76,158,8.1,15,116,227,76,55
2928,08/08/2024,August,3,2024,Midlands,University Hospitals Birmingham NHS Foundation Trust,Queen Elizabeth Hospital Birmingham,Type 1,552,152,523,29,124,13,18,201,206,60,286
2929,08/08/2024,August,3,2024,Yorkshire and Humber,Leeds Teaching Hospitals NHS Trust,Leeds General Infirmary,Type 1,346,161,230,116,270,5.7,9,57,80,65,201
2930,08/08/2024,August,3,2024,South East,Oxford University Hospitals NHS Foundation Trust,John Radcliffe Hospital,Type 1,512,64,401,111,113,11.8,13,152,272,49,191
2931,09/08/2024,August,3,2024,North West,Liverpool University Hospitals NHS Foundation Trust,Royal Liverpool University Hospital,Type 1,333,108,280,53,227,9.2,15,140,267,72,6
2932,09/08/2024,August,3,2024,London,Guy's and St Thomas' NHS Foundation Trust,St Thomas' Hospital,Type 1,668,174,570,98,271,12,2,200,147,48,473
2933,09/08/2024,August,3,2024,Midlands,University Hospitals Birmingham NHS Foundation Trust,Queen Elizabeth Hospital Birmingham,Type 1,305,115,289,16,181,15.2,3,118,69,40,196
2934,09/08/2024,August,3,2024,Yorkshire and Humber,Leeds Teaching Hospitals NHS Trust,Leeds General Infirmary,Type 1,571,118,540,31,277,6.2,12,140,202,69,300
2935,09/08/2024,August,3,2024,South East,Oxford University Hospitals NHS Foundation Trust,John Radcliffe Hospital,Type 1,328,161,274,54,242,8.8,22,162,178,11,139
2936,10/08/2024,August,3,2024,North West,Liverpool University Hospitals NHS Foundation Trust,Royal Liverpool University Hospital,Type 1,606,118,587,19,313,13.8,20,70,181,60,365
2937,10/08/2024,August,3,2024,London,Guy's and St Thomas' NHS Foundation Trust,St Thomas' Hospital,Type 1,484,91,350,134,296,5.5,17,46,74,43,367
2938,10/08/2024,August,3,2024,Midlands,University Hospitals Birmingham NHS Foundation Trust,Queen Elizabeth Hospital Birmingham,Type 1,425,168,388,37,250,12.6,10,215,52,45,328
2939,10/08/2024,August,3,2024,Yorkshire and Humber,Leeds Teaching Hospitals NHS Trust,Leeds General Infirmary,Type 1,645,136,389,256,270,9.7,8,191,122,11,512
2940,10/08/2024,August,3,2024,South East,Oxford University Hospitals NHS Foundation Trust,John Radcliffe Hospital,Type 1,697,119,684,13,239,15.9,21,74,56,24,617
2941,11/08/2024,August,3,2024,North West,Liverpool University Hospitals NHS Foundation Trust,Royal Liverpool University Hospital,Type 1,558,58,456,102,128,14.3,10,123,184,70,304
2942,11/08/2024,August,3,2024,London,Guy's and St Thomas' NHS Foundation Trust,St Thomas' Hospital,Type 1,583,77,516,67,175,6,25,41,76,59,448
2943,11/08/2024,August,3,2024,Midlands,University Hospitals Birmingham NHS Foundation Trust,Queen Elizabeth Hospital Birmingham,Type 1,536,125,403,133,132,13.1,13,191,199,73,264
2944,11/08/2024,August,3,2024,Yorkshire and Humber,Leeds Teaching Hospitals NHS Trust,Leeds General Infirmary,Type 1,370,88,288,82,162,6.7,1,47,77,74,219
2945,11/08/2024,August,3,2024,South East,Oxford University Hospitals NHS Foundation Trust,John Radcliffe Hospital,Type 1,577,103,494,83,177,13.2,19,41,152,34,391
2946,12/08/2024,August,3,2024,North West,Liverpool University Hospitals NHS Foundation Trust,Royal Liverpool University Hospital,Type 1,498,155,318,180,102,15.8,2,60,71,43,384
2947,12/08/2024,August,3,2024,London,Guy's and St Thomas' NHS Foundation Trust,St Thomas' Hospital,Type 1,695,101,481,214,174,13.5,3,63,292,14,389
2948,12/08/2024,August,3,2024,Midlands,University Hospitals Birmingham NHS Foundation Trust,Queen Elizabeth Hospital Birmingham,Type 1,307,188,200,107,170,12.1,23,72,244,40,23
2949,12/08/2024,August,3,2024,Yorkshire and Humber,Leeds Teaching Hospitals NHS Trust,Leeds General Infirmary,Type 1,355,106,342,13,143,14.8,23,65,179,31,145
2950,12/08/2024,August,3,2024,South East,Oxford University Hospitals NHS Foundation Trust,John Radcliffe Hospital,Type 1,379,115,308,71,291,6.8,13,160,253,23,103
2951,13/08/2024,August,3,2024,North West,Liverpool University Hospitals NHS Foundation Trust,Royal Liverpool University Hospital,Type 1,664,91,534,130,136,5.7,25,103,83,49,532
2952,13/08/2024,August,3,2024,London,Guy's and St Thomas' NHS Foundation Trust,St Thomas' Hospital,Type 1,387,96,302,85,186,6.1,8,198,120,54,213
2953,13/08/2024,August,3,2024,Midlands,University Hospitals Birmingham NHS Foundation Trust,Queen Elizabeth Hospital Birmingham,Type 1,606,81,474,132,132,9.5,7,206,132,60,414
2954,13/08/2024,August,3,2024,Yorkshire and Humber,Leeds Teaching Hospitals NHS Trust,Leeds General Infirmary,Type 1,590,118,586,4,303,10.6,2,174,58,10,522
2955,13/08/2024,August,3,2024,South East,Oxford University Hospitals NHS Foundation Trust,John Radcliffe Hospital,Type 1,431,115,277,154,130,8.5,7,159,247,44,140
2956,14/08/2024,August,3,2024,North West,Liverpool University Hospitals NHS Foundation Trust,Royal Liverpool University Hospital,Type 1,504,157,384,120,164,7,14,45,106,79,319
2957,14/08/2024,August,3,2024,London,Guy's and St Thomas' NHS Foundation Trust,St Thomas' Hospital,Type 1,651,160,629,22,181,4.6,10,194,81,70,500
2958,14/08/2024,August,3,2024,Midlands,University Hospitals Birmingham NHS Foundation Trust,Queen Elizabeth Hospital Birmingham,Type 1,547,59,494,53,190,4.7,2,173,291,37,219
2959,14/08/2024,August,3,2024,Yorkshire and Humber,Leeds Teaching Hospitals NHS Trust,Leeds General Infirmary,Type 1,443,85,329,114,252,5.7,16,161,169,44,230
2960,14/08/2024,August,3,2024,South East,Oxford University Hospitals NHS Foundation Trust,John Radcliffe Hospital,Type 1,631,145,576,55,158,4.8,21,113,139,79,413
2961,15/08/2024,August,3,2024,North West,Liverpool University Hospitals NHS Foundation Trust,Royal Liverpool University Hospital,Type 1,700,60,465,235,173,8.9,6,216,251,71,378
2962,15/08/2024,August,3,2024,London,Guy's and St Thomas' NHS Foundation Trust,St Thomas' Hospital,Type 1,398,148,265,133,172,6.2,9,66,81,56,261
2963,15/08/2024,August,3,2024,Midlands,University Hospitals Birmingham NHS Foundation Trust,Queen Elizabeth Hospital Birmingham,Type 1,257,142,232,25,134,7.7,16,139,260,78,81
2964,15/08/2024,August,3,2024,Yorkshire and Humber,Leeds Teaching Hospitals NHS Trust,Leeds General Infirmary,Type 1,320,132,314,6,131,9.2,20,88,80,70,170
2965,15/08/2024,August,3,2024,South East,Oxford University Hospitals NHS Foundation Trust,John Radcliffe Hospital,Type 1,571,52,461,110,195,9.7,10,62,227,66,278
2966,16/08/2024,August,3,2024,North West,Liverpool University Hospitals NHS Foundation Trust,Royal Liverpool University Hospital,Type 1,560,67,397,163,242,8.1,4,72,175,58,327
2967,16/08/2024,August,3,2024,London,Guy's and St Thomas' NHS Foundation Trust,St Thomas' Hospital,Type 1,501,93,387,114,151,5.9,12,211,216,16,269
2968,16/08/2024,August,3,2024,Midlands,University Hospitals Birmingham NHS Foundation Trust,Queen Elizabeth Hospital Birmingham,Type 1,394,174,277,117,270,15.5,16,65,255,80,59
2969,16/08/2024,August,3,2024,Yorkshire and Humber,Leeds Teaching Hospitals NHS Trust,Leeds General Infirmary,Type 1,700,125,485,215,227,4.2,5,161,109,18,573
2970,16/08/2024,August,3,2024,South East,Oxford University Hospitals NHS Foundation Trust,John Radcliffe Hospital,Type 1,409,60,306,103,223,9.2,22,76,266,26,117
2971,17/08/2024,August,3,2024,North West,Liverpool University Hospitals NHS Foundation Trust,Royal Liverpool University Hospital,Type 1,494,162,484,10,173,4,8,64,215,80,199
2972,17/08/2024,August,3,2024,London,Guy's and St Thomas' NHS Foundation Trust,St Thomas' Hospital,Type 1,550,116,346,204,266,5.8,12,149,118,35,397
2973,17/08/2024,August,3,2024,Midlands,University Hospitals Birmingham NHS Foundation Trust,Queen Elizabeth Hospital Birmingham,Type 1,682,119,590,92,277,9.3,5,218,72,41,569
2974,17/08/2024,August,3,2024,Yorkshire and Humber,Leeds Teaching Hospitals NHS Trust,Leeds General Infirmary,Type 1,514,60,427,87,154,12.9,23,148,260,32,222
2975,17/08/2024,August,3,2024,South East,Oxford University Hospitals NHS Foundation Trust,John Radcliffe Hospital,Type 1,404,199,300,104,211,9.3,11,121,277,35,92
2976,18/08/2024,August,3,2024,North West,Liverpool University Hospitals NHS Foundation Trust,Royal Liverpool University Hospital,Type 1,390,122,283,107,250,8.2,5,117,208,14,168
2977,18/08/2024,August,3,2024,London,Guy's and St Thomas' NHS Foundation Trust,St Thomas' Hospital,Type 1,378,93,296,82,198,13.2,1,79,141,17,220
2978,18/08/2024,August,3,2024,Midlands,University Hospitals Birmingham NHS Foundation Trust,Queen Elizabeth Hospital Birmingham,Type 1,532,176,379,153,182,5.1,23,63,192,41,299
2979,18/08/2024,August,3,2024,Yorkshire and Humber,Leeds Teaching Hospitals NHS Trust,Leeds General Infirmary,Type 1,565,135,348,217,299,4.6,21,91,51,51,463
2980,18/08/2024,August,3,2024,South East,Oxford University Hospitals NHS Foundation Trust,John Radcliffe Hospital,Type 1,642,179,604,38,315,8.2,5,210,194,63,385
2981,19/08/2024,August,3,2024,North West,Liverpool University Hospitals NHS Foundation Trust,Royal Liverpool University Hospital,Type 1,549,57,505,44,138,12.2,11,211,242,54,253
2982,19/08/2024,August,3,2024,London,Guy's and St Thomas' NHS Foundation Trust,St Thomas' Hospital,Type 1,304,179,261,43,249,8.9,3,123,183,70,51
2983,19/08/2024,August,3,2024,Midlands,University Hospitals Birmingham NHS Foundation Trust,Queen Elizabeth Hospital Birmingham,Type 1,426,194,373,53,286,5.7,18,140,212,31,183
2984,19/08/2024,August,3,2024,Yorkshire and Humber,Leeds Teaching Hospitals NHS Trust,Leeds General Infirmary,Type 1,647,60,393,254,299,12.5,5,194,292,54,301
2985,19/08/2024,August,3,2024,South East,Oxford University Hospitals NHS Foundation Trust,John Radcliffe Hospital,Type 1,548,148,511,37,100,12.1,0,83,120,42,386
2986,20/08/2024,August,3,2024,North West,Liverpool University Hospitals NHS Foundation Trust,Royal Liverpool University Hospital,Type 1,640,169,533,107,133,8.5,6,45,130,78,432
2987,20/08/2024,August,3,2024,London,Guy's and St Thomas' NHS Foundation Trust,St Thomas' Hospital,Type 1,664,156,584,80,114,10.6,18,159,129,50,485
2988,20/08/2024,August,3,2024,Midlands,University Hospitals Birmingham NHS Foundation Trust,Queen Elizabeth Hospital Birmingham,Type 1,438,58,340,98,137,14,15,100,292,45,101
2989,20/08/2024,August,3,2024,Yorkshire and Humber,Leeds Teaching Hospitals NHS Trust,Leeds General Infirmary,Type 1,305,84,270,35,168,11.5,18,209,268,76,39
2990,20/08/2024,August,3,2024,South East,Oxford University Hospitals NHS Foundation Trust,John Radcliffe Hospital,Type 1,658,172,535,123,172,12.2,21,74,53,40,565
2991,21/08/2024,August,3,2024,North West,Liverpool University Hospitals NHS Foundation Trust,Royal Liverpool University Hospital,Type 1,618,153,489,129,106,7.4,14,153,221,57,340
2992,21/08/2024,August,3,2024,London,Guy's and St Thomas' NHS Foundation Trust,St Thomas' Hospital,Type 1,345,156,269,76,316,5.9,24,65,238,25,82
2993,21/08/2024,August,3,2024,Midlands,University Hospitals Birmingham NHS Foundation Trust,Queen Elizabeth Hospital Birmingham,Type 1,541,128,442,99,311,10.2,15,209,293,18,230
2994,21/08/2024,August,3,2024,Yorkshire and Humber,Leeds Teaching Hospitals NHS Trust,Leeds General Infirmary,Type 1,371,119,279,92,197,5.3,0,59,245,69,57
2995,21/08/2024,August,3,2024,South East,Oxford University Hospitals NHS Foundation Trust,John Radcliffe Hospital,Type 1,626,158,589,37,319,9.5,0,148,191,40,395
2996,22/08/2024,August,3,2024,North West,Liverpool University Hospitals NHS Foundation Trust,Royal Liverpool University Hospital,Type 1,372,142,283,89,318,12.8,4,180,205,62,105
2997,22/08/2024,August,3,2024,London,Guy's and St Thomas' NHS Foundation Trust,St Thomas' Hospital,Type 1,473,195,402,71,118,13.3,4,88,110,17,346
2998,22/08/2024,August,3,2024,Midlands,University Hospitals Birmingham NHS Foundation Trust,Queen Elizabeth Hospital Birmingham,Type 1,641,103,430,211,180,14.8,2,168,200,43,398
2999,22/08/2024,August,3,2024,Yorkshire and Humber,Leeds Teaching Hospitals NHS Trust,Leeds General Infirmary,Type 1,597,197,393,204,272,5.2,20,211,57,32,508
3000,22/08/2024,August,3,2024,South East,Oxford University Hospitals NHS Foundation Trust,John Radcliffe Hospital,Type 1,627,144,523,104,316,13.3,4,135,247,26,354
3001,23/08/2024,August,3,2024,North West,Liverpool University Hospitals NHS Foundation Trust,Royal Liverpool University Hospital,Type 1,418,68,351,67,101,9.4,19,173,67,28,323
3002,23/08/2024,August,3,2024,London,Guy's and St Thomas' NHS Foundation Trust,St Thomas' Hospital,Type 1,519,188,466,53,221,12.1,21,126,178,15,326
3003,23/08/2024,August,3,2024,Midlands,University Hospitals Birmingham NHS Foundation Trust,Queen Elizabeth Hospital Birmingham,Type 1,613,100,429,184,320,12.7,10,72,269,80,264
3004,23/08/2024,August,3,2024,Yorkshire and Humber,Leeds Teaching Hospitals NHS Trust,Leeds General Infirmary,Type 1,466,58,411,55,122,7.8,22,212,68,34,364
3005,23/08/2024,August,3,2024,South East,Oxford University Hospitals NHS Foundation Trust,John Radcliffe Hospital,Type 1,258,91,166,92,101,9.8,13,87,298,58,98
3006,24/08/2024,August,3,2024,North West,Liverpool University Hospitals NHS Foundation Trust,Royal Liverpool University Hospital,Type 1,429,95,361,68,124,6.5,0,54,268,60,101
3007,24/08/2024,August,3,2024,London,Guy's and St Thomas' NHS Foundation Trust,St Thomas' Hospital,Type 1,304,149,225,79,319,14.6,21,176,52,63,189
3008,24/08/2024,August,3,2024,Midlands,University Hospitals Birmingham NHS Foundation Trust,Queen Elizabeth Hospital Birmingham,Type 1,689,76,673,16,281,8.3,16,85,91,76,522
3009,24/08/2024,August,3,2024,Yorkshire and Humber,Leeds Teaching Hospitals NHS Trust,Leeds General Infirmary,Type 1,383,186,347,36,280,11.4,13,156,78,78,227
3010,24/08/2024,August,3,2024,South East,Oxford University Hospitals NHS Foundation Trust,John Radcliffe Hospital,Type 1,608,174,607,1,274,6.4,10,144,144,60,404
3011,25/08/2024,August,3,2024,North West,Liverpool University Hospitals NHS Foundation Trust,Royal Liverpool University Hospital,Type 1,655,65,512,143,228,13.5,13,110,231,22,402
3012,25/08/2024,August,3,2024,London,Guy's and St Thomas' NHS Foundation Trust,St Thomas' Hospital,Type 1,640,103,547,93,244,14.2,1,40,213,27,400
3013,25/08/2024,August,3,2024,Midlands,University Hospitals Birmingham NHS Foundation Trust,Queen Elizabeth Hospital Birmingham,Type 1,250,153,241,9,117,10.3,17,164,86,21,143
3014,25/08/2024,August,3,2024,Yorkshire and Humber,Leeds Teaching Hospitals NHS Trust,Leeds General Infirmary,Type 1,387,114,283,104,204,12.6,12,43,107,71,209
3015,25/08/2024,August,3,2024,South East,Oxford University Hospitals NHS Foundation Trust,John Radcliffe Hospital,Type 1,632,71,498,134,96,6.3,0,177,106,62,464
3016,26/08/2024,August,3,2024,North West,Liverpool University Hospitals NHS Foundation Trust,Royal Liverpool University Hospital,Type 1,434,59,356,78,243,9.5,3,213,98,52,284
3017,26/08/2024,August,3,2024,London,Guy's and St Thomas' NHS Foundation Trust,St Thomas' Hospital,Type 1,482,86,389,93,92,10.5,23,140,276,37,169
3018,26/08/2024,August,3,2024,Midlands,University Hospitals Birmingham NHS Foundation Trust,Queen Elizabeth Hospital Birmingham,Type 1,555,175,550,5,162,9.8,14,218,246,31,278
3019,26/08/2024,August,3,2024,Yorkshire and Humber,Leeds Teaching Hospitals NHS Trust,Leeds General Infirmary,Type 1,639,151,474,165,91,7.7,4,177,207,71,361
3020,26/08/2024,August,3,2024,South East,Oxford University Hospitals NHS Foundation Trust,John Radcliffe Hospital,Type 1,347,70,285,62,180,9,24,106,189,35,123
3021,27/08/2024,August,3,2024,North West,Liverpool University Hospitals NHS Foundation Trust,Royal Liverpool University Hospital,Type 1,394,66,329,65,196,10.5,0,186,236,27,131
3022,27/08/2024,August,3,2024,London,Guy's and St Thomas' NHS Foundation Trust,St Thomas' Hospital,Type 1,391,65,389,2,205,6.7,8,191,228,23,140
3023,27/08/2024,August,3,2024,Midlands,University Hospitals Birmingham NHS Foundation Trust,Queen Elizabeth Hospital Birmingham,Type 1,669,200,422,247,305,13.2,20,60,282,28,359
3024,27/08/2024,August,3,2024,Yorkshire and Humber,Leeds Teaching Hospitals NHS Trust,Leeds General Infirmary,Type 1,647,79,580,67,96,10.8,14,126,202,46,399
3025,27/08/2024,August,3,2024,South East,Oxford University Hospitals NHS Foundation Trust,John Radcliffe Hospital,Type 1,417,140,281,136,137,14.9,23,168,133,13,271
3026,28/08/2024,August,3,2024,North West,Liverpool University Hospitals NHS Foundation Trust,Royal Liverpool University Hospital,Type 1,321,168,216,105,169,5,16,144,238,12,71
3027,28/08/2024,August,3,2024,London,Guy's and St Thomas' NHS Foundation Trust,St Thomas' Hospital,Type 1,539,194,494,45,125,9.8,6,55,253,75,211
3028,28/08/2024,August,3,2024,Midlands,University Hospitals Birmingham NHS Foundation Trust,Queen Elizabeth Hospital Birmingham,Type 1,673,81,483,190,133,4.8,2,41,72,36,565
3029,28/08/2024,August,3,2024,Yorkshire and Humber,Leeds Teaching Hospitals NHS Trust,Leeds General Infirmary,Type 1,636,118,509,127,132,10.5,17,122,211,54,371
3030,28/08/2024,August,3,2024,South East,Oxford University Hospitals NHS Foundation Trust,John Radcliffe Hospital,Type 1,383,140,305,78,199,13.8,19,181,272,38,73
3031,29/08/2024,August,3,2024,North West,Liverpool University Hospitals NHS Foundation Trust,Royal Liverpool University Hospital,Type 1,599,108,384,215,210,7.4,17,199,122,76,401
3032,29/08/2024,August,3,2024,London,Guy's and St Thomas' NHS Foundation Trust,St Thomas' Hospital,Type 1,359,187,328,31,196,9.3,15,179,294,58,7
3033,29/08/2024,August,3,2024,Midlands,University Hospitals Birmingham NHS Foundation Trust,Queen Elizabeth Hospital Birmingham,Type 1,453,100,441,12,298,9.5,2,148,91,35,327
3034,29/08/2024,August,3,2024,Yorkshire and Humber,Leeds Teaching Hospitals NHS Trust,Leeds General Infirmary,Type 1,520,80,319,201,291,4.4,7,185,88,73,359
3035,29/08/2024,August,3,2024,South East,Oxford University Hospitals NHS Foundation Trust,John Radcliffe Hospital,Type 1,309,62,296,13,298,11.3,19,40,111,46,152
3036,30/08/2024,August,3,2024,North West,Liverpool University Hospitals NHS Foundation Trust,Royal Liverpool University Hospital,Type 1,517,148,314,203,232,11.2,23,105,234,68,215
3037,30/08/2024,August,3,2024,London,Guy's and St Thomas' NHS Foundation Trust,St Thomas' Hospital,Type 1,508,148,362,146,111,7,6,216,230,61,217
3038,30/08/2024,August,3,2024,Midlands,University Hospitals Birmingham NHS Foundation Trust,Queen Elizabeth Hospital Birmingham,Type 1,550,60,456,94,179,13.8,23,216,233,22,295
3039,30/08/2024,August,3,2024,Yorkshire and Humber,Leeds Teaching Hospitals NHS Trust,Leeds General Infirmary,Type 1,378,189,290,88,272,13.5,14,85,114,42,222
3040,30/08/2024,August,3,2024,South East,Oxford University Hospitals NHS Foundation Trust,John Radcliffe Hospital,Type 1,498,90,490,8,199,15.9,10,68,61,33,404
3041,31/08/2024,August,3,2024,North West,Liverpool University Hospitals NHS Foundation Trust,Royal Liverpool University Hospital,Type 1,408,82,349,59,207,12.7,7,206,208,50,150
3042,31/08/2024,August,3,2024,London,Guy's and St Thomas' NHS Foundation Trust,St Thomas' Hospital,Type 1,335,190,260,75,262,4.1,16,126,69,31,235
3043,31/08/2024,August,3,2024,Midlands,University Hospitals Birmingham NHS Foundation Trust,Queen Elizabeth Hospital Birmingham,Type 1,648,184,618,30,270,7.9,8,174,235,71,342
3044,31/08/2024,August,3,2024,Yorkshire and Humber,Leeds Teaching Hospitals NHS Trust,Leeds General Infirmary,Type 1,397,77,293,104,104,15.5,23,138,182,24,191
3045,31/08/2024,August,3,2024,South East,Oxford University Hospitals NHS Foundation Trust,John Radcliffe Hospital,Type 1,403,196,272,131,195,12.4,13,112,238,20,145
3046,01/09/2024,September,3,2024,North West,Liverpool University Hospitals NHS Foundation Trust,Royal Liverpool University Hospital,Type 1,551,198,505,46,298,4.2,20,173,65,28,458
3047,01/09/2024,September,3,2024,London,Guy's and St Thomas' NHS Foundation Trust,St Thomas' Hospital,Type 1,471,51,451,20,308,15.7,0,59,169,64,238
3048,01/09/2024,September,3,2024,Midlands,University Hospitals Birmingham NHS Foundation Trust,Queen Elizabeth Hospital Birmingham,Type 1,469,124,288,181,108,5.2,0,59,81,37,351
3049,01/09/2024,September,3,2024,Yorkshire and Humber,Leeds Teaching Hospitals NHS Trust,Leeds General Infirmary,Type 1,302,111,296,6,159,7,20,190,290,45,33
3050,01/09/2024,September,3,2024,South East,Oxford University Hospitals NHS Foundation Trust,John Radcliffe Hospital,Type 1,268,145,212,56,139,11.5,22,60,96,52,120
3051,02/09/2024,September,3,2024,North West,Liverpool University Hospitals NHS Foundation Trust,Royal Liverpool University Hospital,Type 1,436,101,416,20,319,9.1,3,69,87,27,322
3052,02/09/2024,September,3,2024,London,Guy's and St Thomas' NHS Foundation Trust,St Thomas' Hospital,Type 1,600,160,432,168,311,10.1,19,68,242,64,294
3053,02/09/2024,September,3,2024,Midlands,University Hospitals Birmingham NHS Foundation Trust,Queen Elizabeth Hospital Birmingham,Type 1,462,137,360,102,309,9.4,16,166,98,20,344
3054,02/09/2024,September,3,2024,Yorkshire and Humber,Leeds Teaching Hospitals NHS Trust,Leeds General Infirmary,Type 1,450,188,386,64,286,7.1,18,204,277,27,146
3055,02/09/2024,September,3,2024,South East,Oxford University Hospitals NHS Foundation Trust,John Radcliffe Hospital,Type 1,509,155,454,55,139,6.4,12,60,119,37,353
3056,03/09/2024,September,3,2024,North West,Liverpool University Hospitals NHS Foundation Trust,Royal Liverpool University Hospital,Type 1,580,159,373,207,151,9.9,17,76,228,50,302
3057,03/09/2024,September,3,2024,London,Guy's and St Thomas' NHS Foundation Trust,St Thomas' Hospital,Type 1,289,193,288,1,140,11.3,5,169,66,65,158
3058,03/09/2024,September,3,2024,Midlands,University Hospitals Birmingham NHS Foundation Trust,Queen Elizabeth Hospital Birmingham,Type 1,375,200,325,50,183,10.1,12,106,225,58,92
3059,03/09/2024,September,3,2024,Yorkshire and Humber,Leeds Teaching Hospitals NHS Trust,Leeds General Infirmary,Type 1,362,54,325,37,108,6.4,2,198,298,11,53
3060,03/09/2024,September,3,2024,South East,Oxford University Hospitals NHS Foundation Trust,John Radcliffe Hospital,Type 1,680,83,520,160,275,12.3,18,111,70,30,580
3061,04/09/2024,September,3,2024,North West,Liverpool University Hospitals NHS Foundation Trust,Royal Liverpool University Hospital,Type 1,572,75,416,156,179,10.4,11,175,156,11,405
3062,04/09/2024,September,3,2024,London,Guy's and St Thomas' NHS Foundation Trust,St Thomas' Hospital,Type 1,441,63,318,123,92,10.1,18,210,78,12,351
3063,04/09/2024,September,3,2024,Midlands,University Hospitals Birmingham NHS Foundation Trust,Queen Elizabeth Hospital Birmingham,Type 1,293,188,243,50,111,4.1,6,81,189,26,78
3064,04/09/2024,September,3,2024,Yorkshire and Humber,Leeds Teaching Hospitals NHS Trust,Leeds General Infirmary,Type 1,688,51,623,65,92,12.8,17,171,287,41,360
3065,04/09/2024,September,3,2024,South East,Oxford University Hospitals NHS Foundation Trust,John Radcliffe Hospital,Type 1,287,139,189,98,184,4.2,24,177,63,70,154
3066,05/09/2024,September,3,2024,North West,Liverpool University Hospitals NHS Foundation Trust,Royal Liverpool University Hospital,Type 1,457,182,345,112,98,5.6,8,92,180,55,222
3067,05/09/2024,September,3,2024,London,Guy's and St Thomas' NHS Foundation Trust,St Thomas' Hospital,Type 1,640,104,393,247,196,10.1,0,119,181,54,405
3068,05/09/2024,September,3,2024,Midlands,University Hospitals Birmingham NHS Foundation Trust,Queen Elizabeth Hospital Birmingham,Type 1,398,104,367,31,106,11.4,11,120,111,17,270
3069,05/09/2024,September,3,2024,Yorkshire and Humber,Leeds Teaching Hospitals NHS Trust,Leeds General Infirmary,Type 1,692,101,621,71,168,13.2,22,47,211,16,465
3070,05/09/2024,September,3,2024,South East,Oxford University Hospitals NHS Foundation Trust,John Radcliffe Hospital,Type 1,561,180,507,54,295,10.2,8,158,112,19,430
3071,06/09/2024,September,3,2024,North West,Liverpool University Hospitals NHS Foundation Trust,Royal Liverpool University Hospital,Type 1,602,92,410,192,106,6.1,19,128,299,25,278
3072,06/09/2024,September,3,2024,London,Guy's and St Thomas' NHS Foundation Trust,St Thomas' Hospital,Type 1,606,190,484,122,279,4.3,22,203,87,59,460
3073,06/09/2024,September,3,2024,Midlands,University Hospitals Birmingham NHS Foundation Trust,Queen Elizabeth Hospital Birmingham,Type 1,482,145,340,142,287,13.2,19,117,135,20,327
3074,06/09/2024,September,3,2024,Yorkshire and Humber,Leeds Teaching Hospitals NHS Trust,Leeds General Infirmary,Type 1,652,184,401,251,167,12.7,1,151,102,29,521
3075,06/09/2024,September,3,2024,South East,Oxford University Hospitals NHS Foundation Trust,John Radcliffe Hospital,Type 1,597,188,564,33,202,11.8,22,125,159,42,396
3076,07/09/2024,September,3,2024,North West,Liverpool University Hospitals NHS Foundation Trust,Royal Liverpool University Hospital,Type 1,699,60,692,7,145,13,3,85,249,61,389
3077,07/09/2024,September,3,2024,London,Guy's and St Thomas' NHS Foundation Trust,St Thomas' Hospital,Type 1,424,73,327,97,289,12,24,147,137,11,276
3078,07/09/2024,September,3,2024,Midlands,University Hospitals Birmingham NHS Foundation Trust,Queen Elizabeth Hospital Birmingham,Type 1,342,76,208,134,180,10.3,6,79,75,76,191
3079,07/09/2024,September,3,2024,Yorkshire and Humber,Leeds Teaching Hospitals NHS Trust,Leeds General Infirmary,Type 1,574,155,422,152,242,8.2,17,154,186,43,345
3080,07/09/2024,September,3,2024,South East,Oxford University Hospitals NHS Foundation Trust,John Radcliffe Hospital,Type 1,258,90,178,80,131,9.8,21,157,108,32,118
3081,08/09/2024,September,3,2024,North West,Liverpool University Hospitals NHS Foundation Trust,Royal Liverpool University Hospital,Type 1,253,127,195,58,312,9.4,4,79,133,72,48
3082,08/09/2024,September,3,2024,London,Guy's and St Thomas' NHS Foundation Trust,St Thomas' Hospital,Type 1,645,143,499,146,181,14.2,17,79,78,11,556
3083,08/09/2024,September,3,2024,Midlands,University Hospitals Birmingham NHS Foundation Trust,Queen Elizabeth Hospital Birmingham,Type 1,599,96,552,47,160,9.7,8,122,215,10,374
3084,08/09/2024,September,3,2024,Yorkshire and Humber,Leeds Teaching Hospitals NHS Trust,Leeds General Infirmary,Type 1,578,199,358,220,237,13.2,14,181,87,51,440
3085,08/09/2024,September,3,2024,South East,Oxford University Hospitals NHS Foundation Trust,John Radcliffe Hospital,Type 1,622,158,535,87,270,14,17,114,104,28,490
3086,09/09/2024,September,3,2024,North West,Liverpool University Hospitals NHS Foundation Trust,Royal Liverpool University Hospital,Type 1,357,190,323,34,192,12.5,3,132,245,72,40
3087,09/09/2024,September,3,2024,London,Guy's and St Thomas' NHS Foundation Trust,St Thomas' Hospital,Type 1,458,77,282,176,274,7.3,6,88,70,78,310
3088,09/09/2024,September,3,2024,Midlands,University Hospitals Birmingham NHS Foundation Trust,Queen Elizabeth Hospital Birmingham,Type 1,644,175,473,171,204,11.2,14,85,290,57,297
3089,09/09/2024,September,3,2024,Yorkshire and Humber,Leeds Teaching Hospitals NHS Trust,Leeds General Infirmary,Type 1,275,81,188,87,211,15,17,131,108,76,91
3090,09/09/2024,September,3,2024,South East,Oxford University Hospitals NHS Foundation Trust,John Radcliffe Hospital,Type 1,576,79,367,209,159,9.2,6,137,293,76,207
3091,10/09/2024,September,3,2024,North West,Liverpool University Hospitals NHS Foundation Trust,Royal Liverpool University Hospital,Type 1,569,116,415,154,209,9.1,16,46,234,47,288
3092,10/09/2024,September,3,2024,London,Guy's and St Thomas' NHS Foundation Trust,St Thomas' Hospital,Type 1,325,71,275,50,127,6.6,0,166,149,50,126
3093,10/09/2024,September,3,2024,Midlands,University Hospitals Birmingham NHS Foundation Trust,Queen Elizabeth Hospital Birmingham,Type 1,276,61,225,51,206,10.9,16,130,149,70,57
3094,10/09/2024,September,3,2024,Yorkshire and Humber,Leeds Teaching Hospitals NHS Trust,Leeds General Infirmary,Type 1,418,124,351,67,117,13.9,19,114,79,27,312
3095,10/09/2024,September,3,2024,South East,Oxford University Hospitals NHS Foundation Trust,John Radcliffe Hospital,Type 1,449,197,337,112,204,13,22,60,213,35,201
3096,11/09/2024,September,3,2024,North West,Liverpool University Hospitals NHS Foundation Trust,Royal Liverpool University Hospital,Type 1,335,81,201,134,132,11.9,18,41,160,61,114
3097,11/09/2024,September,3,2024,London,Guy's and St Thomas' NHS Foundation Trust,St Thomas' Hospital,Type 1,632,90,463,169,154,9.9,7,168,189,22,421
3098,11/09/2024,September,3,2024,Midlands,University Hospitals Birmingham NHS Foundation Trust,Queen Elizabeth Hospital Birmingham,Type 1,300,165,238,62,109,4.2,5,98,260,76,36
3099,11/09/2024,September,3,2024,Yorkshire and Humber,Leeds Teaching Hospitals NHS Trust,Leeds General Infirmary,Type 1,253,100,250,3,132,7.1,12,179,185,55,13
3100,11/09/2024,September,3,2024,South East,Oxford University Hospitals NHS Foundation Trust,John Radcliffe Hospital,Type 1,327,182,233,94,164,6.7,24,197,66,73,188
3101,12/09/2024,September,3,2024,North West,Liverpool University Hospitals NHS Foundation Trust,Royal Liverpool University Hospital,Type 1,325,118,228,97,121,15.2,0,117,112,17,196
3102,12/09/2024,September,3,2024,London,Guy's and St Thomas' NHS Foundation Trust,St Thomas' Hospital,Type 1,632,110,568,64,247,12.6,19,167,86,21,525
3103,12/09/2024,September,3,2024,Midlands,University Hospitals Birmingham NHS Foundation Trust,Queen Elizabeth Hospital Birmingham,Type 1,471,112,428,43,111,13,25,157,73,55,343
3104,12/09/2024,September,3,2024,Yorkshire and Humber,Leeds Teaching Hospitals NHS Trust,Leeds General Infirmary,Type 1,358,111,267,91,197,7.2,8,141,68,54,236
3105,12/09/2024,September,3,2024,South East,Oxford University Hospitals NHS Foundation Trust,John Radcliffe Hospital,Type 1,387,189,241,146,193,10.7,10,207,216,64,107
3106,13/09/2024,September,3,2024,North West,Liverpool University Hospitals NHS Foundation Trust,Royal Liverpool University Hospital,Type 1,440,94,323,117,210,5.3,15,46,233,34,173
3107,13/09/2024,September,3,2024,London,Guy's and St Thomas' NHS Foundation Trust,St Thomas' Hospital,Type 1,687,176,541,146,116,15.9,22,150,141,31,515
3108,13/09/2024,September,3,2024,Midlands,University Hospitals Birmingham NHS Foundation Trust,Queen Elizabeth Hospital Birmingham,Type 1,582,186,416,166,193,8.3,11,160,198,13,371
3109,13/09/2024,September,3,2024,Yorkshire and Humber,Leeds Teaching Hospitals NHS Trust,Leeds General Infirmary,Type 1,365,135,290,75,238,14.1,25,143,70,17,278
3110,13/09/2024,September,3,2024,South East,Oxford University Hospitals NHS Foundation Trust,John Radcliffe Hospital,Type 1,321,106,288,33,195,5.3,21,85,55,65,201
3111,14/09/2024,September,3,2024,North West,Liverpool University Hospitals NHS Foundation Trust,Royal Liverpool University Hospital,Type 1,597,97,442,155,115,14.9,8,48,201,30,366
3112,14/09/2024,September,3,2024,London,Guy's and St Thomas' NHS Foundation Trust,St Thomas' Hospital,Type 1,539,64,538,1,135,13.4,4,129,168,52,319
3113,14/09/2024,September,3,2024,Midlands,University Hospitals Birmingham NHS Foundation Trust,Queen Elizabeth Hospital Birmingham,Type 1,410,167,321,89,130,14.7,15,71,134,12,264
3114,14/09/2024,September,3,2024,Yorkshire and Humber,Leeds Teaching Hospitals NHS Trust,Leeds General Infirmary,Type 1,594,112,558,36,159,8.4,22,126,155,17,422
3115,14/09/2024,September,3,2024,South East,Oxford University Hospitals NHS Foundation Trust,John Radcliffe Hospital,Type 1,427,68,309,118,266,11.7,25,62,122,21,284
3116,15/09/2024,September,3,2024,North West,Liverpool University Hospitals NHS Foundation Trust,Royal Liverpool University Hospital,Type 1,479,110,394,85,308,12.5,7,141,101,31,347
3117,15/09/2024,September,3,2024,London,Guy's and St Thomas' NHS Foundation Trust,St Thomas' Hospital,Type 1,602,128,507,95,155,15.5,8,55,155,58,389
3118,15/09/2024,September,3,2024,Midlands,University Hospitals Birmingham NHS Foundation Trust,Queen Elizabeth Hospital Birmingham,Type 1,474,63,385,89,244,11.2,19,75,248,77,149
3119,15/09/2024,September,3,2024,Yorkshire and Humber,Leeds Teaching Hospitals NHS Trust,Leeds General Infirmary,Type 1,276,198,245,31,137,11.6,14,123,96,20,160
3120,15/09/2024,September,3,2024,South East,Oxford University Hospitals NHS Foundation Trust,John Radcliffe Hospital,Type 1,562,196,345,217,293,13.1,23,47,297,61,204
3121,16/09/2024,September,3,2024,North West,Liverpool University Hospitals NHS Foundation Trust,Royal Liverpool University Hospital,Type 1,465,176,335,130,158,5.4,12,149,109,42,314
3122,16/09/2024,September,3,2024,London,Guy's and St Thomas' NHS Foundation Trust,St Thomas' Hospital,Type 1,420,137,265,155,196,10.5,23,77,182,64,174
3123,16/09/2024,September,3,2024,Midlands,University Hospitals Birmingham NHS Foundation Trust,Queen Elizabeth Hospital Birmingham,Type 1,378,130,267,111,101,13.3,5,191,179,44,155
3124,16/09/2024,September,3,2024,Yorkshire and Humber,Leeds Teaching Hospitals NHS Trust,Leeds General Infirmary,Type 1,435,177,409,26,300,15,2,126,179,47,209
3125,16/09/2024,September,3,2024,South East,Oxford University Hospitals NHS Foundation Trust,John Radcliffe Hospital,Type 1,567,175,465,102,132,7.5,18,182,141,32,394
3126,17/09/2024,September,3,2024,North West,Liverpool University Hospitals NHS Foundation Trust,Royal Liverpool University Hospital,Type 1,562,169,543,19,100,6.1,4,174,59,77,426
3127,17/09/2024,September,3,2024,London,Guy's and St Thomas' NHS Foundation Trust,St Thomas' Hospital,Type 1,310,109,202,108,303,10.7,22,94,281,28,1
3128,17/09/2024,September,3,2024,Midlands,University Hospitals Birmingham NHS Foundation Trust,Queen Elizabeth Hospital Birmingham,Type 1,366,187,345,21,276,6,24,41,261,35,70
3129,17/09/2024,September,3,2024,Yorkshire and Humber,Leeds Teaching Hospitals NHS Trust,Leeds General Infirmary,Type 1,599,127,565,34,223,13.9,25,49,247,13,339
3130,17/09/2024,September,3,2024,South East,Oxford University Hospitals NHS Foundation Trust,John Radcliffe Hospital,Type 1,317,134,209,108,98,8.6,17,78,284,58,25
3131,18/09/2024,September,3,2024,North West,Liverpool University Hospitals NHS Foundation Trust,Royal Liverpool University Hospital,Type 1,691,138,442,249,201,8.4,16,107,243,19,429
3132,18/09/2024,September,3,2024,London,Guy's and St Thomas' NHS Foundation Trust,St Thomas' Hospital,Type 1,273,105,227,46,125,6.3,5,174,199,21,53
3133,18/09/2024,September,3,2024,Midlands,University Hospitals Birmingham NHS Foundation Trust,Queen Elizabeth Hospital Birmingham,Type 1,376,66,232,144,113,11.3,11,193,113,59,204
3134,18/09/2024,September,3,2024,Yorkshire and Humber,Leeds Teaching Hospitals NHS Trust,Leeds General Infirmary,Type 1,700,179,668,32,210,10.1,13,161,160,30,510
3135,18/09/2024,September,3,2024,South East,Oxford University Hospitals NHS Foundation Trust,John Radcliffe Hospital,Type 1,464,87,292,172,268,15.6,22,67,140,78,246
3136,19/09/2024,September,3,2024,North West,Liverpool University Hospitals NHS Foundation Trust,Royal Liverpool University Hospital,Type 1,413,121,351,62,102,12,9,200,261,51,101
3137,19/09/2024,September,3,2024,London,Guy's and St Thomas' NHS Foundation Trust,St Thomas' Hospital,Type 1,574,196,405,169,111,4.8,4,136,137,38,399
3138,19/09/2024,September,3,2024,Midlands,University Hospitals Birmingham NHS Foundation Trust,Queen Elizabeth Hospital Birmingham,Type 1,486,82,363,123,141,9.9,25,205,281,62,143
3139,19/09/2024,September,3,2024,Yorkshire and Humber,Leeds Teaching Hospitals NHS Trust,Leeds General Infirmary,Type 1,390,59,271,119,311,13.3,23,116,240,80,70
3140,19/09/2024,September,3,2024,South East,Oxford University Hospitals NHS Foundation Trust,John Radcliffe Hospital,Type 1,606,87,438,168,147,5.2,23,174,131,19,456
3141,20/09/2024,September,3,2024,North West,Liverpool University Hospitals NHS Foundation Trust,Royal Liverpool University Hospital,Type 1,491,167,373,118,114,11.7,16,72,201,28,262
3142,20/09/2024,September,3,2024,London,Guy's and St Thomas' NHS Foundation Trust,St Thomas' Hospital,Type 1,550,96,405,145,310,4.2,20,156,64,60,426
3143,20/09/2024,September,3,2024,Midlands,University Hospitals Birmingham NHS Foundation Trust,Queen Elizabeth Hospital Birmingham,Type 1,310,197,206,104,260,14.3,1,73,54,30,226
3144,20/09/2024,September,3,2024,Yorkshire and Humber,Leeds Teaching Hospitals NHS Trust,Leeds General Infirmary,Type 1,268,90,215,53,121,14.9,7,54,155,73,40
3145,20/09/2024,September,3,2024,South East,Oxford University Hospitals NHS Foundation Trust,John Radcliffe Hospital,Type 1,318,139,303,15,189,9,0,151,169,31,118
3146,21/09/2024,September,3,2024,North West,Liverpool University Hospitals NHS Foundation Trust,Royal Liverpool University Hospital,Type 1,252,80,195,57,248,9,11,185,84,66,102
3147,21/09/2024,September,3,2024,London,Guy's and St Thomas' NHS Foundation Trust,St Thomas' Hospital,Type 1,288,51,190,98,318,7.9,25,57,147,77,64
3148,21/09/2024,September,3,2024,Midlands,University Hospitals Birmingham NHS Foundation Trust,Queen Elizabeth Hospital Birmingham,Type 1,375,92,280,95,257,9.1,18,219,178,28,169
3149,21/09/2024,September,3,2024,Yorkshire and Humber,Leeds Teaching Hospitals NHS Trust,Leeds General Infirmary,Type 1,402,146,326,76,307,11,24,110,259,58,85
3150,21/09/2024,September,3,2024,South East,Oxford University Hospitals NHS Foundation Trust,John Radcliffe Hospital,Type 1,582,89,471,111,263,8,11,191,277,33,272
3151,22/09/2024,September,3,2024,North West,Liverpool University Hospitals NHS Foundation Trust,Royal Liverpool University Hospital,Type 1,411,159,350,61,218,15.7,10,126,134,12,265
3152,22/09/2024,September,3,2024,London,Guy's and St Thomas' NHS Foundation Trust,St Thomas' Hospital,Type 1,298,137,261,37,248,6.9,7,40,262,56,20
3153,22/09/2024,September,3,2024,Midlands,University Hospitals Birmingham NHS Foundation Trust,Queen Elizabeth Hospital Birmingham,Type 1,412,79,352,60,95,6.2,10,199,192,23,197
3154,22/09/2024,September,3,2024,Yorkshire and Humber,Leeds Teaching Hospitals NHS Trust,Leeds General Infirmary,Type 1,516,150,454,62,295,5.5,17,97,163,28,325
3155,22/09/2024,September,3,2024,South East,Oxford University Hospitals NHS Foundation Trust,John Radcliffe Hospital,Type 1,272,129,248,24,95,9.2,7,53,169,68,35
3156,23/09/2024,September,3,2024,North West,Liverpool University Hospitals NHS Foundation Trust,Royal Liverpool University Hospital,Type 1,685,105,521,164,225,7.7,18,170,117,64,504
3157,23/09/2024,September,3,2024,London,Guy's and St Thomas' NHS Foundation Trust,St Thomas' Hospital,Type 1,452,52,335,117,276,7.3,22,82,98,46,308
3158,23/09/2024,September,3,2024,Midlands,University Hospitals Birmingham NHS Foundation Trust,Queen Elizabeth Hospital Birmingham,Type 1,267,168,251,16,141,15,4,72,240,33,6
3159,23/09/2024,September,3,2024,Yorkshire and Humber,Leeds Teaching Hospitals NHS Trust,Leeds General Infirmary,Type 1,430,150,260,170,173,8.5,9,200,171,77,182
3160,23/09/2024,September,3,2024,South East,Oxford University Hospitals NHS Foundation Trust,John Radcliffe Hospital,Type 1,651,153,535,116,295,12.8,8,94,80,37,534
3161,24/09/2024,September,3,2024,North West,Liverpool University Hospitals NHS Foundation Trust,Royal Liverpool University Hospital,Type 1,379,103,312,67,208,13,4,160,94,32,253
3162,24/09/2024,September,3,2024,London,Guy's and St Thomas' NHS Foundation Trust,St Thomas' Hospital,Type 1,545,139,378,167,150,14.8,17,95,122,69,354
3163,24/09/2024,September,3,2024,Midlands,University Hospitals Birmingham NHS Foundation Trust,Queen Elizabeth Hospital Birmingham,Type 1,284,137,185,99,271,11.2,14,164,121,45,118
3164,24/09/2024,September,3,2024,Yorkshire and Humber,Leeds Teaching Hospitals NHS Trust,Leeds General Infirmary,Type 1,366,96,309,57,256,6,22,205,51,53,262
3165,24/09/2024,September,3,2024,South East,Oxford University Hospitals NHS Foundation Trust,John Radcliffe Hospital,Type 1,339,101,223,116,148,13.2,13,148,57,42,240
3166,25/09/2024,September,3,2024,North West,Liverpool University Hospitals NHS Foundation Trust,Royal Liverpool University Hospital,Type 1,613,119,561,52,122,15.1,21,200,153,35,425
3167,25/09/2024,September,3,2024,London,Guy's and St Thomas' NHS Foundation Trust,St Thomas' Hospital,Type 1,638,101,448,190,141,12.7,6,163,126,57,455
3168,25/09/2024,September,3,2024,Midlands,University Hospitals Birmingham NHS Foundation Trust,Queen Elizabeth Hospital Birmingham,Type 1,669,122,639,30,122,12.4,23,160,218,70,381
3169,25/09/2024,September,3,2024,Yorkshire and Humber,Leeds Teaching Hospitals NHS Trust,Leeds General Infirmary,Type 1,302,199,211,91,316,10.7,6,55,162,66,74
3170,25/09/2024,September,3,2024,South East,Oxford University Hospitals NHS Foundation Trust,John Radcliffe Hospital,Type 1,360,145,327,33,167,12.8,17,101,76,17,267
3171,26/09/2024,September,3,2024,North West,Liverpool University Hospitals NHS Foundation Trust,Royal Liverpool University Hospital,Type 1,378,97,303,75,314,15.7,5,209,56,26,296
3172,26/09/2024,September,3,2024,London,Guy's and St Thomas' NHS Foundation Trust,St Thomas' Hospital,Type 1,465,108,407,58,221,15.2,18,136,233,69,163
3173,26/09/2024,September,3,2024,Midlands,University Hospitals Birmingham NHS Foundation Trust,Queen Elizabeth Hospital Birmingham,Type 1,582,92,465,117,206,8.3,6,171,55,35,492
3174,26/09/2024,September,3,2024,Yorkshire and Humber,Leeds Teaching Hospitals NHS Trust,Leeds General Infirmary,Type 1,587,86,385,202,131,7.5,14,97,158,22,407
3175,26/09/2024,September,3,2024,South East,Oxford University Hospitals NHS Foundation Trust,John Radcliffe Hospital,Type 1,401,187,399,2,131,7.8,5,196,160,31,210
3176,27/09/2024,September,3,2024,North West,Liverpool University Hospitals NHS Foundation Trust,Royal Liverpool University Hospital,Type 1,276,197,243,33,130,15.2,11,99,197,10,69
3177,27/09/2024,September,3,2024,London,Guy's and St Thomas' NHS Foundation Trust,St Thomas' Hospital,Type 1,371,126,297,74,294,13.7,22,81,131,65,175
3178,27/09/2024,September,3,2024,Midlands,University Hospitals Birmingham NHS Foundation Trust,Queen Elizabeth Hospital Birmingham,Type 1,393,162,348,45,177,14.3,1,194,185,56,152
3179,27/09/2024,September,3,2024,Yorkshire and Humber,Leeds Teaching Hospitals NHS Trust,Leeds General Infirmary,Type 1,426,194,274,152,92,4.5,4,59,267,10,149
3180,27/09/2024,September,3,2024,South East,Oxford University Hospitals NHS Foundation Trust,John Radcliffe Hospital,Type 1,612,164,587,25,117,10,24,172,77,17,518
3181,28/09/2024,September,3,2024,North West,Liverpool University Hospitals NHS Foundation Trust,Royal Liverpool University Hospital,Type 1,557,182,375,182,277,10,22,185,208,25,324
3182,28/09/2024,September,3,2024,London,Guy's and St Thomas' NHS Foundation Trust,St Thomas' Hospital,Type 1,276,61,189,87,181,11.2,14,120,246,22,8
3183,28/09/2024,September,3,2024,Midlands,University Hospitals Birmingham NHS Foundation Trust,Queen Elizabeth Hospital Birmingham,Type 1,437,189,267,170,265,9.3,14,164,137,12,288
3184,28/09/2024,September,3,2024,Yorkshire and Humber,Leeds Teaching Hospitals NHS Trust,Leeds General Infirmary,Type 1,334,99,262,72,264,13.6,15,208,131,36,167
3185,28/09/2024,September,3,2024,South East,Oxford University Hospitals NHS Foundation Trust,John Radcliffe Hospital,Type 1,473,166,392,81,127,13.5,20,158,109,21,343
3186,29/09/2024,September,3,2024,North West,Liverpool University Hospitals NHS Foundation Trust,Royal Liverpool University Hospital,Type 1,508,145,481,27,105,8.6,24,207,69,31,408
3187,29/09/2024,September,3,2024,London,Guy's and St Thomas' NHS Foundation Trust,St Thomas' Hospital,Type 1,615,109,387,228,226,11.9,7,150,201,42,372
3188,29/09/2024,September,3,2024,Midlands,University Hospitals Birmingham NHS Foundation Trust,Queen Elizabeth Hospital Birmingham,Type 1,692,141,598,94,232,10,14,186,115,79,498
3189,29/09/2024,September,3,2024,Yorkshire and Humber,Leeds Teaching Hospitals NHS Trust,Leeds General Infirmary,Type 1,281,104,191,90,234,4.6,7,79,115,42,124
3190,29/09/2024,September,3,2024,South East,Oxford University Hospitals NHS Foundation Trust,John Radcliffe Hospital,Type 1,448,96,385,63,206,8,2,132,186,34,228
3191,30/09/2024,September,3,2024,North West,Liverpool University Hospitals NHS Foundation Trust,Royal Liverpool University Hospital,Type 1,325,92,202,123,315,5.6,12,196,86,79,160
3192,30/09/2024,September,3,2024,London,Guy's and St Thomas' NHS Foundation Trust,St Thomas' Hospital,Type 1,621,89,471,150,223,8.1,13,70,259,30,332
3193,30/09/2024,September,3,2024,Midlands,University Hospitals Birmingham NHS Foundation Trust,Queen Elizabeth Hospital Birmingham,Type 1,278,93,167,111,93,14.4,22,64,246,22,10
3194,30/09/2024,September,3,2024,Yorkshire and Humber,Leeds Teaching Hospitals NHS Trust,Leeds General Infirmary,Type 1,255,113,231,24,320,14.2,21,111,148,33,74
3195,30/09/2024,September,3,2024,South East,Oxford University Hospitals NHS Foundation Trust,John Radcliffe Hospital,Type 1,360,117,357,3,173,12.3,20,184,91,55,214
3196,01/10/2024,October,4,2024,North West,Liverpool University Hospitals NHS Foundation Trust,Royal Liverpool University Hospital,Type 1,604,149,380,224,210,4.7,13,142,170,20,414
3197,01/10/2024,October,4,2024,London,Guy's and St Thomas' NHS Foundation Trust,St Thomas' Hospital,Type 1,372,187,289,83,151,11.4,14,188,151,76,145
3198,01/10/2024,October,4,2024,Midlands,University Hospitals Birmingham NHS Foundation Trust,Queen Elizabeth Hospital Birmingham,Type 1,632,170,401,231,117,12.1,6,72,88,75,469
3199,01/10/2024,October,4,2024,Yorkshire and Humber,Leeds Teaching Hospitals NHS Trust,Leeds General Infirmary,Type 1,605,75,455,150,149,9.9,21,58,166,69,370
3200,01/10/2024,October,4,2024,South East,Oxford University Hospitals NHS Foundation Trust,John Radcliffe Hospital,Type 1,625,119,534,91,153,5.5,4,166,89,42,494
3201,02/10/2024,October,4,2024,North West,Liverpool University Hospitals NHS Foundation Trust,Royal Liverpool University Hospital,Type 1,491,157,316,175,101,9.3,15,145,86,47,358
3202,02/10/2024,October,4,2024,London,Guy's and St Thomas' NHS Foundation Trust,St Thomas' Hospital,Type 1,566,151,410,156,94,7,7,169,90,76,400
3203,02/10/2024,October,4,2024,Midlands,University Hospitals Birmingham NHS Foundation Trust,Queen Elizabeth Hospital Birmingham,Type 1,353,178,298,55,290,13.7,9,123,61,20,272
3204,02/10/2024,October,4,2024,Yorkshire and Humber,Leeds Teaching Hospitals NHS Trust,Leeds General Infirmary,Type 1,458,53,350,108,255,5.5,5,42,56,49,353
3205,02/10/2024,October,4,2024,South East,Oxford University Hospitals NHS Foundation Trust,John Radcliffe Hospital,Type 1,304,85,185,119,195,15.5,19,124,236,23,45
3206,03/10/2024,October,4,2024,North West,Liverpool University Hospitals NHS Foundation Trust,Royal Liverpool University Hospital,Type 1,445,144,368,77,270,10.1,0,49,257,72,116
3207,03/10/2024,October,4,2024,London,Guy's and St Thomas' NHS Foundation Trust,St Thomas' Hospital,Type 1,291,199,285,6,97,6.3,22,218,77,68,146
3208,03/10/2024,October,4,2024,Midlands,University Hospitals Birmingham NHS Foundation Trust,Queen Elizabeth Hospital Birmingham,Type 1,432,135,361,71,104,14.3,22,118,296,65,71
3209,03/10/2024,October,4,2024,Yorkshire and Humber,Leeds Teaching Hospitals NHS Trust,Leeds General Infirmary,Type 1,450,127,366,84,142,9.4,10,111,200,27,223
3210,03/10/2024,October,4,2024,South East,Oxford University Hospitals NHS Foundation Trust,John Radcliffe Hospital,Type 1,609,75,549,60,141,8,3,171,296,36,277
3211,04/10/2024,October,4,2024,North West,Liverpool University Hospitals NHS Foundation Trust,Royal Liverpool University Hospital,Type 1,329,187,326,3,94,10.6,13,90,299,15,15
3212,04/10/2024,October,4,2024,London,Guy's and St Thomas' NHS Foundation Trust,St Thomas' Hospital,Type 1,681,87,605,76,237,12.5,3,154,57,15,609
3213,04/10/2024,October,4,2024,Midlands,University Hospitals Birmingham NHS Foundation Trust,Queen Elizabeth Hospital Birmingham,Type 1,587,73,445,142,175,13.2,20,72,289,30,268
3214,04/10/2024,October,4,2024,Yorkshire and Humber,Leeds Teaching Hospitals NHS Trust,Leeds General Infirmary,Type 1,471,127,448,23,180,15.1,15,159,202,71,198
3215,04/10/2024,October,4,2024,South East,Oxford University Hospitals NHS Foundation Trust,John Radcliffe Hospital,Type 1,355,155,271,84,242,13.4,22,88,91,34,230
3216,05/10/2024,October,4,2024,North West,Liverpool University Hospitals NHS Foundation Trust,Royal Liverpool University Hospital,Type 1,333,82,240,93,255,6.8,13,53,253,23,57
3217,05/10/2024,October,4,2024,London,Guy's and St Thomas' NHS Foundation Trust,St Thomas' Hospital,Type 1,608,187,402,206,187,13.7,0,196,277,74,257
3218,05/10/2024,October,4,2024,Midlands,University Hospitals Birmingham NHS Foundation Trust,Queen Elizabeth Hospital Birmingham,Type 1,605,73,363,242,254,7.1,11,210,99,53,453
3219,05/10/2024,October,4,2024,Yorkshire and Humber,Leeds Teaching Hospitals NHS Trust,Leeds General Infirmary,Type 1,663,71,661,2,95,11.4,24,219,98,22,543
3220,05/10/2024,October,4,2024,South East,Oxford University Hospitals NHS Foundation Trust,John Radcliffe Hospital,Type 1,405,121,405,0,269,15.6,0,207,291,16,98
3221,06/10/2024,October,4,2024,North West,Liverpool University Hospitals NHS Foundation Trust,Royal Liverpool University Hospital,Type 1,327,85,212,115,186,14.8,16,131,88,27,212
3222,06/10/2024,October,4,2024,London,Guy's and St Thomas' NHS Foundation Trust,St Thomas' Hospital,Type 1,318,166,209,109,312,10.9,14,185,289,54,25
3223,06/10/2024,October,4,2024,Midlands,University Hospitals Birmingham NHS Foundation Trust,Queen Elizabeth Hospital Birmingham,Type 1,464,113,368,96,282,7,23,58,243,56,165
3224,06/10/2024,October,4,2024,Yorkshire and Humber,Leeds Teaching Hospitals NHS Trust,Leeds General Infirmary,Type 1,609,152,365,244,249,8.1,14,135,185,75,349
3225,06/10/2024,October,4,2024,South East,Oxford University Hospitals NHS Foundation Trust,John Radcliffe Hospital,Type 1,397,183,366,31,92,14,22,99,246,24,127
3226,07/10/2024,October,4,2024,North West,Liverpool University Hospitals NHS Foundation Trust,Royal Liverpool University Hospital,Type 1,308,138,260,48,226,10.2,11,67,271,12,25
3227,07/10/2024,October,4,2024,London,Guy's and St Thomas' NHS Foundation Trust,St Thomas' Hospital,Type 1,550,199,338,212,103,7.7,0,134,170,61,319
3228,07/10/2024,October,4,2024,Midlands,University Hospitals Birmingham NHS Foundation Trust,Queen Elizabeth Hospital Birmingham,Type 1,466,87,417,49,239,13.3,8,154,227,80,159
3229,07/10/2024,October,4,2024,Yorkshire and Humber,Leeds Teaching Hospitals NHS Trust,Leeds General Infirmary,Type 1,281,170,211,70,152,11,19,122,165,30,86
3230,07/10/2024,October,4,2024,South East,Oxford University Hospitals NHS Foundation Trust,John Radcliffe Hospital,Type 1,536,130,330,206,317,14.7,16,153,143,61,332
3231,08/10/2024,October,4,2024,North West,Liverpool University Hospitals NHS Foundation Trust,Royal Liverpool University Hospital,Type 1,487,148,332,155,120,10.6,25,198,253,65,169
3232,08/10/2024,October,4,2024,London,Guy's and St Thomas' NHS Foundation Trust,St Thomas' Hospital,Type 1,583,132,439,144,174,9.6,7,156,209,78,296
3233,08/10/2024,October,4,2024,Midlands,University Hospitals Birmingham NHS Foundation Trust,Queen Elizabeth Hospital Birmingham,Type 1,261,98,185,76,252,8.9,18,73,215,68,22
3234,08/10/2024,October,4,2024,Yorkshire and Humber,Leeds Teaching Hospitals NHS Trust,Leeds General Infirmary,Type 1,599,178,574,25,246,10.3,20,220,136,49,414
3235,08/10/2024,October,4,2024,South East,Oxford University Hospitals NHS Foundation Trust,John Radcliffe Hospital,Type 1,323,171,219,104,166,13.9,0,103,73,35,215
3236,09/10/2024,October,4,2024,North West,Liverpool University Hospitals NHS Foundation Trust,Royal Liverpool University Hospital,Type 1,681,172,440,241,295,7.9,0,190,290,67,324
3237,09/10/2024,October,4,2024,London,Guy's and St Thomas' NHS Foundation Trust,St Thomas' Hospital,Type 1,510,183,366,144,221,13.1,22,112,146,52,312
3238,09/10/2024,October,4,2024,Midlands,University Hospitals Birmingham NHS Foundation Trust,Queen Elizabeth Hospital Birmingham,Type 1,298,124,261,37,187,4.1,16,136,120,36,142
3239,09/10/2024,October,4,2024,Yorkshire and Humber,Leeds Teaching Hospitals NHS Trust,Leeds General Infirmary,Type 1,293,75,270,23,148,13.5,13,102,206,30,57
3240,09/10/2024,October,4,2024,South East,Oxford University Hospitals NHS Foundation Trust,John Radcliffe Hospital,Type 1,552,110,479,73,139,6.5,25,211,126,66,360
3241,10/10/2024,October,4,2024,North West,Liverpool University Hospitals NHS Foundation Trust,Royal Liverpool University Hospital,Type 1,428,161,275,153,303,6.9,17,184,115,40,273
3242,10/10/2024,October,4,2024,London,Guy's and St Thomas' NHS Foundation Trust,St Thomas' Hospital,Type 1,358,157,275,83,298,12.2,16,120,296,65,3
3243,10/10/2024,October,4,2024,Midlands,University Hospitals Birmingham NHS Foundation Trust,Queen Elizabeth Hospital Birmingham,Type 1,654,131,420,234,175,4.7,22,156,109,39,506
3244,10/10/2024,October,4,2024,Yorkshire and Humber,Leeds Teaching Hospitals NHS Trust,Leeds General Infirmary,Type 1,587,58,536,51,168,9.3,0,206,187,74,326
3245,10/10/2024,October,4,2024,South East,Oxford University Hospitals NHS Foundation Trust,John Radcliffe Hospital,Type 1,388,97,298,90,302,5.2,0,158,254,33,101
3246,11/10/2024,October,4,2024,North West,Liverpool University Hospitals NHS Foundation Trust,Royal Liverpool University Hospital,Type 1,526,168,370,156,231,15.8,13,77,195,57,274
3247,11/10/2024,October,4,2024,London,Guy's and St Thomas' NHS Foundation Trust,St Thomas' Hospital,Type 1,696,95,550,146,101,8.5,7,62,57,22,617
3248,11/10/2024,October,4,2024,Midlands,University Hospitals Birmingham NHS Foundation Trust,Queen Elizabeth Hospital Birmingham,Type 1,395,134,237,158,252,8.9,19,159,193,12,190
3249,11/10/2024,October,4,2024,Yorkshire and Humber,Leeds Teaching Hospitals NHS Trust,Leeds General Infirmary,Type 1,349,91,335,14,261,15.9,12,143,141,33,175
3250,11/10/2024,October,4,2024,South East,Oxford University Hospitals NHS Foundation Trust,John Radcliffe Hospital,Type 1,575,170,383,192,320,5.9,9,143,250,57,268
3251,12/10/2024,October,4,2024,North West,Liverpool University Hospitals NHS Foundation Trust,Royal Liverpool University Hospital,Type 1,269,170,198,71,131,5.9,17,108,61,33,175
3252,12/10/2024,October,4,2024,London,Guy's and St Thomas' NHS Foundation Trust,St Thomas' Hospital,Type 1,296,98,277,19,276,7.8,3,166,78,33,185
3253,12/10/2024,October,4,2024,Midlands,University Hospitals Birmingham NHS Foundation Trust,Queen Elizabeth Hospital Birmingham,Type 1,389,57,341,48,317,14.1,19,205,200,30,159
3254,12/10/2024,October,4,2024,Yorkshire and Humber,Leeds Teaching Hospitals NHS Trust,Leeds General Infirmary,Type 1,569,90,518,51,227,13.9,1,164,88,24,457
3255,12/10/2024,October,4,2024,South East,Oxford University Hospitals NHS Foundation Trust,John Radcliffe Hospital,Type 1,313,132,188,125,92,13,20,49,252,14,47
3256,13/10/2024,October,4,2024,North West,Liverpool University Hospitals NHS Foundation Trust,Royal Liverpool University Hospital,Type 1,526,93,367,159,168,7.7,16,158,289,48,189
3257,13/10/2024,October,4,2024,London,Guy's and St Thomas' NHS Foundation Trust,St Thomas' Hospital,Type 1,667,193,474,193,192,8.8,20,207,90,39,538
3258,13/10/2024,October,4,2024,Midlands,University Hospitals Birmingham NHS Foundation Trust,Queen Elizabeth Hospital Birmingham,Type 1,641,169,623,18,183,9.4,9,71,113,60,468
3259,13/10/2024,October,4,2024,Yorkshire and Humber,Leeds Teaching Hospitals NHS Trust,Leeds General Infirmary,Type 1,272,179,254,18,213,6.9,15,172,68,78,126
3260,13/10/2024,October,4,2024,South East,Oxford University Hospitals NHS Foundation Trust,John Radcliffe Hospital,Type 1,297,178,268,29,169,6.8,1,82,128,51,118
3261,14/10/2024,October,4,2024,North West,Liverpool University Hospitals NHS Foundation Trust,Royal Liverpool University Hospital,Type 1,525,178,317,208,125,10.8,17,179,272,33,220
3262,14/10/2024,October,4,2024,London,Guy's and St Thomas' NHS Foundation Trust,St Thomas' Hospital,Type 1,391,194,249,142,100,7.7,19,143,119,11,261
3263,14/10/2024,October,4,2024,Midlands,University Hospitals Birmingham NHS Foundation Trust,Queen Elizabeth Hospital Birmingham,Type 1,539,79,376,163,216,4.1,18,203,107,51,381
3264,14/10/2024,October,4,2024,Yorkshire and Humber,Leeds Teaching Hospitals NHS Trust,Leeds General Infirmary,Type 1,250,141,245,5,168,6.8,2,65,62,30,158
3265,14/10/2024,October,4,2024,South East,Oxford University Hospitals NHS Foundation Trust,John Radcliffe Hospital,Type 1,612,112,518,94,187,5.6,15,150,172,54,386
3266,15/10/2024,October,4,2024,North West,Liverpool University Hospitals NHS Foundation Trust,Royal Liverpool University Hospital,Type 1,554,163,388,166,110,8.2,18,180,244,10,300
3267,15/10/2024,October,4,2024,London,Guy's and St Thomas' NHS Foundation Trust,St Thomas' Hospital,Type 1,323,56,312,11,208,6,15,103,249,40,34
3268,15/10/2024,October,4,2024,Midlands,University Hospitals Birmingham NHS Foundation Trust,Queen Elizabeth Hospital Birmingham,Type 1,590,136,483,107,246,15.3,2,91,53,63,474
3269,15/10/2024,October,4,2024,Yorkshire and Humber,Leeds Teaching Hospitals NHS Trust,Leeds General Infirmary,Type 1,293,143,185,108,165,13.4,5,116,169,70,54
3270,15/10/2024,October,4,2024,South East,Oxford University Hospitals NHS Foundation Trust,John Radcliffe Hospital,Type 1,339,166,269,70,119,12.9,22,192,53,33,253
3271,16/10/2024,October,4,2024,North West,Liverpool University Hospitals NHS Foundation Trust,Royal Liverpool University Hospital,Type 1,339,61,339,0,150,10.4,16,48,164,58,117
3272,16/10/2024,October,4,2024,London,Guy's and St Thomas' NHS Foundation Trust,St Thomas' Hospital,Type 1,571,71,363,208,118,6.9,10,182,286,23,262
3273,16/10/2024,October,4,2024,Midlands,University Hospitals Birmingham NHS Foundation Trust,Queen Elizabeth Hospital Birmingham,Type 1,637,104,527,110,151,7.2,18,101,75,47,515
3274,16/10/2024,October,4,2024,Yorkshire and Humber,Leeds Teaching Hospitals NHS Trust,Leeds General Infirmary,Type 1,671,134,629,42,174,13.9,5,195,213,50,408
3275,16/10/2024,October,4,2024,South East,Oxford University Hospitals NHS Foundation Trust,John Radcliffe Hospital,Type 1,527,144,320,207,155,8.6,9,42,290,53,184
3276,17/10/2024,October,4,2024,North West,Liverpool University Hospitals NHS Foundation Trust,Royal Liverpool University Hospital,Type 1,652,84,534,118,114,10,0,155,146,20,486
3277,17/10/2024,October,4,2024,London,Guy's and St Thomas' NHS Foundation Trust,St Thomas' Hospital,Type 1,668,164,644,24,202,7.8,4,102,85,44,539
3278,17/10/2024,October,4,2024,Midlands,University Hospitals Birmingham NHS Foundation Trust,Queen Elizabeth Hospital Birmingham,Type 1,624,67,445,179,103,4.5,13,157,240,57,327
3279,17/10/2024,October,4,2024,Yorkshire and Humber,Leeds Teaching Hospitals NHS Trust,Leeds General Infirmary,Type 1,595,132,497,98,181,16,4,189,255,59,281
3280,17/10/2024,October,4,2024,South East,Oxford University Hospitals NHS Foundation Trust,John Radcliffe Hospital,Type 1,427,123,260,167,155,9.5,14,208,77,47,303
3281,18/10/2024,October,4,2024,North West,Liverpool University Hospitals NHS Foundation Trust,Royal Liverpool University Hospital,Type 1,337,93,218,119,150,15,25,148,226,60,51
3282,18/10/2024,October,4,2024,London,Guy's and St Thomas' NHS Foundation Trust,St Thomas' Hospital,Type 1,581,147,439,142,243,9.1,24,219,223,50,308
3283,18/10/2024,October,4,2024,Midlands,University Hospitals Birmingham NHS Foundation Trust,Queen Elizabeth Hospital Birmingham,Type 1,476,101,420,56,255,12.6,7,129,208,71,197
3284,18/10/2024,October,4,2024,Yorkshire and Humber,Leeds Teaching Hospitals NHS Trust,Leeds General Infirmary,Type 1,651,98,627,24,208,9.8,5,207,284,62,305
3285,18/10/2024,October,4,2024,South East,Oxford University Hospitals NHS Foundation Trust,John Radcliffe Hospital,Type 1,516,86,481,35,141,6.2,12,85,50,16,450
3286,19/10/2024,October,4,2024,North West,Liverpool University Hospitals NHS Foundation Trust,Royal Liverpool University Hospital,Type 1,439,103,401,38,98,10.6,8,202,64,64,311
3287,19/10/2024,October,4,2024,London,Guy's and St Thomas' NHS Foundation Trust,St Thomas' Hospital,Type 1,664,156,564,100,251,4.3,15,189,207,27,430
3288,19/10/2024,October,4,2024,Midlands,University Hospitals Birmingham NHS Foundation Trust,Queen Elizabeth Hospital Birmingham,Type 1,404,134,262,142,101,8.6,19,219,162,38,204
3289,19/10/2024,October,4,2024,Yorkshire and Humber,Leeds Teaching Hospitals NHS Trust,Leeds General Infirmary,Type 1,449,75,311,138,197,11.2,3,202,231,62,156
3290,19/10/2024,October,4,2024,South East,Oxford University Hospitals NHS Foundation Trust,John Radcliffe Hospital,Type 1,699,133,613,86,119,7.8,11,76,137,11,551
3291,20/10/2024,October,4,2024,North West,Liverpool University Hospitals NHS Foundation Trust,Royal Liverpool University Hospital,Type 1,403,134,371,32,227,6,8,101,211,39,153
3292,20/10/2024,October,4,2024,London,Guy's and St Thomas' NHS Foundation Trust,St Thomas' Hospital,Type 1,439,121,286,153,148,11.9,9,169,109,13,317
3293,20/10/2024,October,4,2024,Midlands,University Hospitals Birmingham NHS Foundation Trust,Queen Elizabeth Hospital Birmingham,Type 1,319,73,241,78,179,9.8,20,173,83,34,202
3294,20/10/2024,October,4,2024,Yorkshire and Humber,Leeds Teaching Hospitals NHS Trust,Leeds General Infirmary,Type 1,301,193,227,74,119,10.8,24,210,198,72,31
3295,20/10/2024,October,4,2024,South East,Oxford University Hospitals NHS Foundation Trust,John Radcliffe Hospital,Type 1,333,61,206,127,244,10.6,13,65,124,23,186
3296,21/10/2024,October,4,2024,North West,Liverpool University Hospitals NHS Foundation Trust,Royal Liverpool University Hospital,Type 1,642,186,543,99,96,6.9,25,135,56,78,508
3297,21/10/2024,October,4,2024,London,Guy's and St Thomas' NHS Foundation Trust,St Thomas' Hospital,Type 1,530,192,395,135,92,15.1,25,73,288,32,210
3298,21/10/2024,October,4,2024,Midlands,University Hospitals Birmingham NHS Foundation Trust,Queen Elizabeth Hospital Birmingham,Type 1,510,159,392,118,132,15.3,9,85,103,53,354
3299,21/10/2024,October,4,2024,Yorkshire and Humber,Leeds Teaching Hospitals NHS Trust,Leeds General Infirmary,Type 1,437,165,427,10,250,13.5,12,143,291,70,76
3300,21/10/2024,October,4,2024,South East,Oxford University Hospitals NHS Foundation Trust,John Radcliffe Hospital,Type 1,457,51,362,95,242,10.7,0,154,151,13,293
3301,22/10/2024,October,4,2024,North West,Liverpool University Hospitals NHS Foundation Trust,Royal Liverpool University Hospital,Type 1,458,86,285,173,284,8.4,7,74,71,49,338
3302,22/10/2024,October,4,2024,London,Guy's and St Thomas' NHS Foundation Trust,St Thomas' Hospital,Type 1,387,101,358,29,190,15.2,18,57,300,63,24
3303,22/10/2024,October,4,2024,Midlands,University Hospitals Birmingham NHS Foundation Trust,Queen Elizabeth Hospital Birmingham,Type 1,632,109,486,146,278,15.3,19,168,171,59,402
3304,22/10/2024,October,4,2024,Yorkshire and Humber,Leeds Teaching Hospitals NHS Trust,Leeds General Infirmary,Type 1,509,115,370,139,126,14.2,7,108,227,73,209
3305,22/10/2024,October,4,2024,South East,Oxford University Hospitals NHS Foundation Trust,John Radcliffe Hospital,Type 1,675,112,559,116,124,4.3,18,113,115,79,481
3306,23/10/2024,October,4,2024,North West,Liverpool University Hospitals NHS Foundation Trust,Royal Liverpool University Hospital,Type 1,548,157,423,125,187,6.8,22,65,198,80,270
3307,23/10/2024,October,4,2024,London,Guy's and St Thomas' NHS Foundation Trust,St Thomas' Hospital,Type 1,595,140,536,59,242,13.7,4,184,291,51,253
3308,23/10/2024,October,4,2024,Midlands,University Hospitals Birmingham NHS Foundation Trust,Queen Elizabeth Hospital Birmingham,Type 1,255,130,204,51,141,4.8,14,171,279,37,61
3309,23/10/2024,October,4,2024,Yorkshire and Humber,Leeds Teaching Hospitals NHS Trust,Leeds General Infirmary,Type 1,302,90,227,75,114,12.8,23,45,224,16,62
3310,23/10/2024,October,4,2024,South East,Oxford University Hospitals NHS Foundation Trust,John Radcliffe Hospital,Type 1,654,78,526,128,225,15.4,18,65,118,30,506
3311,24/10/2024,October,4,2024,North West,Liverpool University Hospitals NHS Foundation Trust,Royal Liverpool University Hospital,Type 1,346,170,341,5,317,6.5,11,111,86,30,230
3312,24/10/2024,October,4,2024,London,Guy's and St Thomas' NHS Foundation Trust,St Thomas' Hospital,Type 1,499,175,335,164,195,8.6,24,102,270,42,187
3313,24/10/2024,October,4,2024,Midlands,University Hospitals Birmingham NHS Foundation Trust,Queen Elizabeth Hospital Birmingham,Type 1,323,145,297,26,303,9.7,13,210,170,29,124
3314,24/10/2024,October,4,2024,Yorkshire and Humber,Leeds Teaching Hospitals NHS Trust,Leeds General Infirmary,Type 1,513,180,331,182,207,15.9,9,94,211,41,261
3315,24/10/2024,October,4,2024,South East,Oxford University Hospitals NHS Foundation Trust,John Radcliffe Hospital,Type 1,567,156,418,149,152,10.2,18,89,136,18,413
3316,25/10/2024,October,4,2024,North West,Liverpool University Hospitals NHS Foundation Trust,Royal Liverpool University Hospital,Type 1,267,60,177,90,287,5.8,15,190,297,73,103
3317,25/10/2024,October,4,2024,London,Guy's and St Thomas' NHS Foundation Trust,St Thomas' Hospital,Type 1,500,66,442,58,269,12,22,65,69,29,402
3318,25/10/2024,October,4,2024,Midlands,University Hospitals Birmingham NHS Foundation Trust,Queen Elizabeth Hospital Birmingham,Type 1,676,139,509,167,320,6.5,12,116,184,52,440
3319,25/10/2024,October,4,2024,Yorkshire and Humber,Leeds Teaching Hospitals NHS Trust,Leeds General Infirmary,Type 1,642,188,435,207,143,5.1,18,201,85,65,492
3320,25/10/2024,October,4,2024,South East,Oxford University Hospitals NHS Foundation Trust,John Radcliffe Hospital,Type 1,454,89,274,180,279,10.2,24,189,176,24,254
3321,26/10/2024,October,4,2024,North West,Liverpool University Hospitals NHS Foundation Trust,Royal Liverpool University Hospital,Type 1,647,117,519,128,119,9.5,17,205,150,75,422
3322,26/10/2024,October,4,2024,London,Guy's and St Thomas' NHS Foundation Trust,St Thomas' Hospital,Type 1,401,116,358,43,124,4.7,25,173,258,74,69
3323,26/10/2024,October,4,2024,Midlands,University Hospitals Birmingham NHS Foundation Trust,Queen Elizabeth Hospital Birmingham,Type 1,513,164,403,110,241,14.5,23,194,146,26,341
3324,26/10/2024,October,4,2024,Yorkshire and Humber,Leeds Teaching Hospitals NHS Trust,Leeds General Infirmary,Type 1,628,83,541,87,270,12.7,9,85,176,42,410
3325,26/10/2024,October,4,2024,South East,Oxford University Hospitals NHS Foundation Trust,John Radcliffe Hospital,Type 1,424,184,273,151,260,4.8,6,63,150,38,236
3326,27/10/2024,October,4,2024,North West,Liverpool University Hospitals NHS Foundation Trust,Royal Liverpool University Hospital,Type 1,568,135,450,118,197,11.3,25,59,243,72,253
3327,27/10/2024,October,4,2024,London,Guy's and St Thomas' NHS Foundation Trust,St Thomas' Hospital,Type 1,614,80,598,16,298,13.3,1,133,54,42,518
3328,27/10/2024,October,4,2024,Midlands,University Hospitals Birmingham NHS Foundation Trust,Queen Elizabeth Hospital Birmingham,Type 1,374,162,271,103,126,7.7,5,114,112,60,202
3329,27/10/2024,October,4,2024,Yorkshire and Humber,Leeds Teaching Hospitals NHS Trust,Leeds General Infirmary,Type 1,258,188,253,5,185,11.8,9,68,212,71,25
3330,27/10/2024,October,4,2024,South East,Oxford University Hospitals NHS Foundation Trust,John Radcliffe Hospital,Type 1,602,100,377,225,309,15.1,9,110,80,78,444
3331,28/10/2024,October,4,2024,North West,Liverpool University Hospitals NHS Foundation Trust,Royal Liverpool University Hospital,Type 1,436,126,416,20,120,4.2,9,92,73,60,303
3332,28/10/2024,October,4,2024,London,Guy's and St Thomas' NHS Foundation Trust,St Thomas' Hospital,Type 1,403,99,394,9,189,10.2,9,165,243,20,140
3333,28/10/2024,October,4,2024,Midlands,University Hospitals Birmingham NHS Foundation Trust,Queen Elizabeth Hospital Birmingham,Type 1,402,105,369,33,167,8.6,18,65,293,31,78
3334,28/10/2024,October,4,2024,Yorkshire and Humber,Leeds Teaching Hospitals NHS Trust,Leeds General Infirmary,Type 1,399,114,341,58,266,9.2,16,212,137,43,219
3335,28/10/2024,October,4,2024,South East,Oxford University Hospitals NHS Foundation Trust,John Radcliffe Hospital,Type 1,649,155,547,102,177,13.4,4,174,85,75,489
3336,29/10/2024,October,4,2024,North West,Liverpool University Hospitals NHS Foundation Trust,Royal Liverpool University Hospital,Type 1,566,108,389,177,127,13.4,16,148,124,79,363
3337,29/10/2024,October,4,2024,London,Guy's and St Thomas' NHS Foundation Trust,St Thomas' Hospital,Type 1,281,172,253,28,221,8.4,6,47,57,69,155
3338,29/10/2024,October,4,2024,Midlands,University Hospitals Birmingham NHS Foundation Trust,Queen Elizabeth Hospital Birmingham,Type 1,658,119,573,85,255,6.3,8,61,130,40,488
3339,29/10/2024,October,4,2024,Yorkshire and Humber,Leeds Teaching Hospitals NHS Trust,Leeds General Infirmary,Type 1,397,71,297,100,260,11.1,11,95,281,62,54
3340,29/10/2024,October,4,2024,South East,Oxford University Hospitals NHS Foundation Trust,John Radcliffe Hospital,Type 1,491,123,384,107,197,7.8,25,43,240,55,196
3341,30/10/2024,October,4,2024,North West,Liverpool University Hospitals NHS Foundation Trust,Royal Liverpool University Hospital,Type 1,446,70,428,18,184,4.4,15,58,114,50,282
3342,30/10/2024,October,4,2024,London,Guy's and St Thomas' NHS Foundation Trust,St Thomas' Hospital,Type 1,358,111,277,81,171,9,15,68,154,67,137
3343,30/10/2024,October,4,2024,Midlands,University Hospitals Birmingham NHS Foundation Trust,Queen Elizabeth Hospital Birmingham,Type 1,309,100,189,120,186,10.3,19,106,53,31,225
3344,30/10/2024,October,4,2024,Yorkshire and Humber,Leeds Teaching Hospitals NHS Trust,Leeds General Infirmary,Type 1,415,125,280,135,92,15.8,20,165,207,53,155
3345,30/10/2024,October,4,2024,South East,Oxford University Hospitals NHS Foundation Trust,John Radcliffe Hospital,Type 1,592,120,368,224,291,8.1,0,117,250,47,295
3346,31/10/2024,October,4,2024,North West,Liverpool University Hospitals NHS Foundation Trust,Royal Liverpool University Hospital,Type 1,458,63,322,136,235,12.9,24,176,99,55,304
3347,31/10/2024,October,4,2024,London,Guy's and St Thomas' NHS Foundation Trust,St Thomas' Hospital,Type 1,554,96,553,1,212,15.6,12,168,158,50,346
3348,31/10/2024,October,4,2024,Midlands,University Hospitals Birmingham NHS Foundation Trust,Queen Elizabeth Hospital Birmingham,Type 1,568,163,381,187,204,10.1,23,163,110,36,422
3349,31/10/2024,October,4,2024,Yorkshire and Humber,Leeds Teaching Hospitals NHS Trust,Leeds General Infirmary,Type 1,268,195,178,90,124,8,24,165,278,68,78
3350,31/10/2024,October,4,2024,South East,Oxford University Hospitals NHS Foundation Trust,John Radcliffe Hospital,Type 1,418,119,304,114,93,13.1,22,47,152,78,188
3351,01/11/2024,November,4,2024,North West,Liverpool University Hospitals NHS Foundation Trust,Royal Liverpool University Hospital,Type 1,627,169,564,63,250,11.8,16,53,139,43,445
3352,01/11/2024,November,4,2024,London,Guy's and St Thomas' NHS Foundation Trust,St Thomas' Hospital,Type 1,617,114,488,129,280,14.2,15,163,58,65,494
3353,01/11/2024,November,4,2024,Midlands,University Hospitals Birmingham NHS Foundation Trust,Queen Elizabeth Hospital Birmingham,Type 1,309,114,275,34,301,14.3,16,208,297,76,64
3354,01/11/2024,November,4,2024,Yorkshire and Humber,Leeds Teaching Hospitals NHS Trust,Leeds General Infirmary,Type 1,489,69,361,128,126,6.4,23,118,124,72,293
3355,01/11/2024,November,4,2024,South East,Oxford University Hospitals NHS Foundation Trust,John Radcliffe Hospital,Type 1,541,133,448,93,122,4.6,4,178,107,45,389
3356,02/11/2024,November,4,2024,North West,Liverpool University Hospitals NHS Foundation Trust,Royal Liverpool University Hospital,Type 1,396,76,271,125,112,11.1,8,80,118,16,262
3357,02/11/2024,November,4,2024,London,Guy's and St Thomas' NHS Foundation Trust,St Thomas' Hospital,Type 1,254,176,200,54,139,13,16,138,71,39,144
3358,02/11/2024,November,4,2024,Midlands,University Hospitals Birmingham NHS Foundation Trust,Queen Elizabeth Hospital Birmingham,Type 1,336,193,308,28,180,15.7,3,146,68,17,251
3359,02/11/2024,November,4,2024,Yorkshire and Humber,Leeds Teaching Hospitals NHS Trust,Leeds General Infirmary,Type 1,697,151,489,208,244,7.3,10,47,67,29,601
3360,02/11/2024,November,4,2024,South East,Oxford University Hospitals NHS Foundation Trust,John Radcliffe Hospital,Type 1,660,95,532,128,130,15.6,14,145,276,77,307
3361,03/11/2024,November,4,2024,North West,Liverpool University Hospitals NHS Foundation Trust,Royal Liverpool University Hospital,Type 1,344,108,341,3,186,13.4,18,122,237,26,81
3362,03/11/2024,November,4,2024,London,Guy's and St Thomas' NHS Foundation Trust,St Thomas' Hospital,Type 1,658,190,487,171,98,10.8,9,145,129,19,510
3363,03/11/2024,November,4,2024,Midlands,University Hospitals Birmingham NHS Foundation Trust,Queen Elizabeth Hospital Birmingham,Type 1,544,104,359,185,225,9.8,10,46,122,42,380
3364,03/11/2024,November,4,2024,Yorkshire and Humber,Leeds Teaching Hospitals NHS Trust,Leeds General Infirmary,Type 1,577,59,388,189,212,8.2,25,103,111,41,425
3365,03/11/2024,November,4,2024,South East,Oxford University Hospitals NHS Foundation Trust,John Radcliffe Hospital,Type 1,252,51,167,85,263,9.4,24,104,169,17,66
3366,04/11/2024,November,4,2024,North West,Liverpool University Hospitals NHS Foundation Trust,Royal Liverpool University Hospital,Type 1,411,105,321,90,169,12.9,12,53,228,19,164
3367,04/11/2024,November,4,2024,London,Guy's and St Thomas' NHS Foundation Trust,St Thomas' Hospital,Type 1,615,183,417,198,245,14.3,24,89,107,47,461
3368,04/11/2024,November,4,2024,Midlands,University Hospitals Birmingham NHS Foundation Trust,Queen Elizabeth Hospital Birmingham,Type 1,510,127,432,78,300,10.9,19,89,196,79,235
3369,04/11/2024,November,4,2024,Yorkshire and Humber,Leeds Teaching Hospitals NHS Trust,Leeds General Infirmary,Type 1,304,194,304,0,222,15.3,0,165,90,23,191
3370,04/11/2024,November,4,2024,South East,Oxford University Hospitals NHS Foundation Trust,John Radcliffe Hospital,Type 1,379,53,297,82,185,6.1,13,216,273,61,45
3371,05/11/2024,November,4,2024,North West,Liverpool University Hospitals NHS Foundation Trust,Royal Liverpool University Hospital,Type 1,437,58,311,126,222,8.8,14,41,114,54,269
3372,05/11/2024,November,4,2024,London,Guy's and St Thomas' NHS Foundation Trust,St Thomas' Hospital,Type 1,390,98,314,76,114,10.4,23,185,224,30,136
3373,05/11/2024,November,4,2024,Midlands,University Hospitals Birmingham NHS Foundation Trust,Queen Elizabeth Hospital Birmingham,Type 1,467,154,425,42,292,15.2,0,178,169,10,288
3374,05/11/2024,November,4,2024,Yorkshire and Humber,Leeds Teaching Hospitals NHS Trust,Leeds General Infirmary,Type 1,603,117,588,15,202,9.1,4,111,298,25,280
3375,05/11/2024,November,4,2024,South East,Oxford University Hospitals NHS Foundation Trust,John Radcliffe Hospital,Type 1,471,75,404,67,265,11.2,2,53,104,44,323
3376,06/11/2024,November,4,2024,North West,Liverpool University Hospitals NHS Foundation Trust,Royal Liverpool University Hospital,Type 1,695,145,470,225,181,8.7,12,148,233,35,427
3377,06/11/2024,November,4,2024,London,Guy's and St Thomas' NHS Foundation Trust,St Thomas' Hospital,Type 1,272,116,250,22,90,15.7,4,129,236,54,18
3378,06/11/2024,November,4,2024,Midlands,University Hospitals Birmingham NHS Foundation Trust,Queen Elizabeth Hospital Birmingham,Type 1,465,154,384,81,106,7.9,23,127,281,54,130
3379,06/11/2024,November,4,2024,Yorkshire and Humber,Leeds Teaching Hospitals NHS Trust,Leeds General Infirmary,Type 1,467,179,313,154,148,5.2,9,111,224,79,164
3380,06/11/2024,November,4,2024,South East,Oxford University Hospitals NHS Foundation Trust,John Radcliffe Hospital,Type 1,468,176,397,71,174,7.9,23,108,233,70,165
3381,07/11/2024,November,4,2024,North West,Liverpool University Hospitals NHS Foundation Trust,Royal Liverpool University Hospital,Type 1,493,70,387,106,134,6.7,5,71,110,14,369
3382,07/11/2024,November,4,2024,London,Guy's and St Thomas' NHS Foundation Trust,St Thomas' Hospital,Type 1,324,104,210,114,193,4.7,5,186,235,15,74
3383,07/11/2024,November,4,2024,Midlands,University Hospitals Birmingham NHS Foundation Trust,Queen Elizabeth Hospital Birmingham,Type 1,441,73,289,152,295,15.5,21,151,253,74,114
3384,07/11/2024,November,4,2024,Yorkshire and Humber,Leeds Teaching Hospitals NHS Trust,Leeds General Infirmary,Type 1,393,59,342,51,252,4.4,17,53,124,13,256
3385,07/11/2024,November,4,2024,South East,Oxford University Hospitals NHS Foundation Trust,John Radcliffe Hospital,Type 1,403,152,273,130,226,5,1,164,195,79,129
3386,08/11/2024,November,4,2024,North West,Liverpool University Hospitals NHS Foundation Trust,Royal Liverpool University Hospital,Type 1,555,64,354,201,278,12.7,23,194,283,70,202
3387,08/11/2024,November,4,2024,London,Guy's and St Thomas' NHS Foundation Trust,St Thomas' Hospital,Type 1,349,161,321,28,167,12,8,53,144,22,183
3388,08/11/2024,November,4,2024,Midlands,University Hospitals Birmingham NHS Foundation Trust,Queen Elizabeth Hospital Birmingham,Type 1,674,76,549,125,208,7.2,12,86,75,28,571
3389,08/11/2024,November,4,2024,Yorkshire and Humber,Leeds Teaching Hospitals NHS Trust,Leeds General Infirmary,Type 1,290,150,195,95,122,15.4,14,44,234,14,42
3390,08/11/2024,November,4,2024,South East,Oxford University Hospitals NHS Foundation Trust,John Radcliffe Hospital,Type 1,381,88,376,5,220,12.9,9,66,63,39,279
3391,09/11/2024,November,4,2024,North West,Liverpool University Hospitals NHS Foundation Trust,Royal Liverpool University Hospital,Type 1,533,159,481,52,148,7.5,0,129,57,14,462
3392,09/11/2024,November,4,2024,London,Guy's and St Thomas' NHS Foundation Trust,St Thomas' Hospital,Type 1,318,72,240,78,235,15.4,4,184,97,60,161
3393,09/11/2024,November,4,2024,Midlands,University Hospitals Birmingham NHS Foundation Trust,Queen Elizabeth Hospital Birmingham,Type 1,356,182,321,35,294,5.4,0,92,129,39,188
3394,09/11/2024,November,4,2024,Yorkshire and Humber,Leeds Teaching Hospitals NHS Trust,Leeds General Infirmary,Type 1,678,147,541,137,154,10.3,13,183,65,72,541
3395,09/11/2024,November,4,2024,South East,Oxford University Hospitals NHS Foundation Trust,John Radcliffe Hospital,Type 1,576,88,347,229,271,11.3,13,152,114,54,408
3396,10/11/2024,November,4,2024,North West,Liverpool University Hospitals NHS Foundation Trust,Royal Liverpool University Hospital,Type 1,593,184,527,66,193,9.8,19,42,66,41,486
3397,10/11/2024,November,4,2024,London,Guy's and St Thomas' NHS Foundation Trust,St Thomas' Hospital,Type 1,519,148,352,167,244,11.4,6,132,82,58,379
3398,10/11/2024,November,4,2024,Midlands,University Hospitals Birmingham NHS Foundation Trust,Queen Elizabeth Hospital Birmingham,Type 1,288,62,286,2,240,12.2,12,66,99,39,150
3399,10/11/2024,November,4,2024,Yorkshire and Humber,Leeds Teaching Hospitals NHS Trust,Leeds General Infirmary,Type 1,281,124,265,16,182,4.4,5,81,101,39,141
3400,10/11/2024,November,4,2024,South East,Oxford University Hospitals NHS Foundation Trust,John Radcliffe Hospital,Type 1,555,64,335,220,290,15.7,8,123,251,75,229
3401,11/11/2024,November,4,2024,North West,Liverpool University Hospitals NHS Foundation Trust,Royal Liverpool University Hospital,Type 1,294,200,222,72,152,8.7,12,40,245,78,29
3402,11/11/2024,November,4,2024,London,Guy's and St Thomas' NHS Foundation Trust,St Thomas' Hospital,Type 1,597,200,593,4,250,9.8,9,98,134,17,446
3403,11/11/2024,November,4,2024,Midlands,University Hospitals Birmingham NHS Foundation Trust,Queen Elizabeth Hospital Birmingham,Type 1,426,113,383,43,261,9.7,3,117,200,19,207
3404,11/11/2024,November,4,2024,Yorkshire and Humber,Leeds Teaching Hospitals NHS Trust,Leeds General Infirmary,Type 1,324,92,261,63,164,11.5,0,150,54,69,201
3405,11/11/2024,November,4,2024,South East,Oxford University Hospitals NHS Foundation Trust,John Radcliffe Hospital,Type 1,336,54,271,65,156,15.8,19,46,179,79,78
3406,12/11/2024,November,4,2024,North West,Liverpool University Hospitals NHS Foundation Trust,Royal Liverpool University Hospital,Type 1,575,108,520,55,249,12.4,1,192,167,20,388
3407,12/11/2024,November,4,2024,London,Guy's and St Thomas' NHS Foundation Trust,St Thomas' Hospital,Type 1,537,56,482,55,95,12.4,0,113,160,80,297
3408,12/11/2024,November,4,2024,Midlands,University Hospitals Birmingham NHS Foundation Trust,Queen Elizabeth Hospital Birmingham,Type 1,376,197,338,38,181,15.5,9,161,191,57,128
3409,12/11/2024,November,4,2024,Yorkshire and Humber,Leeds Teaching Hospitals NHS Trust,Leeds General Infirmary,Type 1,265,50,193,72,159,13.3,20,163,215,46,4
3410,12/11/2024,November,4,2024,South East,Oxford University Hospitals NHS Foundation Trust,John Radcliffe Hospital,Type 1,419,105,356,63,150,14.6,9,180,102,46,271
3411,13/11/2024,November,4,2024,North West,Liverpool University Hospitals NHS Foundation Trust,Royal Liverpool University Hospital,Type 1,538,107,403,135,206,14.1,14,154,142,52,344
3412,13/11/2024,November,4,2024,London,Guy's and St Thomas' NHS Foundation Trust,St Thomas' Hospital,Type 1,513,166,432,81,191,7.2,10,46,232,19,262
3413,13/11/2024,November,4,2024,Midlands,University Hospitals Birmingham NHS Foundation Trust,Queen Elizabeth Hospital Birmingham,Type 1,552,115,353,199,144,6.6,0,94,144,27,381
3414,13/11/2024,November,4,2024,Yorkshire and Humber,Leeds Teaching Hospitals NHS Trust,Leeds General Infirmary,Type 1,365,165,279,86,271,12.6,0,50,56,20,289
3415,13/11/2024,November,4,2024,South East,Oxford University Hospitals NHS Foundation Trust,John Radcliffe Hospital,Type 1,324,85,267,57,215,7.4,22,181,231,52,41
3416,14/11/2024,November,4,2024,North West,Liverpool University Hospitals NHS Foundation Trust,Royal Liverpool University Hospital,Type 1,600,122,407,193,235,10.9,17,179,174,38,388
3417,14/11/2024,November,4,2024,London,Guy's and St Thomas' NHS Foundation Trust,St Thomas' Hospital,Type 1,622,173,432,190,309,9.1,22,65,60,33,529
3418,14/11/2024,November,4,2024,Midlands,University Hospitals Birmingham NHS Foundation Trust,Queen Elizabeth Hospital Birmingham,Type 1,679,154,586,93,272,8.3,12,110,207,80,392
3419,14/11/2024,November,4,2024,Yorkshire and Humber,Leeds Teaching Hospitals NHS Trust,Leeds General Infirmary,Type 1,438,148,358,80,211,5,13,125,276,53,109
3420,14/11/2024,November,4,2024,South East,Oxford University Hospitals NHS Foundation Trust,John Radcliffe Hospital,Type 1,388,74,307,81,292,4.2,18,53,145,11,232
3421,15/11/2024,November,4,2024,North West,Liverpool University Hospitals NHS Foundation Trust,Royal Liverpool University Hospital,Type 1,438,137,437,1,231,6.7,8,126,224,66,148
3422,15/11/2024,November,4,2024,London,Guy's and St Thomas' NHS Foundation Trust,St Thomas' Hospital,Type 1,688,75,678,10,235,15.5,9,195,85,76,527
3423,15/11/2024,November,4,2024,Midlands,University Hospitals Birmingham NHS Foundation Trust,Queen Elizabeth Hospital Birmingham,Type 1,560,111,395,165,312,15.8,5,69,115,37,408
3424,15/11/2024,November,4,2024,Yorkshire and Humber,Leeds Teaching Hospitals NHS Trust,Leeds General Infirmary,Type 1,459,66,395,64,153,11.5,8,134,125,16,318
3425,15/11/2024,November,4,2024,South East,Oxford University Hospitals NHS Foundation Trust,John Radcliffe Hospital,Type 1,496,135,394,102,244,9.4,1,179,263,35,198
3426,16/11/2024,November,4,2024,North West,Liverpool University Hospitals NHS Foundation Trust,Royal Liverpool University Hospital,Type 1,340,92,295,45,167,8.3,15,121,126,15,199
3427,16/11/2024,November,4,2024,London,Guy's and St Thomas' NHS Foundation Trust,St Thomas' Hospital,Type 1,382,152,343,39,289,7.7,23,96,59,35,288
3428,16/11/2024,November,4,2024,Midlands,University Hospitals Birmingham NHS Foundation Trust,Queen Elizabeth Hospital Birmingham,Type 1,480,55,310,170,176,13.4,4,44,77,13,390
3429,16/11/2024,November,4,2024,Yorkshire and Humber,Leeds Teaching Hospitals NHS Trust,Leeds General Infirmary,Type 1,608,106,422,186,198,13.5,3,196,154,55,399
3430,16/11/2024,November,4,2024,South East,Oxford University Hospitals NHS Foundation Trust,John Radcliffe Hospital,Type 1,256,84,190,66,301,4.1,8,166,137,35,84
3431,17/11/2024,November,4,2024,North West,Liverpool University Hospitals NHS Foundation Trust,Royal Liverpool University Hospital,Type 1,291,174,209,82,181,9.2,2,205,244,63,16
3432,17/11/2024,November,4,2024,London,Guy's and St Thomas' NHS Foundation Trust,St Thomas' Hospital,Type 1,674,121,546,128,111,6.7,24,75,170,40,464
3433,17/11/2024,November,4,2024,Midlands,University Hospitals Birmingham NHS Foundation Trust,Queen Elizabeth Hospital Birmingham,Type 1,264,102,203,61,233,10.1,1,70,268,17,21
3434,17/11/2024,November,4,2024,Yorkshire and Humber,Leeds Teaching Hospitals NHS Trust,Leeds General Infirmary,Type 1,652,73,459,193,117,6,8,106,156,44,452
3435,17/11/2024,November,4,2024,South East,Oxford University Hospitals NHS Foundation Trust,John Radcliffe Hospital,Type 1,417,75,353,64,214,4.4,9,95,176,24,217
3436,18/11/2024,November,4,2024,North West,Liverpool University Hospitals NHS Foundation Trust,Royal Liverpool University Hospital,Type 1,475,112,318,157,310,6.9,15,182,111,40,324
3437,18/11/2024,November,4,2024,London,Guy's and St Thomas' NHS Foundation Trust,St Thomas' Hospital,Type 1,647,150,476,171,123,4.3,24,41,272,21,354
3438,18/11/2024,November,4,2024,Midlands,University Hospitals Birmingham NHS Foundation Trust,Queen Elizabeth Hospital Birmingham,Type 1,698,162,542,156,183,12.1,11,129,160,29,509
3439,18/11/2024,November,4,2024,Yorkshire and Humber,Leeds Teaching Hospitals NHS Trust,Leeds General Infirmary,Type 1,348,164,299,49,113,15.5,23,151,187,25,136
3440,18/11/2024,November,4,2024,South East,Oxford University Hospitals NHS Foundation Trust,John Radcliffe Hospital,Type 1,600,190,558,42,194,8.4,17,178,246,75,279
3441,19/11/2024,November,4,2024,North West,Liverpool University Hospitals NHS Foundation Trust,Royal Liverpool University Hospital,Type 1,452,74,347,105,309,12.7,1,208,198,60,194
3442,19/11/2024,November,4,2024,London,Guy's and St Thomas' NHS Foundation Trust,St Thomas' Hospital,Type 1,426,141,378,48,303,11.1,25,45,101,63,262
3443,19/11/2024,November,4,2024,Midlands,University Hospitals Birmingham NHS Foundation Trust,Queen Elizabeth Hospital Birmingham,Type 1,387,111,347,40,117,14,21,138,82,66,239
3444,19/11/2024,November,4,2024,Yorkshire and Humber,Leeds Teaching Hospitals NHS Trust,Leeds General Infirmary,Type 1,699,190,476,223,116,4.7,20,100,186,70,443
3445,19/11/2024,November,4,2024,South East,Oxford University Hospitals NHS Foundation Trust,John Radcliffe Hospital,Type 1,622,181,448,174,295,5.8,9,121,173,71,378
3446,20/11/2024,November,4,2024,North West,Liverpool University Hospitals NHS Foundation Trust,Royal Liverpool University Hospital,Type 1,456,60,456,0,298,13.5,25,153,137,25,294
3447,20/11/2024,November,4,2024,London,Guy's and St Thomas' NHS Foundation Trust,St Thomas' Hospital,Type 1,250,139,211,39,305,7.3,6,65,107,63,80
3448,20/11/2024,November,4,2024,Midlands,University Hospitals Birmingham NHS Foundation Trust,Queen Elizabeth Hospital Birmingham,Type 1,380,114,335,45,282,7.3,4,92,231,32,117
3449,20/11/2024,November,4,2024,Yorkshire and Humber,Leeds Teaching Hospitals NHS Trust,Leeds General Infirmary,Type 1,526,160,467,59,110,7.3,1,219,83,65,378
3450,20/11/2024,November,4,2024,South East,Oxford University Hospitals NHS Foundation Trust,John Radcliffe Hospital,Type 1,315,159,305,10,182,7,20,150,117,39,159
3451,21/11/2024,November,4,2024,North West,Liverpool University Hospitals NHS Foundation Trust,Royal Liverpool University Hospital,Type 1,407,50,406,1,172,6.2,4,114,74,53,280
3452,21/11/2024,November,4,2024,London,Guy's and St Thomas' NHS Foundation Trust,St Thomas' Hospital,Type 1,426,151,426,0,261,6.9,25,50,279,58,89
3453,21/11/2024,November,4,2024,Midlands,University Hospitals Birmingham NHS Foundation Trust,Queen Elizabeth Hospital Birmingham,Type 1,416,74,362,54,145,16,0,78,121,50,245
3454,21/11/2024,November,4,2024,Yorkshire and Humber,Leeds Teaching Hospitals NHS Trust,Leeds General Infirmary,Type 1,560,127,371,189,262,8.9,0,99,216,34,310
3455,21/11/2024,November,4,2024,South East,Oxford University Hospitals NHS Foundation Trust,John Radcliffe Hospital,Type 1,279,67,274,5,287,9.7,19,104,227,73,21
3456,22/11/2024,November,4,2024,North West,Liverpool University Hospitals NHS Foundation Trust,Royal Liverpool University Hospital,Type 1,430,146,276,154,210,6.7,17,136,152,44,234
3457,22/11/2024,November,4,2024,London,Guy's and St Thomas' NHS Foundation Trust,St Thomas' Hospital,Type 1,644,179,455,189,130,4.3,23,68,97,18,529
3458,22/11/2024,November,4,2024,Midlands,University Hospitals Birmingham NHS Foundation Trust,Queen Elizabeth Hospital Birmingham,Type 1,545,71,458,87,205,11.8,11,75,53,55,437
3459,22/11/2024,November,4,2024,Yorkshire and Humber,Leeds Teaching Hospitals NHS Trust,Leeds General Infirmary,Type 1,511,158,499,12,299,13.7,24,82,185,71,255
3460,22/11/2024,November,4,2024,South East,Oxford University Hospitals NHS Foundation Trust,John Radcliffe Hospital,Type 1,479,78,296,183,208,6,5,65,239,58,182
3461,23/11/2024,November,4,2024,North West,Liverpool University Hospitals NHS Foundation Trust,Royal Liverpool University Hospital,Type 1,254,53,186,68,311,13.7,19,98,72,33,149
3462,23/11/2024,November,4,2024,London,Guy's and St Thomas' NHS Foundation Trust,St Thomas' Hospital,Type 1,650,195,564,86,222,9.5,17,86,158,20,472
3463,23/11/2024,November,4,2024,Midlands,University Hospitals Birmingham NHS Foundation Trust,Queen Elizabeth Hospital Birmingham,Type 1,554,134,490,64,208,14.7,23,90,242,30,282
3464,23/11/2024,November,4,2024,Yorkshire and Humber,Leeds Teaching Hospitals NHS Trust,Leeds General Infirmary,Type 1,262,152,225,37,257,4.2,8,197,55,13,194
3465,23/11/2024,November,4,2024,South East,Oxford University Hospitals NHS Foundation Trust,John Radcliffe Hospital,Type 1,570,70,359,211,274,9.4,9,129,136,74,360
3466,24/11/2024,November,4,2024,North West,Liverpool University Hospitals NHS Foundation Trust,Royal Liverpool University Hospital,Type 1,476,89,364,112,303,6.2,24,169,242,24,210
3467,24/11/2024,November,4,2024,London,Guy's and St Thomas' NHS Foundation Trust,St Thomas' Hospital,Type 1,477,197,413,64,107,15.2,2,118,103,37,337
3468,24/11/2024,November,4,2024,Midlands,University Hospitals Birmingham NHS Foundation Trust,Queen Elizabeth Hospital Birmingham,Type 1,556,106,519,37,220,14.8,3,181,225,66,265
3469,24/11/2024,November,4,2024,Yorkshire and Humber,Leeds Teaching Hospitals NHS Trust,Leeds General Infirmary,Type 1,274,85,258,16,155,7.1,7,190,238,73,37
3470,24/11/2024,November,4,2024,South East,Oxford University Hospitals NHS Foundation Trust,John Radcliffe Hospital,Type 1,271,100,168,103,272,5.9,2,216,273,65,67
3471,25/11/2024,November,4,2024,North West,Liverpool University Hospitals NHS Foundation Trust,Royal Liverpool University Hospital,Type 1,451,198,322,129,143,4.1,16,133,135,78,238
3472,25/11/2024,November,4,2024,London,Guy's and St Thomas' NHS Foundation Trust,St Thomas' Hospital,Type 1,272,102,259,13,222,5.9,18,152,187,67,18
3473,25/11/2024,November,4,2024,Midlands,University Hospitals Birmingham NHS Foundation Trust,Queen Elizabeth Hospital Birmingham,Type 1,653,166,406,247,130,15.9,17,145,140,17,496
3474,25/11/2024,November,4,2024,Yorkshire and Humber,Leeds Teaching Hospitals NHS Trust,Leeds General Infirmary,Type 1,357,57,243,114,255,6.9,6,104,70,47,240
3475,25/11/2024,November,4,2024,South East,Oxford University Hospitals NHS Foundation Trust,John Radcliffe Hospital,Type 1,384,77,249,135,216,13,16,163,191,59,134
3476,26/11/2024,November,4,2024,North West,Liverpool University Hospitals NHS Foundation Trust,Royal Liverpool University Hospital,Type 1,273,181,190,83,281,8,16,167,134,34,105
3477,26/11/2024,November,4,2024,London,Guy's and St Thomas' NHS Foundation Trust,St Thomas' Hospital,Type 1,598,110,468,130,113,8,7,217,183,52,363
3478,26/11/2024,November,4,2024,Midlands,University Hospitals Birmingham NHS Foundation Trust,Queen Elizabeth Hospital Birmingham,Type 1,630,85,483,147,202,14,9,189,165,56,409
3479,26/11/2024,November,4,2024,Yorkshire and Humber,Leeds Teaching Hospitals NHS Trust,Leeds General Infirmary,Type 1,285,169,187,98,96,7.7,10,168,60,63,162
3480,26/11/2024,November,4,2024,South East,Oxford University Hospitals NHS Foundation Trust,John Radcliffe Hospital,Type 1,299,70,211,88,311,6.3,17,180,299,41,41
3481,27/11/2024,November,4,2024,North West,Liverpool University Hospitals NHS Foundation Trust,Royal Liverpool University Hospital,Type 1,677,160,518,159,236,14,13,67,133,80,464
3482,27/11/2024,November,4,2024,London,Guy's and St Thomas' NHS Foundation Trust,St Thomas' Hospital,Type 1,478,113,375,103,112,10,5,50,132,43,303
3483,27/11/2024,November,4,2024,Midlands,University Hospitals Birmingham NHS Foundation Trust,Queen Elizabeth Hospital Birmingham,Type 1,287,178,261,26,279,11.7,19,103,78,69,140
3484,27/11/2024,November,4,2024,Yorkshire and Humber,Leeds Teaching Hospitals NHS Trust,Leeds General Infirmary,Type 1,359,132,329,30,293,9.6,11,97,281,31,47
3485,27/11/2024,November,4,2024,South East,Oxford University Hospitals NHS Foundation Trust,John Radcliffe Hospital,Type 1,394,185,326,68,167,4,0,158,62,27,305
3486,28/11/2024,November,4,2024,North West,Liverpool University Hospitals NHS Foundation Trust,Royal Liverpool University Hospital,Type 1,587,188,417,170,136,12.8,25,220,64,31,492
3487,28/11/2024,November,4,2024,London,Guy's and St Thomas' NHS Foundation Trust,St Thomas' Hospital,Type 1,506,123,486,20,252,7.2,18,200,117,66,323
3488,28/11/2024,November,4,2024,Midlands,University Hospitals Birmingham NHS Foundation Trust,Queen Elizabeth Hospital Birmingham,Type 1,595,120,511,84,245,5.1,23,50,273,74,248
3489,28/11/2024,November,4,2024,Yorkshire and Humber,Leeds Teaching Hospitals NHS Trust,Leeds General Infirmary,Type 1,629,165,404,225,301,9.6,8,156,249,19,361
3490,28/11/2024,November,4,2024,South East,Oxford University Hospitals NHS Foundation Trust,John Radcliffe Hospital,Type 1,557,179,352,205,198,10.2,5,155,146,70,341
3491,29/11/2024,November,4,2024,North West,Liverpool University Hospitals NHS Foundation Trust,Royal Liverpool University Hospital,Type 1,333,73,252,81,245,10.4,24,107,224,66,43
3492,29/11/2024,November,4,2024,London,Guy's and St Thomas' NHS Foundation Trust,St Thomas' Hospital,Type 1,390,104,390,0,108,16,25,53,251,38,101
3493,29/11/2024,November,4,2024,Midlands,University Hospitals Birmingham NHS Foundation Trust,Queen Elizabeth Hospital Birmingham,Type 1,660,178,591,69,242,15.8,3,220,123,63,474
3494,29/11/2024,November,4,2024,Yorkshire and Humber,Leeds Teaching Hospitals NHS Trust,Leeds General Infirmary,Type 1,423,141,274,149,283,5.3,11,97,269,60,94
3495,29/11/2024,November,4,2024,South East,Oxford University Hospitals NHS Foundation Trust,John Radcliffe Hospital,Type 1,363,181,259,104,236,5.4,20,189,189,26,148
3496,30/11/2024,November,4,2024,North West,Liverpool University Hospitals NHS Foundation Trust,Royal Liverpool University Hospital,Type 1,699,159,658,41,140,11.3,1,182,258,11,430
3497,30/11/2024,November,4,2024,London,Guy's and St Thomas' NHS Foundation Trust,St Thomas' Hospital,Type 1,485,148,478,7,318,4.5,2,104,257,78,150
3498,30/11/2024,November,4,2024,Midlands,University Hospitals Birmingham NHS Foundation Trust,Queen Elizabeth Hospital Birmingham,Type 1,442,95,280,162,112,7.1,3,166,244,49,149
3499,30/11/2024,November,4,2024,Yorkshire and Humber,Leeds Teaching Hospitals NHS Trust,Leeds General Infirmary,Type 1,376,72,248,128,281,11,0,47,251,68,57
3500,30/11/2024,November,4,2024,South East,Oxford University Hospitals NHS Foundation Trust,John Radcliffe Hospital,Type 1,293,151,249,44,107,8.4,0,62,300,58,65
3501,01/12/2024,December,4,2024,North West,Liverpool University Hospitals NHS Foundation Trust,Royal Liverpool University Hospital,Type 1,389,165,329,60,142,8.8,12,156,53,19,317
3502,01/12/2024,December,4,2024,London,Guy's and St Thomas' NHS Foundation Trust,St Thomas' Hospital,Type 1,591,68,361,230,302,10.4,5,64,287,63,241
3503,01/12/2024,December,4,2024,Midlands,University Hospitals Birmingham NHS Foundation Trust,Queen Elizabeth Hospital Birmingham,Type 1,682,195,447,235,214,15.5,0,91,190,65,427
3504,01/12/2024,December,4,2024,Yorkshire and Humber,Leeds Teaching Hospitals NHS Trust,Leeds General Infirmary,Type 1,322,180,217,105,266,15.3,8,79,261,60,1
3505,01/12/2024,December,4,2024,South East,Oxford University Hospitals NHS Foundation Trust,John Radcliffe Hospital,Type 1,585,53,356,229,131,14.3,21,51,292,22,271
3506,02/12/2024,December,4,2024,North West,Liverpool University Hospitals NHS Foundation Trust,Royal Liverpool University Hospital,Type 1,505,85,391,114,214,15.6,9,189,189,17,299
3507,02/12/2024,December,4,2024,London,Guy's and St Thomas' NHS Foundation Trust,St Thomas' Hospital,Type 1,295,179,216,79,171,14.8,22,92,298,67,70
3508,02/12/2024,December,4,2024,Midlands,University Hospitals Birmingham NHS Foundation Trust,Queen Elizabeth Hospital Birmingham,Type 1,606,103,386,220,190,14.8,7,104,97,77,432
3509,02/12/2024,December,4,2024,Yorkshire and Humber,Leeds Teaching Hospitals NHS Trust,Leeds General Infirmary,Type 1,503,56,371,132,102,13.7,2,154,245,73,185
3510,02/12/2024,December,4,2024,South East,Oxford University Hospitals NHS Foundation Trust,John Radcliffe Hospital,Type 1,603,183,581,22,166,9.7,21,191,260,45,298
3511,03/12/2024,December,4,2024,North West,Liverpool University Hospitals NHS Foundation Trust,Royal Liverpool University Hospital,Type 1,516,165,487,29,251,5,3,90,153,71,292
3512,03/12/2024,December,4,2024,London,Guy's and St Thomas' NHS Foundation Trust,St Thomas' Hospital,Type 1,534,191,355,179,134,15.9,10,157,139,22,373
3513,03/12/2024,December,4,2024,Midlands,University Hospitals Birmingham NHS Foundation Trust,Queen Elizabeth Hospital Birmingham,Type 1,628,153,500,128,215,4.2,23,167,300,47,281
3514,03/12/2024,December,4,2024,Yorkshire and Humber,Leeds Teaching Hospitals NHS Trust,Leeds General Infirmary,Type 1,306,155,256,50,107,4.6,7,164,218,31,57
3515,03/12/2024,December,4,2024,South East,Oxford University Hospitals NHS Foundation Trust,John Radcliffe Hospital,Type 1,453,113,357,96,290,14.2,9,132,117,55,281
3516,04/12/2024,December,4,2024,North West,Liverpool University Hospitals NHS Foundation Trust,Royal Liverpool University Hospital,Type 1,454,106,383,71,288,7.8,3,189,110,60,284
3517,04/12/2024,December,4,2024,London,Guy's and St Thomas' NHS Foundation Trust,St Thomas' Hospital,Type 1,674,168,630,44,152,10.5,15,206,50,34,590
3518,04/12/2024,December,4,2024,Midlands,University Hospitals Birmingham NHS Foundation Trust,Queen Elizabeth Hospital Birmingham,Type 1,491,83,408,83,309,9.4,12,190,152,40,299
3519,04/12/2024,December,4,2024,Yorkshire and Humber,Leeds Teaching Hospitals NHS Trust,Leeds General Infirmary,Type 1,391,146,281,110,114,11.2,10,199,117,56,218
3520,04/12/2024,December,4,2024,South East,Oxford University Hospitals NHS Foundation Trust,John Radcliffe Hospital,Type 1,663,191,561,102,130,13.5,9,135,81,31,551
3521,05/12/2024,December,4,2024,North West,Liverpool University Hospitals NHS Foundation Trust,Royal Liverpool University Hospital,Type 1,581,52,520,61,132,10,15,78,299,41,241
3522,05/12/2024,December,4,2024,London,Guy's and St Thomas' NHS Foundation Trust,St Thomas' Hospital,Type 1,617,148,545,72,140,15.2,22,192,61,21,535
3523,05/12/2024,December,4,2024,Midlands,University Hospitals Birmingham NHS Foundation Trust,Queen Elizabeth Hospital Birmingham,Type 1,611,174,489,122,206,13.8,5,58,235,61,315
3524,05/12/2024,December,4,2024,Yorkshire and Humber,Leeds Teaching Hospitals NHS Trust,Leeds General Infirmary,Type 1,259,155,183,76,220,8.3,3,87,172,70,17
3525,05/12/2024,December,4,2024,South East,Oxford University Hospitals NHS Foundation Trust,John Radcliffe Hospital,Type 1,524,125,515,9,101,6,9,177,90,66,368
3526,06/12/2024,December,4,2024,North West,Liverpool University Hospitals NHS Foundation Trust,Royal Liverpool University Hospital,Type 1,250,185,174,76,92,11.2,12,203,140,65,45
3527,06/12/2024,December,4,2024,London,Guy's and St Thomas' NHS Foundation Trust,St Thomas' Hospital,Type 1,661,148,446,215,117,12.9,16,146,68,26,567
3528,06/12/2024,December,4,2024,Midlands,University Hospitals Birmingham NHS Foundation Trust,Queen Elizabeth Hospital Birmingham,Type 1,399,182,391,8,123,14.9,9,176,239,77,83
3529,06/12/2024,December,4,2024,Yorkshire and Humber,Leeds Teaching Hospitals NHS Trust,Leeds General Infirmary,Type 1,257,177,166,91,172,9.3,22,206,294,19,56
3530,06/12/2024,December,4,2024,South East,Oxford University Hospitals NHS Foundation Trust,John Radcliffe Hospital,Type 1,459,75,357,102,285,15,12,201,207,38,214
3531,07/12/2024,December,4,2024,North West,Liverpool University Hospitals NHS Foundation Trust,Royal Liverpool University Hospital,Type 1,318,177,259,59,268,13.8,23,92,50,31,237
3532,07/12/2024,December,4,2024,London,Guy's and St Thomas' NHS Foundation Trust,St Thomas' Hospital,Type 1,606,110,402,204,199,8.4,8,153,83,74,449
3533,07/12/2024,December,4,2024,Midlands,University Hospitals Birmingham NHS Foundation Trust,Queen Elizabeth Hospital Birmingham,Type 1,492,135,341,151,239,10.8,20,92,112,67,313
3534,07/12/2024,December,4,2024,Yorkshire and Humber,Leeds Teaching Hospitals NHS Trust,Leeds General Infirmary,Type 1,263,100,196,67,231,5.1,2,200,51,46,166
3535,07/12/2024,December,4,2024,South East,Oxford University Hospitals NHS Foundation Trust,John Radcliffe Hospital,Type 1,664,165,557,107,165,14.7,11,99,299,53,312
3536,08/12/2024,December,4,2024,North West,Liverpool University Hospitals NHS Foundation Trust,Royal Liverpool University Hospital,Type 1,330,59,312,18,296,15.5,22,178,231,52,47
3537,08/12/2024,December,4,2024,London,Guy's and St Thomas' NHS Foundation Trust,St Thomas' Hospital,Type 1,421,54,328,93,105,15.6,0,185,246,47,128
3538,08/12/2024,December,4,2024,Midlands,University Hospitals Birmingham NHS Foundation Trust,Queen Elizabeth Hospital Birmingham,Type 1,622,76,523,99,125,13.7,4,191,65,36,521
3539,08/12/2024,December,4,2024,Yorkshire and Humber,Leeds Teaching Hospitals NHS Trust,Leeds General Infirmary,Type 1,447,52,425,22,129,12.3,25,202,274,69,104
3540,08/12/2024,December,4,2024,South East,Oxford University Hospitals NHS Foundation Trust,John Radcliffe Hospital,Type 1,431,187,392,39,164,8.3,6,185,68,51,312
3541,09/12/2024,December,4,2024,North West,Liverpool University Hospitals NHS Foundation Trust,Royal Liverpool University Hospital,Type 1,636,125,622,14,251,13.6,7,144,121,35,480
3542,09/12/2024,December,4,2024,London,Guy's and St Thomas' NHS Foundation Trust,St Thomas' Hospital,Type 1,304,120,261,43,176,8.4,19,150,227,62,15
3543,09/12/2024,December,4,2024,Midlands,University Hospitals Birmingham NHS Foundation Trust,Queen Elizabeth Hospital Birmingham,Type 1,662,83,511,151,221,14.9,18,172,213,24,425
3544,09/12/2024,December,4,2024,Yorkshire and Humber,Leeds Teaching Hospitals NHS Trust,Leeds General Infirmary,Type 1,305,158,200,105,95,15.8,20,119,236,77,8
3545,09/12/2024,December,4,2024,South East,Oxford University Hospitals NHS Foundation Trust,John Radcliffe Hospital,Type 1,406,153,349,57,267,12.4,14,187,178,32,196
3546,10/12/2024,December,4,2024,North West,Liverpool University Hospitals NHS Foundation Trust,Royal Liverpool University Hospital,Type 1,483,130,475,8,224,11.6,7,208,106,37,340
3547,10/12/2024,December,4,2024,London,Guy's and St Thomas' NHS Foundation Trust,St Thomas' Hospital,Type 1,592,80,400,192,278,10.9,6,109,169,49,374
3548,10/12/2024,December,4,2024,Midlands,University Hospitals Birmingham NHS Foundation Trust,Queen Elizabeth Hospital Birmingham,Type 1,410,89,398,12,184,7.5,3,184,72,76,262
3549,10/12/2024,December,4,2024,Yorkshire and Humber,Leeds Teaching Hospitals NHS Trust,Leeds General Infirmary,Type 1,691,137,461,230,274,14.9,24,201,242,28,421
3550,10/12/2024,December,4,2024,South East,Oxford University Hospitals NHS Foundation Trust,John Radcliffe Hospital,Type 1,380,145,347,33,256,10.2,2,101,171,28,181
3551,11/12/2024,December,4,2024,North West,Liverpool University Hospitals NHS Foundation Trust,Royal Liverpool University Hospital,Type 1,545,93,445,100,222,10.1,8,218,214,73,258
3552,11/12/2024,December,4,2024,London,Guy's and St Thomas' NHS Foundation Trust,St Thomas' Hospital,Type 1,599,172,571,28,93,5.5,17,171,89,69,441
3553,11/12/2024,December,4,2024,Midlands,University Hospitals Birmingham NHS Foundation Trust,Queen Elizabeth Hospital Birmingham,Type 1,425,58,288,137,149,14.7,17,182,203,16,206
3554,11/12/2024,December,4,2024,Yorkshire and Humber,Leeds Teaching Hospitals NHS Trust,Leeds General Infirmary,Type 1,633,84,522,111,174,5.3,22,81,156,12,465
3555,11/12/2024,December,4,2024,South East,Oxford University Hospitals NHS Foundation Trust,John Radcliffe Hospital,Type 1,612,169,587,25,199,6.5,2,182,106,59,447
3556,12/12/2024,December,4,2024,North West,Liverpool University Hospitals NHS Foundation Trust,Royal Liverpool University Hospital,Type 1,669,104,422,247,250,12.3,22,41,207,65,397
3557,12/12/2024,December,4,2024,London,Guy's and St Thomas' NHS Foundation Trust,St Thomas' Hospital,Type 1,474,112,469,5,292,13.8,16,211,220,53,201
3558,12/12/2024,December,4,2024,Midlands,University Hospitals Birmingham NHS Foundation Trust,Queen Elizabeth Hospital Birmingham,Type 1,474,57,393,81,271,12,23,212,200,24,250
3559,12/12/2024,December,4,2024,Yorkshire and Humber,Leeds Teaching Hospitals NHS Trust,Leeds General Infirmary,Type 1,254,178,196,58,138,13.2,9,72,213,59,18
3560,12/12/2024,December,4,2024,South East,Oxford University Hospitals NHS Foundation Trust,John Radcliffe Hospital,Type 1,405,146,385,20,309,8.2,4,184,201,64,140
3561,13/12/2024,December,4,2024,North West,Liverpool University Hospitals NHS Foundation Trust,Royal Liverpool University Hospital,Type 1,658,97,512,146,204,12.4,6,60,239,79,340
3562,13/12/2024,December,4,2024,London,Guy's and St Thomas' NHS Foundation Trust,St Thomas' Hospital,Type 1,401,186,398,3,248,14.8,19,146,105,27,269
3563,13/12/2024,December,4,2024,Midlands,University Hospitals Birmingham NHS Foundation Trust,Queen Elizabeth Hospital Birmingham,Type 1,306,136,237,69,91,4.5,2,162,165,12,129
3564,13/12/2024,December,4,2024,Yorkshire and Humber,Leeds Teaching Hospitals NHS Trust,Leeds General Infirmary,Type 1,675,109,637,38,110,10.6,6,117,63,67,545
3565,13/12/2024,December,4,2024,South East,Oxford University Hospitals NHS Foundation Trust,John Radcliffe Hospital,Type 1,529,132,361,168,168,15.9,5,183,52,71,406
3566,14/12/2024,December,4,2024,North West,Liverpool University Hospitals NHS Foundation Trust,Royal Liverpool University Hospital,Type 1,690,56,576,114,211,7.3,24,47,262,76,352
3567,14/12/2024,December,4,2024,London,Guy's and St Thomas' NHS Foundation Trust,St Thomas' Hospital,Type 1,622,56,416,206,238,14.8,25,134,200,72,350
3568,14/12/2024,December,4,2024,Midlands,University Hospitals Birmingham NHS Foundation Trust,Queen Elizabeth Hospital Birmingham,Type 1,257,158,185,72,102,9.8,12,126,74,76,107
3569,14/12/2024,December,4,2024,Yorkshire and Humber,Leeds Teaching Hospitals NHS Trust,Leeds General Infirmary,Type 1,534,52,331,203,296,10,5,219,89,79,366
3570,14/12/2024,December,4,2024,South East,Oxford University Hospitals NHS Foundation Trust,John Radcliffe Hospital,Type 1,350,114,248,102,147,9,6,157,108,29,213
3571,15/12/2024,December,4,2024,North West,Liverpool University Hospitals NHS Foundation Trust,Royal Liverpool University Hospital,Type 1,320,145,281,39,246,11.8,10,124,268,70,18
3572,15/12/2024,December,4,2024,London,Guy's and St Thomas' NHS Foundation Trust,St Thomas' Hospital,Type 1,439,116,344,95,301,13,11,216,204,38,197
3573,15/12/2024,December,4,2024,Midlands,University Hospitals Birmingham NHS Foundation Trust,Queen Elizabeth Hospital Birmingham,Type 1,480,60,384,96,278,7.2,1,148,142,29,309
3574,15/12/2024,December,4,2024,Yorkshire and Humber,Leeds Teaching Hospitals NHS Trust,Leeds General Infirmary,Type 1,597,146,488,109,301,11.1,23,214,210,28,359
3575,15/12/2024,December,4,2024,South East,Oxford University Hospitals NHS Foundation Trust,John Radcliffe Hospital,Type 1,359,182,236,123,109,15.8,12,165,72,74,213
3576,16/12/2024,December,4,2024,North West,Liverpool University Hospitals NHS Foundation Trust,Royal Liverpool University Hospital,Type 1,357,182,347,10,164,13.9,24,179,52,34,271
3577,16/12/2024,December,4,2024,London,Guy's and St Thomas' NHS Foundation Trust,St Thomas' Hospital,Type 1,547,136,366,181,174,13.6,5,104,251,33,263
3578,16/12/2024,December,4,2024,Midlands,University Hospitals Birmingham NHS Foundation Trust,Queen Elizabeth Hospital Birmingham,Type 1,412,197,363,49,261,15.2,3,79,133,34,245
3579,16/12/2024,December,4,2024,Yorkshire and Humber,Leeds Teaching Hospitals NHS Trust,Leeds General Infirmary,Type 1,471,137,468,3,320,9.3,24,210,146,51,274
3580,16/12/2024,December,4,2024,South East,Oxford University Hospitals NHS Foundation Trust,John Radcliffe Hospital,Type 1,667,130,632,35,128,12.7,25,167,57,28,582
3581,17/12/2024,December,4,2024,North West,Liverpool University Hospitals NHS Foundation Trust,Royal Liverpool University Hospital,Type 1,560,124,496,64,97,8.7,3,82,193,69,298
3582,17/12/2024,December,4,2024,London,Guy's and St Thomas' NHS Foundation Trust,St Thomas' Hospital,Type 1,258,158,164,94,220,10.8,6,155,132,23,103
3583,17/12/2024,December,4,2024,Midlands,University Hospitals Birmingham NHS Foundation Trust,Queen Elizabeth Hospital Birmingham,Type 1,339,86,245,94,285,15.6,3,183,125,20,194
3584,17/12/2024,December,4,2024,Yorkshire and Humber,Leeds Teaching Hospitals NHS Trust,Leeds General Infirmary,Type 1,339,52,279,60,178,7.7,13,101,107,68,164
3585,17/12/2024,December,4,2024,South East,Oxford University Hospitals NHS Foundation Trust,John Radcliffe Hospital,Type 1,620,195,490,130,315,15.5,0,165,84,10,526
3586,18/12/2024,December,4,2024,North West,Liverpool University Hospitals NHS Foundation Trust,Royal Liverpool University Hospital,Type 1,577,160,362,215,182,10.3,18,199,80,20,477
3587,18/12/2024,December,4,2024,London,Guy's and St Thomas' NHS Foundation Trust,St Thomas' Hospital,Type 1,330,142,329,1,206,9.2,17,126,269,54,7
3588,18/12/2024,December,4,2024,Midlands,University Hospitals Birmingham NHS Foundation Trust,Queen Elizabeth Hospital Birmingham,Type 1,458,105,439,19,120,10.8,1,129,76,34,348
3589,18/12/2024,December,4,2024,Yorkshire and Humber,Leeds Teaching Hospitals NHS Trust,Leeds General Infirmary,Type 1,386,62,242,144,169,7.7,1,152,100,42,244
3590,18/12/2024,December,4,2024,South East,Oxford University Hospitals NHS Foundation Trust,John Radcliffe Hospital,Type 1,503,51,425,78,246,4.9,9,214,135,70,298
3591,19/12/2024,December,4,2024,North West,Liverpool University Hospitals NHS Foundation Trust,Royal Liverpool University Hospital,Type 1,293,85,286,7,312,7.5,4,184,127,15,151
3592,19/12/2024,December,4,2024,London,Guy's and St Thomas' NHS Foundation Trust,St Thomas' Hospital,Type 1,487,61,387,100,242,15.4,0,130,241,32,214
3593,19/12/2024,December,4,2024,Midlands,University Hospitals Birmingham NHS Foundation Trust,Queen Elizabeth Hospital Birmingham,Type 1,480,95,305,175,159,9.5,3,156,251,72,157
3594,19/12/2024,December,4,2024,Yorkshire and Humber,Leeds Teaching Hospitals NHS Trust,Leeds General Infirmary,Type 1,505,81,420,85,120,4.6,14,208,72,24,409
3595,19/12/2024,December,4,2024,South East,Oxford University Hospitals NHS Foundation Trust,John Radcliffe Hospital,Type 1,348,167,320,28,249,14,14,157,132,43,173
3596,20/12/2024,December,4,2024,North West,Liverpool University Hospitals NHS Foundation Trust,Royal Liverpool University Hospital,Type 1,532,98,428,104,116,9.7,8,99,273,12,247
3597,20/12/2024,December,4,2024,London,Guy's and St Thomas' NHS Foundation Trust,St Thomas' Hospital,Type 1,654,147,619,35,277,6,9,200,218,65,371
3598,20/12/2024,December,4,2024,Midlands,University Hospitals Birmingham NHS Foundation Trust,Queen Elizabeth Hospital Birmingham,Type 1,336,105,223,113,206,6.7,19,147,217,80,39
3599,20/12/2024,December,4,2024,Yorkshire and Humber,Leeds Teaching Hospitals NHS Trust,Leeds General Infirmary,Type 1,685,89,491,194,257,15.4,4,77,165,33,487
3600,20/12/2024,December,4,2024,South East,Oxford University Hospitals NHS Foundation Trust,John Radcliffe Hospital,Type 1,509,134,439,70,116,7.4,23,124,116,40,353
3601,21/12/2024,December,4,2024,North West,Liverpool University Hospitals NHS Foundation Trust,Royal Liverpool University Hospital,Type 1,520,101,438,82,155,14.8,11,179,186,37,297
3602,21/12/2024,December,4,2024,London,Guy's and St Thomas' NHS Foundation Trust,St Thomas' Hospital,Type 1,270,96,226,44,267,13.7,23,212,50,19,201
3603,21/12/2024,December,4,2024,Midlands,University Hospitals Birmingham NHS Foundation Trust,Queen Elizabeth Hospital Birmingham,Type 1,320,132,220,100,275,14.1,7,183,263,44,13
3604,21/12/2024,December,4,2024,Yorkshire and Humber,Leeds Teaching Hospitals NHS Trust,Leeds General Infirmary,Type 1,498,107,451,47,269,6.1,20,103,62,34,402
3605,21/12/2024,December,4,2024,South East,Oxford University Hospitals NHS Foundation Trust,John Radcliffe Hospital,Type 1,624,194,525,99,265,6.7,15,102,217,53,354
3606,22/12/2024,December,4,2024,North West,Liverpool University Hospitals NHS Foundation Trust,Royal Liverpool University Hospital,Type 1,545,89,339,206,181,14.6,3,56,141,22,382
3607,22/12/2024,December,4,2024,London,Guy's and St Thomas' NHS Foundation Trust,St Thomas' Hospital,Type 1,305,97,265,40,180,5.3,9,176,80,74,151
3608,22/12/2024,December,4,2024,Midlands,University Hospitals Birmingham NHS Foundation Trust,Queen Elizabeth Hospital Birmingham,Type 1,517,171,417,100,136,13,23,126,116,79,322
3609,22/12/2024,December,4,2024,Yorkshire and Humber,Leeds Teaching Hospitals NHS Trust,Leeds General Infirmary,Type 1,314,92,207,107,175,8.6,21,40,73,56,185
3610,22/12/2024,December,4,2024,South East,Oxford University Hospitals NHS Foundation Trust,John Radcliffe Hospital,Type 1,689,119,631,58,113,13,16,126,278,29,382
3611,23/12/2024,December,4,2024,North West,Liverpool University Hospitals NHS Foundation Trust,Royal Liverpool University Hospital,Type 1,504,175,356,148,124,14.7,19,86,85,38,381
3612,23/12/2024,December,4,2024,London,Guy's and St Thomas' NHS Foundation Trust,St Thomas' Hospital,Type 1,520,88,415,105,153,11.9,9,139,132,57,331
3613,23/12/2024,December,4,2024,Midlands,University Hospitals Birmingham NHS Foundation Trust,Queen Elizabeth Hospital Birmingham,Type 1,543,188,526,17,216,4.4,4,147,231,48,264
3614,23/12/2024,December,4,2024,Yorkshire and Humber,Leeds Teaching Hospitals NHS Trust,Leeds General Infirmary,Type 1,536,82,470,66,208,11.9,15,69,202,64,270
3615,23/12/2024,December,4,2024,South East,Oxford University Hospitals NHS Foundation Trust,John Radcliffe Hospital,Type 1,268,138,205,63,140,15,3,43,111,76,81
3616,24/12/2024,December,4,2024,North West,Liverpool University Hospitals NHS Foundation Trust,Royal Liverpool University Hospital,Type 1,415,50,335,80,213,15,18,69,299,31,85
3617,24/12/2024,December,4,2024,London,Guy's and St Thomas' NHS Foundation Trust,St Thomas' Hospital,Type 1,348,119,331,17,295,6.7,3,110,54,45,249
3618,24/12/2024,December,4,2024,Midlands,University Hospitals Birmingham NHS Foundation Trust,Queen Elizabeth Hospital Birmingham,Type 1,409,103,394,15,245,15,12,75,134,77,198
3619,24/12/2024,December,4,2024,Yorkshire and Humber,Leeds Teaching Hospitals NHS Trust,Leeds General Infirmary,Type 1,459,128,296,163,142,6.9,9,199,135,39,285
3620,24/12/2024,December,4,2024,South East,Oxford University Hospitals NHS Foundation Trust,John Radcliffe Hospital,Type 1,295,157,247,48,273,11.1,15,129,115,44,136
3621,25/12/2024,December,4,2024,North West,Liverpool University Hospitals NHS Foundation Trust,Royal Liverpool University Hospital,Type 1,602,109,486,116,154,14.6,21,112,152,62,388
3622,25/12/2024,December,4,2024,London,Guy's and St Thomas' NHS Foundation Trust,St Thomas' Hospital,Type 1,411,72,334,77,91,10,11,87,57,58,296
3623,25/12/2024,December,4,2024,Midlands,University Hospitals Birmingham NHS Foundation Trust,Queen Elizabeth Hospital Birmingham,Type 1,698,122,433,265,180,12.4,13,176,82,54,562
3624,25/12/2024,December,4,2024,Yorkshire and Humber,Leeds Teaching Hospitals NHS Trust,Leeds General Infirmary,Type 1,645,154,485,160,308,9.3,17,102,253,29,363
3625,25/12/2024,December,4,2024,South East,Oxford University Hospitals NHS Foundation Trust,John Radcliffe Hospital,Type 1,500,71,355,145,283,6.9,12,141,109,66,325
3626,26/12/2024,December,4,2024,North West,Liverpool University Hospitals NHS Foundation Trust,Royal Liverpool University Hospital,Type 1,575,103,468,107,263,7.7,25,117,86,72,417
3627,26/12/2024,December,4,2024,London,Guy's and St Thomas' NHS Foundation Trust,St Thomas' Hospital,Type 1,619,185,441,178,276,14.4,10,199,184,64,371
3628,26/12/2024,December,4,2024,Midlands,University Hospitals Birmingham NHS Foundation Trust,Queen Elizabeth Hospital Birmingham,Type 1,309,136,213,96,199,15.5,15,205,294,10,5
3629,26/12/2024,December,4,2024,Yorkshire and Humber,Leeds Teaching Hospitals NHS Trust,Leeds General Infirmary,Type 1,455,95,424,31,95,13.1,0,179,107,61,287
3630,26/12/2024,December,4,2024,South East,Oxford University Hospitals NHS Foundation Trust,John Radcliffe Hospital,Type 1,339,107,304,35,235,15.8,25,172,244,53,42
3631,27/12/2024,December,4,2024,North West,Liverpool University Hospitals NHS Foundation Trust,Royal Liverpool University Hospital,Type 1,335,81,228,107,100,8.9,2,138,53,32,250
3632,27/12/2024,December,4,2024,London,Guy's and St Thomas' NHS Foundation Trust,St Thomas' Hospital,Type 1,620,180,524,96,210,12.9,18,127,171,21,428
3633,27/12/2024,December,4,2024,Midlands,University Hospitals Birmingham NHS Foundation Trust,Queen Elizabeth Hospital Birmingham,Type 1,335,111,212,123,215,5,20,101,272,46,17
3634,27/12/2024,December,4,2024,Yorkshire and Humber,Leeds Teaching Hospitals NHS Trust,Leeds General Infirmary,Type 1,451,76,431,20,210,8.2,3,89,203,48,200
3635,27/12/2024,December,4,2024,South East,Oxford University Hospitals NHS Foundation Trust,John Radcliffe Hospital,Type 1,377,182,357,20,235,9.8,4,187,257,37,83
3636,28/12/2024,December,4,2024,North West,Liverpool University Hospitals NHS Foundation Trust,Royal Liverpool University Hospital,Type 1,696,102,636,60,166,12.3,3,212,176,52,468
3637,28/12/2024,December,4,2024,London,Guy's and St Thomas' NHS Foundation Trust,St Thomas' Hospital,Type 1,435,121,367,68,258,12.2,19,191,182,62,191
3638,28/12/2024,December,4,2024,Midlands,University Hospitals Birmingham NHS Foundation Trust,Queen Elizabeth Hospital Birmingham,Type 1,359,132,253,106,134,7,17,175,169,80,110
3639,28/12/2024,December,4,2024,Yorkshire and Humber,Leeds Teaching Hospitals NHS Trust,Leeds General Infirmary,Type 1,350,116,313,37,278,12.9,1,115,146,77,127
3640,28/12/2024,December,4,2024,South East,Oxford University Hospitals NHS Foundation Trust,John Radcliffe Hospital,Type 1,376,191,255,121,165,10.3,7,217,189,45,142
3641,29/12/2024,December,4,2024,North West,Liverpool University Hospitals NHS Foundation Trust,Royal Liverpool University Hospital,Type 1,285,200,237,48,192,5.7,3,54,94,22,169
3642,29/12/2024,December,4,2024,London,Guy's and St Thomas' NHS Foundation Trust,St Thomas' Hospital,Type 1,535,139,528,7,135,11.8,23,174,51,72,412
3643,29/12/2024,December,4,2024,Midlands,University Hospitals Birmingham NHS Foundation Trust,Queen Elizabeth Hospital Birmingham,Type 1,471,96,381,90,287,15.7,4,51,187,72,212
3644,29/12/2024,December,4,2024,Yorkshire and Humber,Leeds Teaching Hospitals NHS Trust,Leeds General Infirmary,Type 1,526,80,452,74,213,14.6,25,123,162,35,329
3645,29/12/2024,December,4,2024,South East,Oxford University Hospitals NHS Foundation Trust,John Radcliffe Hospital,Type 1,267,70,224,43,251,5.6,24,80,149,44,74
3646,30/12/2024,December,4,2024,North West,Liverpool University Hospitals NHS Foundation Trust,Royal Liverpool University Hospital,Type 1,673,54,494,179,242,7.8,1,160,210,14,449
3647,30/12/2024,December,4,2024,London,Guy's and St Thomas' NHS Foundation Trust,St Thomas' Hospital,Type 1,447,67,278,169,263,13.7,1,83,183,60,204
3648,30/12/2024,December,4,2024,Midlands,University Hospitals Birmingham NHS Foundation Trust,Queen Elizabeth Hospital Birmingham,Type 1,311,189,281,30,295,10.2,17,76,61,25,225
3649,30/12/2024,December,4,2024,Yorkshire and Humber,Leeds Teaching Hospitals NHS Trust,Leeds General Infirmary,Type 1,466,143,381,85,207,10.6,7,147,101,14,351
3650,30/12/2024,December,4,2024,South East,Oxford University Hospitals NHS Foundation Trust,John Radcliffe Hospital,Type 1,261,194,178,83,116,5.2,4,114,259,67,65
3651,31/12/2024,December,4,2024,North West,Liverpool University Hospitals NHS Foundation Trust,Royal Liverpool University Hospital,Type 1,634,105,625,9,205,9.6,23,183,91,76,467
3652,31/12/2024,December,4,2024,London,Guy's and St Thomas' NHS Foundation Trust,St Thomas' Hospital,Type 1,652,163,443,209,277,8.8,6,89,175,69,408
3653,31/12/2024,December,4,2024,Midlands,University Hospitals Birmingham NHS Foundation Trust,Queen Elizabeth Hospital Birmingham,Type 1,420,87,278,142,232,14.3,10,95,118,44,258
3654,31/12/2024,December,4,2024,Yorkshire and Humber,Leeds Teaching Hospitals NHS Trust,Leeds General Infirmary,Type 1,643,171,419,224,110,13.1,16,215,176,76,391
3655,31/12/2024,December,4,2024,South East,Oxford University Hospitals NHS Foundation Trust,John Radcliffe Hospital,Type 1,509,81,358,151,201,13.7,24,81,50,46,413
3656,01/01/2025,January,1,2025,North West,Liverpool University Hospitals NHS Foundation Trust,Royal Liverpool University Hospital,Type 1,324,109,287,37,204,13.9,3,122,290,49,15
3657,01/01/2025,January,1,2025,London,Guy's and St Thomas' NHS Foundation Trust,St Thomas' Hospital,Type 1,607,87,367,240,249,15.6,18,214,135,12,460
3658,01/01/2025,January,1,2025,Midlands,University Hospitals Birmingham NHS Foundation Trust,Queen Elizabeth Hospital Birmingham,Type 1,692,155,483,209,302,13,18,181,272,77,343
3659,01/01/2025,January,1,2025,Yorkshire and Humber,Leeds Teaching Hospitals NHS Trust,Leeds General Infirmary,Type 1,527,191,523,4,112,10.4,2,152,105,71,351
3660,01/01/2025,January,1,2025,South East,Oxford University Hospitals NHS Foundation Trust,John Radcliffe Hospital,Type 1,557,129,378,179,191,6.9,10,50,56,68,433
3661,02/01/2025,January,1,2025,North West,Liverpool University Hospitals NHS Foundation Trust,Royal Liverpool University Hospital,Type 1,630,83,498,132,248,13.7,25,211,188,78,364
3662,02/01/2025,January,1,2025,London,Guy's and St Thomas' NHS Foundation Trust,St Thomas' Hospital,Type 1,699,69,599,100,214,12,5,218,162,69,468
3663,02/01/2025,January,1,2025,Midlands,University Hospitals Birmingham NHS Foundation Trust,Queen Elizabeth Hospital Birmingham,Type 1,493,125,301,192,147,10.8,25,51,238,26,229
3664,02/01/2025,January,1,2025,Yorkshire and Humber,Leeds Teaching Hospitals NHS Trust,Leeds General Infirmary,Type 1,349,78,313,36,167,6.9,12,63,260,11,78
3665,02/01/2025,January,1,2025,South East,Oxford University Hospitals NHS Foundation Trust,John Radcliffe Hospital,Type 1,436,62,313,123,286,8.3,2,46,186,74,176
3666,03/01/2025,January,1,2025,North West,Liverpool University Hospitals NHS Foundation Trust,Royal Liverpool University Hospital,Type 1,256,132,246,10,250,7.4,23,129,204,78,26
3667,03/01/2025,January,1,2025,London,Guy's and St Thomas' NHS Foundation Trust,St Thomas' Hospital,Type 1,492,183,437,55,292,6.7,24,98,186,52,254
3668,03/01/2025,January,1,2025,Midlands,University Hospitals Birmingham NHS Foundation Trust,Queen Elizabeth Hospital Birmingham,Type 1,550,104,533,17,261,10.5,5,191,200,38,312
3669,03/01/2025,January,1,2025,Yorkshire and Humber,Leeds Teaching Hospitals NHS Trust,Leeds General Infirmary,Type 1,577,141,473,104,138,11,12,186,128,17,432
3670,03/01/2025,January,1,2025,South East,Oxford University Hospitals NHS Foundation Trust,John Radcliffe Hospital,Type 1,664,106,647,17,277,14,21,114,247,43,374
3671,04/01/2025,January,1,2025,North West,Liverpool University Hospitals NHS Foundation Trust,Royal Liverpool University Hospital,Type 1,629,113,581,48,102,4.9,22,220,279,22,328
3672,04/01/2025,January,1,2025,London,Guy's and St Thomas' NHS Foundation Trust,St Thomas' Hospital,Type 1,477,195,435,42,260,6.2,3,179,215,27,235
3673,04/01/2025,January,1,2025,Midlands,University Hospitals Birmingham NHS Foundation Trust,Queen Elizabeth Hospital Birmingham,Type 1,549,62,339,210,223,4.9,13,53,64,32,453
3674,04/01/2025,January,1,2025,Yorkshire and Humber,Leeds Teaching Hospitals NHS Trust,Leeds General Infirmary,Type 1,696,132,591,105,240,13.3,24,100,156,28,512
3675,04/01/2025,January,1,2025,South East,Oxford University Hospitals NHS Foundation Trust,John Radcliffe Hospital,Type 1,593,163,480,113,262,4.9,21,80,212,24,357
3676,05/01/2025,January,1,2025,North West,Liverpool University Hospitals NHS Foundation Trust,Royal Liverpool University Hospital,Type 1,260,52,192,68,316,6.9,16,62,265,19,24
3677,05/01/2025,January,1,2025,London,Guy's and St Thomas' NHS Foundation Trust,St Thomas' Hospital,Type 1,396,106,382,14,287,10.1,1,78,161,74,161
3678,05/01/2025,January,1,2025,Midlands,University Hospitals Birmingham NHS Foundation Trust,Queen Elizabeth Hospital Birmingham,Type 1,560,162,440,120,295,11,3,72,234,36,290
3679,05/01/2025,January,1,2025,Yorkshire and Humber,Leeds Teaching Hospitals NHS Trust,Leeds General Infirmary,Type 1,619,140,557,62,200,5.8,15,204,272,43,304
3680,05/01/2025,January,1,2025,South East,Oxford University Hospitals NHS Foundation Trust,John Radcliffe Hospital,Type 1,602,148,365,237,241,13,16,215,299,62,241
3681,06/01/2025,January,1,2025,North West,Liverpool University Hospitals NHS Foundation Trust,Royal Liverpool University Hospital,Type 1,628,82,567,61,202,12.6,15,176,139,35,454
3682,06/01/2025,January,1,2025,London,Guy's and St Thomas' NHS Foundation Trust,St Thomas' Hospital,Type 1,421,66,363,58,104,15.7,17,82,67,54,300
3683,06/01/2025,January,1,2025,Midlands,University Hospitals Birmingham NHS Foundation Trust,Queen Elizabeth Hospital Birmingham,Type 1,551,145,450,101,262,10,4,209,131,69,351
3684,06/01/2025,January,1,2025,Yorkshire and Humber,Leeds Teaching Hospitals NHS Trust,Leeds General Infirmary,Type 1,461,126,386,75,117,9.5,15,192,253,29,179
3685,06/01/2025,January,1,2025,South East,Oxford University Hospitals NHS Foundation Trust,John Radcliffe Hospital,Type 1,496,151,392,104,205,11.3,9,197,248,42,206
3686,07/01/2025,January,1,2025,North West,Liverpool University Hospitals NHS Foundation Trust,Royal Liverpool University Hospital,Type 1,594,101,481,113,283,8.9,19,120,110,80,404
3687,07/01/2025,January,1,2025,London,Guy's and St Thomas' NHS Foundation Trust,St Thomas' Hospital,Type 1,480,85,383,97,213,8.8,19,154,97,24,359
3688,07/01/2025,January,1,2025,Midlands,University Hospitals Birmingham NHS Foundation Trust,Queen Elizabeth Hospital Birmingham,Type 1,643,124,538,105,131,13.8,7,149,256,53,334
3689,07/01/2025,January,1,2025,Yorkshire and Humber,Leeds Teaching Hospitals NHS Trust,Leeds General Infirmary,Type 1,587,141,417,170,201,8.4,0,209,194,44,349
3690,07/01/2025,January,1,2025,South East,Oxford University Hospitals NHS Foundation Trust,John Radcliffe Hospital,Type 1,625,163,580,45,318,13.2,6,202,100,19,506
3691,08/01/2025,January,1,2025,North West,Liverpool University Hospitals NHS Foundation Trust,Royal Liverpool University Hospital,Type 1,390,139,372,18,245,14.9,10,83,170,23,197
3692,08/01/2025,January,1,2025,London,Guy's and St Thomas' NHS Foundation Trust,St Thomas' Hospital,Type 1,362,185,279,83,179,8.2,8,86,92,64,206
3693,08/01/2025,January,1,2025,Midlands,University Hospitals Birmingham NHS Foundation Trust,Queen Elizabeth Hospital Birmingham,Type 1,670,161,440,230,276,12.3,12,55,153,42,475
3694,08/01/2025,January,1,2025,Yorkshire and Humber,Leeds Teaching Hospitals NHS Trust,Leeds General Infirmary,Type 1,529,70,356,173,91,12.1,0,210,119,12,398
3695,08/01/2025,January,1,2025,South East,Oxford University Hospitals NHS Foundation Trust,John Radcliffe Hospital,Type 1,399,94,347,52,164,13.9,8,51,272,33,94
3696,09/01/2025,January,1,2025,North West,Liverpool University Hospitals NHS Foundation Trust,Royal Liverpool University Hospital,Type 1,307,169,239,68,232,12.9,10,104,117,79,111
3697,09/01/2025,January,1,2025,London,Guy's and St Thomas' NHS Foundation Trust,St Thomas' Hospital,Type 1,558,158,385,173,290,9.4,14,98,299,53,206
3698,09/01/2025,January,1,2025,Midlands,University Hospitals Birmingham NHS Foundation Trust,Queen Elizabeth Hospital Birmingham,Type 1,359,139,308,51,282,11.9,14,215,165,57,137
3699,09/01/2025,January,1,2025,Yorkshire and Humber,Leeds Teaching Hospitals NHS Trust,Leeds General Infirmary,Type 1,679,117,632,47,233,14.9,13,95,261,28,390
3700,09/01/2025,January,1,2025,South East,Oxford University Hospitals NHS Foundation Trust,John Radcliffe Hospital,Type 1,253,160,158,95,99,7.2,23,204,135,54,64
3701,10/01/2025,January,1,2025,North West,Liverpool University Hospitals NHS Foundation Trust,Royal Liverpool University Hospital,Type 1,254,122,230,24,197,5.7,21,125,122,41,91
3702,10/01/2025,January,1,2025,London,Guy's and St Thomas' NHS Foundation Trust,St Thomas' Hospital,Type 1,329,183,274,55,183,8.8,22,136,185,13,131
3703,10/01/2025,January,1,2025,Midlands,University Hospitals Birmingham NHS Foundation Trust,Queen Elizabeth Hospital Birmingham,Type 1,412,60,379,33,173,13,4,195,65,60,287
3704,10/01/2025,January,1,2025,Yorkshire and Humber,Leeds Teaching Hospitals NHS Trust,Leeds General Infirmary,Type 1,631,60,548,83,110,12.4,14,214,281,50,300
3705,10/01/2025,January,1,2025,South East,Oxford University Hospitals NHS Foundation Trust,John Radcliffe Hospital,Type 1,499,114,401,98,215,10.7,1,131,201,25,273
3706,11/01/2025,January,1,2025,North West,Liverpool University Hospitals NHS Foundation Trust,Royal Liverpool University Hospital,Type 1,463,120,367,96,103,8.6,15,63,150,53,260
3707,11/01/2025,January,1,2025,London,Guy's and St Thomas' NHS Foundation Trust,St Thomas' Hospital,Type 1,668,199,563,105,257,5.3,22,214,238,70,360
3708,11/01/2025,January,1,2025,Midlands,University Hospitals Birmingham NHS Foundation Trust,Queen Elizabeth Hospital Birmingham,Type 1,349,66,248,101,97,11.1,14,182,107,76,166
3709,11/01/2025,January,1,2025,Yorkshire and Humber,Leeds Teaching Hospitals NHS Trust,Leeds General Infirmary,Type 1,276,178,249,27,118,10,21,71,300,21,45
3710,11/01/2025,January,1,2025,South East,Oxford University Hospitals NHS Foundation Trust,John Radcliffe Hospital,Type 1,386,95,283,103,296,11.2,0,41,63,46,277
3711,12/01/2025,January,1,2025,North West,Liverpool University Hospitals NHS Foundation Trust,Royal Liverpool University Hospital,Type 1,455,88,287,168,245,10.5,20,133,53,12,390
3712,12/01/2025,January,1,2025,London,Guy's and St Thomas' NHS Foundation Trust,St Thomas' Hospital,Type 1,498,137,373,125,266,12.6,21,212,69,10,419
3713,12/01/2025,January,1,2025,Midlands,University Hospitals Birmingham NHS Foundation Trust,Queen Elizabeth Hospital Birmingham,Type 1,295,167,293,2,247,12.4,23,111,73,74,148
3714,12/01/2025,January,1,2025,Yorkshire and Humber,Leeds Teaching Hospitals NHS Trust,Leeds General Infirmary,Type 1,411,187,286,125,216,12.8,15,116,180,79,152
3715,12/01/2025,January,1,2025,South East,Oxford University Hospitals NHS Foundation Trust,John Radcliffe Hospital,Type 1,465,100,298,167,110,5.2,22,185,283,59,123
3716,13/01/2025,January,1,2025,North West,Liverpool University Hospitals NHS Foundation Trust,Royal Liverpool University Hospital,Type 1,445,177,281,164,112,6.9,20,162,171,75,199
3717,13/01/2025,January,1,2025,London,Guy's and St Thomas' NHS Foundation Trust,St Thomas' Hospital,Type 1,612,184,371,241,289,7.6,6,140,151,48,413
3718,13/01/2025,January,1,2025,Midlands,University Hospitals Birmingham NHS Foundation Trust,Queen Elizabeth Hospital Birmingham,Type 1,686,57,625,61,172,15.7,11,176,261,51,374
3719,13/01/2025,January,1,2025,Yorkshire and Humber,Leeds Teaching Hospitals NHS Trust,Leeds General Infirmary,Type 1,369,111,230,139,244,11.3,12,218,130,67,172
3720,13/01/2025,January,1,2025,South East,Oxford University Hospitals NHS Foundation Trust,John Radcliffe Hospital,Type 1,295,81,182,113,320,8.8,24,96,99,56,140
3721,14/01/2025,January,1,2025,North West,Liverpool University Hospitals NHS Foundation Trust,Royal Liverpool University Hospital,Type 1,517,148,408,109,244,10,4,63,258,70,189
3722,14/01/2025,January,1,2025,London,Guy's and St Thomas' NHS Foundation Trust,St Thomas' Hospital,Type 1,470,166,381,89,223,10.8,10,144,260,46,164
3723,14/01/2025,January,1,2025,Midlands,University Hospitals Birmingham NHS Foundation Trust,Queen Elizabeth Hospital Birmingham,Type 1,605,180,550,55,264,5.4,11,57,197,57,351
3724,14/01/2025,January,1,2025,Yorkshire and Humber,Leeds Teaching Hospitals NHS Trust,Leeds General Infirmary,Type 1,283,117,181,102,285,8.9,11,88,121,16,146
3725,14/01/2025,January,1,2025,South East,Oxford University Hospitals NHS Foundation Trust,John Radcliffe Hospital,Type 1,677,146,668,9,171,13.3,13,138,135,28,514
3726,15/01/2025,January,1,2025,North West,Liverpool University Hospitals NHS Foundation Trust,Royal Liverpool University Hospital,Type 1,568,98,415,153,235,13.5,14,125,97,73,398
3727,15/01/2025,January,1,2025,London,Guy's and St Thomas' NHS Foundation Trust,St Thomas' Hospital,Type 1,653,186,604,49,255,8.5,18,118,206,64,383
3728,15/01/2025,January,1,2025,Midlands,University Hospitals Birmingham NHS Foundation Trust,Queen Elizabeth Hospital Birmingham,Type 1,430,190,367,63,318,13.2,25,171,229,54,147
3729,15/01/2025,January,1,2025,Yorkshire and Humber,Leeds Teaching Hospitals NHS Trust,Leeds General Infirmary,Type 1,563,138,401,162,251,14.2,18,207,108,69,386
3730,15/01/2025,January,1,2025,South East,Oxford University Hospitals NHS Foundation Trust,John Radcliffe Hospital,Type 1,566,50,564,2,110,8,18,137,253,73,240
3731,16/01/2025,January,1,2025,North West,Liverpool University Hospitals NHS Foundation Trust,Royal Liverpool University Hospital,Type 1,279,140,244,35,309,7.8,20,192,260,27,8
3732,16/01/2025,January,1,2025,London,Guy's and St Thomas' NHS Foundation Trust,St Thomas' Hospital,Type 1,559,113,366,193,302,13.9,3,205,206,66,287
3733,16/01/2025,January,1,2025,Midlands,University Hospitals Birmingham NHS Foundation Trust,Queen Elizabeth Hospital Birmingham,Type 1,304,166,251,53,236,8.6,3,75,299,61,56
3734,16/01/2025,January,1,2025,Yorkshire and Humber,Leeds Teaching Hospitals NHS Trust,Leeds General Infirmary,Type 1,525,82,371,154,128,15.7,24,180,234,12,279
3735,16/01/2025,January,1,2025,South East,Oxford University Hospitals NHS Foundation Trust,John Radcliffe Hospital,Type 1,444,109,318,126,200,10.2,5,138,128,68,248
3736,17/01/2025,January,1,2025,North West,Liverpool University Hospitals NHS Foundation Trust,Royal Liverpool University Hospital,Type 1,530,185,382,148,180,5.7,25,57,203,34,293
3737,17/01/2025,January,1,2025,London,Guy's and St Thomas' NHS Foundation Trust,St Thomas' Hospital,Type 1,278,57,234,44,261,8,25,77,162,48,68
3738,17/01/2025,January,1,2025,Midlands,University Hospitals Birmingham NHS Foundation Trust,Queen Elizabeth Hospital Birmingham,Type 1,543,102,349,194,175,14.3,23,103,247,72,224
3739,17/01/2025,January,1,2025,Yorkshire and Humber,Leeds Teaching Hospitals NHS Trust,Leeds General Infirmary,Type 1,648,88,493,155,228,15.1,4,123,155,65,428
3740,17/01/2025,January,1,2025,South East,Oxford University Hospitals NHS Foundation Trust,John Radcliffe Hospital,Type 1,545,68,516,29,166,14.9,16,46,82,52,411
3741,18/01/2025,January,1,2025,North West,Liverpool University Hospitals NHS Foundation Trust,Royal Liverpool University Hospital,Type 1,596,199,526,70,320,12.5,14,201,243,46,307
3742,18/01/2025,January,1,2025,London,Guy's and St Thomas' NHS Foundation Trust,St Thomas' Hospital,Type 1,337,183,294,43,130,4.3,8,48,146,56,135
3743,18/01/2025,January,1,2025,Midlands,University Hospitals Birmingham NHS Foundation Trust,Queen Elizabeth Hospital Birmingham,Type 1,577,134,405,172,256,10.7,16,121,285,37,255
3744,18/01/2025,January,1,2025,Yorkshire and Humber,Leeds Teaching Hospitals NHS Trust,Leeds General Infirmary,Type 1,330,106,314,16,158,12.8,11,134,297,13,20
3745,18/01/2025,January,1,2025,South East,Oxford University Hospitals NHS Foundation Trust,John Radcliffe Hospital,Type 1,405,193,310,95,190,13.8,18,205,84,57,264
3746,19/01/2025,January,1,2025,North West,Liverpool University Hospitals NHS Foundation Trust,Royal Liverpool University Hospital,Type 1,449,87,316,133,284,5,14,215,79,25,345
3747,19/01/2025,January,1,2025,London,Guy's and St Thomas' NHS Foundation Trust,St Thomas' Hospital,Type 1,356,81,344,12,212,15.7,16,114,273,22,61
3748,19/01/2025,January,1,2025,Midlands,University Hospitals Birmingham NHS Foundation Trust,Queen Elizabeth Hospital Birmingham,Type 1,492,132,428,64,231,11.2,7,71,75,60,357
3749,19/01/2025,January,1,2025,Yorkshire and Humber,Leeds Teaching Hospitals NHS Trust,Leeds General Infirmary,Type 1,689,92,622,67,142,5.5,9,112,116,51,522
3750,19/01/2025,January,1,2025,South East,Oxford University Hospitals NHS Foundation Trust,John Radcliffe Hospital,Type 1,417,157,261,156,140,10.6,23,157,59,49,309
3751,20/01/2025,January,1,2025,North West,Liverpool University Hospitals NHS Foundation Trust,Royal Liverpool University Hospital,Type 1,372,65,321,51,268,13.3,17,148,189,21,162
3752,20/01/2025,January,1,2025,London,Guy's and St Thomas' NHS Foundation Trust,St Thomas' Hospital,Type 1,316,95,233,83,165,11,1,117,166,37,113
3753,20/01/2025,January,1,2025,Midlands,University Hospitals Birmingham NHS Foundation Trust,Queen Elizabeth Hospital Birmingham,Type 1,489,123,430,59,239,10.4,3,196,61,26,402
3754,20/01/2025,January,1,2025,Yorkshire and Humber,Leeds Teaching Hospitals NHS Trust,Leeds General Infirmary,Type 1,258,95,252,6,143,15.3,24,149,281,60,83
3755,20/01/2025,January,1,2025,South East,Oxford University Hospitals NHS Foundation Trust,John Radcliffe Hospital,Type 1,551,108,406,145,218,6.7,21,198,283,14,254
3756,21/01/2025,January,1,2025,North West,Liverpool University Hospitals NHS Foundation Trust,Royal Liverpool University Hospital,Type 1,482,141,301,181,139,6.8,23,131,197,36,249
3757,21/01/2025,January,1,2025,London,Guy's and St Thomas' NHS Foundation Trust,St Thomas' Hospital,Type 1,549,96,340,209,170,11.9,24,121,169,62,318
3758,21/01/2025,January,1,2025,Midlands,University Hospitals Birmingham NHS Foundation Trust,Queen Elizabeth Hospital Birmingham,Type 1,286,132,245,41,197,10.5,14,137,147,24,115
3759,21/01/2025,January,1,2025,Yorkshire and Humber,Leeds Teaching Hospitals NHS Trust,Leeds General Infirmary,Type 1,417,156,404,13,214,13.5,8,41,66,49,302
3760,21/01/2025,January,1,2025,South East,Oxford University Hospitals NHS Foundation Trust,John Radcliffe Hospital,Type 1,359,106,353,6,136,6,9,172,200,12,147
3761,22/01/2025,January,1,2025,North West,Liverpool University Hospitals NHS Foundation Trust,Royal Liverpool University Hospital,Type 1,453,133,430,23,315,15.3,24,166,220,27,206
3762,22/01/2025,January,1,2025,London,Guy's and St Thomas' NHS Foundation Trust,St Thomas' Hospital,Type 1,540,193,376,164,112,9.8,5,138,211,44,285
3763,22/01/2025,January,1,2025,Midlands,University Hospitals Birmingham NHS Foundation Trust,Queen Elizabeth Hospital Birmingham,Type 1,316,84,232,84,241,14.7,10,124,71,53,192
3764,22/01/2025,January,1,2025,Yorkshire and Humber,Leeds Teaching Hospitals NHS Trust,Leeds General Infirmary,Type 1,416,143,257,159,252,6.8,3,125,269,22,125
3765,22/01/2025,January,1,2025,South East,Oxford University Hospitals NHS Foundation Trust,John Radcliffe Hospital,Type 1,583,194,453,130,288,15,22,120,88,30,465
3766,23/01/2025,January,1,2025,North West,Liverpool University Hospitals NHS Foundation Trust,Royal Liverpool University Hospital,Type 1,640,129,548,92,116,12.1,16,115,104,77,459
3767,23/01/2025,January,1,2025,London,Guy's and St Thomas' NHS Foundation Trust,St Thomas' Hospital,Type 1,273,84,245,28,308,4.3,3,196,236,72,35
3768,23/01/2025,January,1,2025,Midlands,University Hospitals Birmingham NHS Foundation Trust,Queen Elizabeth Hospital Birmingham,Type 1,442,140,434,8,123,13.2,3,184,181,33,228
3769,23/01/2025,January,1,2025,Yorkshire and Humber,Leeds Teaching Hospitals NHS Trust,Leeds General Infirmary,Type 1,694,170,611,83,126,7.8,17,213,272,45,377
3770,23/01/2025,January,1,2025,South East,Oxford University Hospitals NHS Foundation Trust,John Radcliffe Hospital,Type 1,541,121,523,18,91,10.3,19,200,270,19,252
3771,24/01/2025,January,1,2025,North West,Liverpool University Hospitals NHS Foundation Trust,Royal Liverpool University Hospital,Type 1,663,132,594,69,138,7.4,24,47,58,19,586
3772,24/01/2025,January,1,2025,London,Guy's and St Thomas' NHS Foundation Trust,St Thomas' Hospital,Type 1,530,77,322,208,305,10.2,2,218,151,59,320
3773,24/01/2025,January,1,2025,Midlands,University Hospitals Birmingham NHS Foundation Trust,Queen Elizabeth Hospital Birmingham,Type 1,302,188,219,83,176,14.6,5,123,173,43,86
3774,24/01/2025,January,1,2025,Yorkshire and Humber,Leeds Teaching Hospitals NHS Trust,Leeds General Infirmary,Type 1,500,75,496,4,171,7.1,20,45,155,62,283
3775,24/01/2025,January,1,2025,South East,Oxford University Hospitals NHS Foundation Trust,John Radcliffe Hospital,Type 1,473,53,307,166,257,10.7,23,98,68,57,348
3776,25/01/2025,January,1,2025,North West,Liverpool University Hospitals NHS Foundation Trust,Royal Liverpool University Hospital,Type 1,687,118,601,86,316,11.1,13,199,105,10,572
3777,25/01/2025,January,1,2025,London,Guy's and St Thomas' NHS Foundation Trust,St Thomas' Hospital,Type 1,654,124,626,28,297,15.2,12,69,69,49,536
3778,25/01/2025,January,1,2025,Midlands,University Hospitals Birmingham NHS Foundation Trust,Queen Elizabeth Hospital Birmingham,Type 1,362,166,219,143,176,7.5,2,68,265,21,76
3779,25/01/2025,January,1,2025,Yorkshire and Humber,Leeds Teaching Hospitals NHS Trust,Leeds General Infirmary,Type 1,677,138,593,84,110,14.8,5,70,271,15,391
3780,25/01/2025,January,1,2025,South East,Oxford University Hospitals NHS Foundation Trust,John Radcliffe Hospital,Type 1,413,195,274,139,286,15,20,182,272,53,88
3781,26/01/2025,January,1,2025,North West,Liverpool University Hospitals NHS Foundation Trust,Royal Liverpool University Hospital,Type 1,457,106,413,44,194,4.2,22,97,188,65,204
3782,26/01/2025,January,1,2025,London,Guy's and St Thomas' NHS Foundation Trust,St Thomas' Hospital,Type 1,252,89,222,30,285,11.2,16,177,282,20,50
3783,26/01/2025,January,1,2025,Midlands,University Hospitals Birmingham NHS Foundation Trust,Queen Elizabeth Hospital Birmingham,Type 1,639,165,578,61,291,12.6,14,160,182,13,444
3784,26/01/2025,January,1,2025,Yorkshire and Humber,Leeds Teaching Hospitals NHS Trust,Leeds General Infirmary,Type 1,371,178,279,92,252,9,10,66,234,44,93
3785,26/01/2025,January,1,2025,South East,Oxford University Hospitals NHS Foundation Trust,John Radcliffe Hospital,Type 1,435,113,292,143,181,14.4,6,187,268,54,113
3786,27/01/2025,January,1,2025,North West,Liverpool University Hospitals NHS Foundation Trust,Royal Liverpool University Hospital,Type 1,400,165,265,135,215,12.6,16,208,189,35,176
3787,27/01/2025,January,1,2025,London,Guy's and St Thomas' NHS Foundation Trust,St Thomas' Hospital,Type 1,413,156,259,154,287,9,10,79,253,40,120
3788,27/01/2025,January,1,2025,Midlands,University Hospitals Birmingham NHS Foundation Trust,Queen Elizabeth Hospital Birmingham,Type 1,472,172,371,101,305,10.8,10,86,246,20,206
3789,27/01/2025,January,1,2025,Yorkshire and Humber,Leeds Teaching Hospitals NHS Trust,Leeds General Infirmary,Type 1,665,79,521,144,172,6.9,25,216,217,63,385
3790,27/01/2025,January,1,2025,South East,Oxford University Hospitals NHS Foundation Trust,John Radcliffe Hospital,Type 1,604,65,465,139,125,5.6,11,114,288,55,261
3791,28/01/2025,January,1,2025,North West,Liverpool University Hospitals NHS Foundation Trust,Royal Liverpool University Hospital,Type 1,406,70,268,138,128,5.9,24,205,288,78,40
3792,28/01/2025,January,1,2025,London,Guy's and St Thomas' NHS Foundation Trust,St Thomas' Hospital,Type 1,605,96,577,28,149,14.9,17,206,192,23,390
3793,28/01/2025,January,1,2025,Midlands,University Hospitals Birmingham NHS Foundation Trust,Queen Elizabeth Hospital Birmingham,Type 1,475,106,336,139,165,8.5,18,56,282,16,177
3794,28/01/2025,January,1,2025,Yorkshire and Humber,Leeds Teaching Hospitals NHS Trust,Leeds General Infirmary,Type 1,604,76,391,213,232,13.2,15,86,143,16,445
3795,28/01/2025,January,1,2025,South East,Oxford University Hospitals NHS Foundation Trust,John Radcliffe Hospital,Type 1,574,154,541,33,111,15.2,8,50,168,61,345
3796,29/01/2025,January,1,2025,North West,Liverpool University Hospitals NHS Foundation Trust,Royal Liverpool University Hospital,Type 1,365,192,243,122,241,15.9,25,89,221,58,86
3797,29/01/2025,January,1,2025,London,Guy's and St Thomas' NHS Foundation Trust,St Thomas' Hospital,Type 1,612,121,584,28,291,13.3,0,100,141,68,403
3798,29/01/2025,January,1,2025,Midlands,University Hospitals Birmingham NHS Foundation Trust,Queen Elizabeth Hospital Birmingham,Type 1,413,155,334,79,166,15.7,22,168,264,11,138
3799,29/01/2025,January,1,2025,Yorkshire and Humber,Leeds Teaching Hospitals NHS Trust,Leeds General Infirmary,Type 1,582,56,579,3,223,6.7,14,172,211,47,324
3800,29/01/2025,January,1,2025,South East,Oxford University Hospitals NHS Foundation Trust,John Radcliffe Hospital,Type 1,297,196,296,1,309,10.8,18,203,166,30,101
3801,30/01/2025,January,1,2025,North West,Liverpool University Hospitals NHS Foundation Trust,Royal Liverpool University Hospital,Type 1,380,102,336,44,278,12.6,4,84,275,11,94
3802,30/01/2025,January,1,2025,London,Guy's and St Thomas' NHS Foundation Trust,St Thomas' Hospital,Type 1,634,72,554,80,154,4.1,15,75,63,53,518
3803,30/01/2025,January,1,2025,Midlands,University Hospitals Birmingham NHS Foundation Trust,Queen Elizabeth Hospital Birmingham,Type 1,608,182,511,97,127,8.6,6,115,54,37,517
3804,30/01/2025,January,1,2025,Yorkshire and Humber,Leeds Teaching Hospitals NHS Trust,Leeds General Infirmary,Type 1,364,83,228,136,277,11.2,4,199,180,15,169
3805,30/01/2025,January,1,2025,South East,Oxford University Hospitals NHS Foundation Trust,John Radcliffe Hospital,Type 1,386,176,291,95,174,14.3,13,54,245,52,89
3806,31/01/2025,January,1,2025,North West,Liverpool University Hospitals NHS Foundation Trust,Royal Liverpool University Hospital,Type 1,648,160,394,254,295,6.2,22,137,235,31,382
3807,31/01/2025,January,1,2025,London,Guy's and St Thomas' NHS Foundation Trust,St Thomas' Hospital,Type 1,271,82,210,61,103,6.1,5,59,177,77,17
3808,31/01/2025,January,1,2025,Midlands,University Hospitals Birmingham NHS Foundation Trust,Queen Elizabeth Hospital Birmingham,Type 1,571,186,356,215,139,10.1,9,218,93,56,422
3809,31/01/2025,January,1,2025,Yorkshire and Humber,Leeds Teaching Hospitals NHS Trust,Leeds General Infirmary,Type 1,587,118,560,27,167,9.3,7,134,125,34,428
3810,31/01/2025,January,1,2025,South East,Oxford University Hospitals NHS Foundation Trust,John Radcliffe Hospital,Type 1,282,102,219,63,277,13.3,15,140,279,47,44
3811,01/02/2025,February,1,2025,North West,Liverpool University Hospitals NHS Foundation Trust,Royal Liverpool University Hospital,Type 1,642,71,451,191,143,7.5,13,170,135,22,485
3812,01/02/2025,February,1,2025,London,Guy's and St Thomas' NHS Foundation Trust,St Thomas' Hospital,Type 1,644,52,566,78,143,6.2,15,175,186,61,397
3813,01/02/2025,February,1,2025,Midlands,University Hospitals Birmingham NHS Foundation Trust,Queen Elizabeth Hospital Birmingham,Type 1,695,198,525,170,213,13.2,17,65,227,74,394
3814,01/02/2025,February,1,2025,Yorkshire and Humber,Leeds Teaching Hospitals NHS Trust,Leeds General Infirmary,Type 1,566,156,368,198,171,11.7,15,120,276,14,276
3815,01/02/2025,February,1,2025,South East,Oxford University Hospitals NHS Foundation Trust,John Radcliffe Hospital,Type 1,329,81,305,24,171,8,2,174,125,25,179
3816,02/02/2025,February,1,2025,North West,Liverpool University Hospitals NHS Foundation Trust,Royal Liverpool University Hospital,Type 1,351,76,329,22,280,6.8,19,82,55,10,286
3817,02/02/2025,February,1,2025,London,Guy's and St Thomas' NHS Foundation Trust,St Thomas' Hospital,Type 1,570,188,480,90,246,13.7,23,132,113,70,387
3818,02/02/2025,February,1,2025,Midlands,University Hospitals Birmingham NHS Foundation Trust,Queen Elizabeth Hospital Birmingham,Type 1,465,138,320,145,120,5.2,0,178,292,72,101
3819,02/02/2025,February,1,2025,Yorkshire and Humber,Leeds Teaching Hospitals NHS Trust,Leeds General Infirmary,Type 1,425,124,305,120,261,13.3,3,87,165,66,194
3820,02/02/2025,February,1,2025,South East,Oxford University Hospitals NHS Foundation Trust,John Radcliffe Hospital,Type 1,603,142,538,65,234,7.4,2,187,153,20,430
3821,03/02/2025,February,1,2025,North West,Liverpool University Hospitals NHS Foundation Trust,Royal Liverpool University Hospital,Type 1,651,195,576,75,155,12.8,23,134,285,58,308
3822,03/02/2025,February,1,2025,London,Guy's and St Thomas' NHS Foundation Trust,St Thomas' Hospital,Type 1,693,168,486,207,271,10.5,8,213,61,27,605
3823,03/02/2025,February,1,2025,Midlands,University Hospitals Birmingham NHS Foundation Trust,Queen Elizabeth Hospital Birmingham,Type 1,689,81,523,166,287,7.3,22,141,100,64,525
3824,03/02/2025,February,1,2025,Yorkshire and Humber,Leeds Teaching Hospitals NHS Trust,Leeds General Infirmary,Type 1,489,189,330,159,274,15.9,5,150,205,45,239
3825,03/02/2025,February,1,2025,South East,Oxford University Hospitals NHS Foundation Trust,John Radcliffe Hospital,Type 1,677,98,603,74,172,8.3,13,80,99,76,502
3826,04/02/2025,February,1,2025,North West,Liverpool University Hospitals NHS Foundation Trust,Royal Liverpool University Hospital,Type 1,580,112,401,179,236,11.5,20,161,93,34,453
3827,04/02/2025,February,1,2025,London,Guy's and St Thomas' NHS Foundation Trust,St Thomas' Hospital,Type 1,419,172,307,112,227,5.7,4,127,280,37,102
3828,04/02/2025,February,1,2025,Midlands,University Hospitals Birmingham NHS Foundation Trust,Queen Elizabeth Hospital Birmingham,Type 1,628,141,408,220,182,8,7,80,131,19,478
3829,04/02/2025,February,1,2025,Yorkshire and Humber,Leeds Teaching Hospitals NHS Trust,Leeds General Infirmary,Type 1,268,130,231,37,232,7,21,146,104,21,143
3830,04/02/2025,February,1,2025,South East,Oxford University Hospitals NHS Foundation Trust,John Radcliffe Hospital,Type 1,668,90,663,5,255,4.9,23,219,250,67,351
3831,05/02/2025,February,1,2025,North West,Liverpool University Hospitals NHS Foundation Trust,Royal Liverpool University Hospital,Type 1,380,174,248,132,238,6.4,1,136,111,34,235
3832,05/02/2025,February,1,2025,London,Guy's and St Thomas' NHS Foundation Trust,St Thomas' Hospital,Type 1,578,120,459,119,171,9.1,2,111,225,25,328
3833,05/02/2025,February,1,2025,Midlands,University Hospitals Birmingham NHS Foundation Trust,Queen Elizabeth Hospital Birmingham,Type 1,473,143,465,8,278,7,11,194,251,59,163
3834,05/02/2025,February,1,2025,Yorkshire and Humber,Leeds Teaching Hospitals NHS Trust,Leeds General Infirmary,Type 1,434,159,357,77,194,11.1,11,69,169,70,195
3835,05/02/2025,February,1,2025,South East,Oxford University Hospitals NHS Foundation Trust,John Radcliffe Hospital,Type 1,634,162,588,46,100,9.5,10,145,298,43,293
3836,06/02/2025,February,1,2025,North West,Liverpool University Hospitals NHS Foundation Trust,Royal Liverpool University Hospital,Type 1,268,109,227,41,302,9.4,6,149,110,72,86
3837,06/02/2025,February,1,2025,London,Guy's and St Thomas' NHS Foundation Trust,St Thomas' Hospital,Type 1,418,197,331,87,314,9.4,11,51,292,18,108
3838,06/02/2025,February,1,2025,Midlands,University Hospitals Birmingham NHS Foundation Trust,Queen Elizabeth Hospital Birmingham,Type 1,562,114,503,59,112,5.9,4,169,167,67,328
3839,06/02/2025,February,1,2025,Yorkshire and Humber,Leeds Teaching Hospitals NHS Trust,Leeds General Infirmary,Type 1,336,169,323,13,309,12.8,13,176,108,43,185
3840,06/02/2025,February,1,2025,South East,Oxford University Hospitals NHS Foundation Trust,John Radcliffe Hospital,Type 1,449,157,299,150,183,4.3,10,159,266,32,151
3841,07/02/2025,February,1,2025,North West,Liverpool University Hospitals NHS Foundation Trust,Royal Liverpool University Hospital,Type 1,325,75,230,95,147,15.2,22,63,109,30,186
3842,07/02/2025,February,1,2025,London,Guy's and St Thomas' NHS Foundation Trust,St Thomas' Hospital,Type 1,471,78,450,21,207,6,2,201,239,77,155
3843,07/02/2025,February,1,2025,Midlands,University Hospitals Birmingham NHS Foundation Trust,Queen Elizabeth Hospital Birmingham,Type 1,304,160,195,109,197,11.1,21,74,68,15,221
3844,07/02/2025,February,1,2025,Yorkshire and Humber,Leeds Teaching Hospitals NHS Trust,Leeds General Infirmary,Type 1,448,52,283,165,264,11.6,3,136,212,51,185
3845,07/02/2025,February,1,2025,South East,Oxford University Hospitals NHS Foundation Trust,John Radcliffe Hospital,Type 1,601,173,519,82,130,4.6,12,116,272,48,281
3846,08/02/2025,February,1,2025,North West,Liverpool University Hospitals NHS Foundation Trust,Royal Liverpool University Hospital,Type 1,255,53,221,34,255,13.2,5,187,227,54,26
3847,08/02/2025,February,1,2025,London,Guy's and St Thomas' NHS Foundation Trust,St Thomas' Hospital,Type 1,665,104,536,129,239,10.3,17,192,253,26,386
3848,08/02/2025,February,1,2025,Midlands,University Hospitals Birmingham NHS Foundation Trust,Queen Elizabeth Hospital Birmingham,Type 1,337,61,282,55,177,10,20,184,275,27,35
3849,08/02/2025,February,1,2025,Yorkshire and Humber,Leeds Teaching Hospitals NHS Trust,Leeds General Infirmary,Type 1,274,70,164,110,248,4.5,0,49,192,51,31
3850,08/02/2025,February,1,2025,South East,Oxford University Hospitals NHS Foundation Trust,John Radcliffe Hospital,Type 1,329,177,240,89,101,10.4,5,158,170,76,83
3851,09/02/2025,February,1,2025,North West,Liverpool University Hospitals NHS Foundation Trust,Royal Liverpool University Hospital,Type 1,257,181,154,103,251,4.3,4,45,97,73,87
3852,09/02/2025,February,1,2025,London,Guy's and St Thomas' NHS Foundation Trust,St Thomas' Hospital,Type 1,392,117,275,117,309,15.5,17,77,189,21,182
3853,09/02/2025,February,1,2025,Midlands,University Hospitals Birmingham NHS Foundation Trust,Queen Elizabeth Hospital Birmingham,Type 1,676,68,656,20,200,15.8,5,129,244,62,370
3854,09/02/2025,February,1,2025,Yorkshire and Humber,Leeds Teaching Hospitals NHS Trust,Leeds General Infirmary,Type 1,448,88,290,158,236,9,5,66,102,31,315
3855,09/02/2025,February,1,2025,South East,Oxford University Hospitals NHS Foundation Trust,John Radcliffe Hospital,Type 1,346,124,251,95,206,12.9,11,197,219,51,76
3856,10/02/2025,February,1,2025,North West,Liverpool University Hospitals NHS Foundation Trust,Royal Liverpool University Hospital,Type 1,524,123,336,188,215,8.1,23,110,235,10,279
3857,10/02/2025,February,1,2025,London,Guy's and St Thomas' NHS Foundation Trust,St Thomas' Hospital,Type 1,461,97,423,38,270,5.1,4,152,50,58,353
3858,10/02/2025,February,1,2025,Midlands,University Hospitals Birmingham NHS Foundation Trust,Queen Elizabeth Hospital Birmingham,Type 1,417,114,306,111,106,6.7,3,83,237,78,102
3859,10/02/2025,February,1,2025,Yorkshire and Humber,Leeds Teaching Hospitals NHS Trust,Leeds General Infirmary,Type 1,674,129,483,191,290,13.8,17,42,174,58,442
3860,10/02/2025,February,1,2025,South East,Oxford University Hospitals NHS Foundation Trust,John Radcliffe Hospital,Type 1,370,162,356,14,188,7.9,8,64,243,36,91
3861,11/02/2025,February,1,2025,North West,Liverpool University Hospitals NHS Foundation Trust,Royal Liverpool University Hospital,Type 1,641,187,497,144,149,10,2,211,283,56,302
3862,11/02/2025,February,1,2025,London,Guy's and St Thomas' NHS Foundation Trust,St Thomas' Hospital,Type 1,624,153,433,191,173,5,1,202,82,16,526
3863,11/02/2025,February,1,2025,Midlands,University Hospitals Birmingham NHS Foundation Trust,Queen Elizabeth Hospital Birmingham,Type 1,483,89,380,103,107,11.4,25,135,117,77,289
3864,11/02/2025,February,1,2025,Yorkshire and Humber,Leeds Teaching Hospitals NHS Trust,Leeds General Infirmary,Type 1,436,65,387,49,211,7.6,22,130,297,33,106
3865,11/02/2025,February,1,2025,South East,Oxford University Hospitals NHS Foundation Trust,John Radcliffe Hospital,Type 1,415,156,266,149,94,5.9,21,175,206,51,158
3866,12/02/2025,February,1,2025,North West,Liverpool University Hospitals NHS Foundation Trust,Royal Liverpool University Hospital,Type 1,474,54,399,75,129,9.1,11,145,132,57,285
3867,12/02/2025,February,1,2025,London,Guy's and St Thomas' NHS Foundation Trust,St Thomas' Hospital,Type 1,372,66,245,127,176,12.4,21,106,169,13,190
3868,12/02/2025,February,1,2025,Midlands,University Hospitals Birmingham NHS Foundation Trust,Queen Elizabeth Hospital Birmingham,Type 1,474,50,295,179,225,7.7,19,127,87,70,317
3869,12/02/2025,February,1,2025,Yorkshire and Humber,Leeds Teaching Hospitals NHS Trust,Leeds General Infirmary,Type 1,320,183,315,5,118,12.4,22,137,83,75,162
3870,12/02/2025,February,1,2025,South East,Oxford University Hospitals NHS Foundation Trust,John Radcliffe Hospital,Type 1,402,167,325,77,245,12.3,19,190,103,24,275
3871,13/02/2025,February,1,2025,North West,Liverpool University Hospitals NHS Foundation Trust,Royal Liverpool University Hospital,Type 1,429,130,284,145,287,5.4,18,69,109,13,307
3872,13/02/2025,February,1,2025,London,Guy's and St Thomas' NHS Foundation Trust,St Thomas' Hospital,Type 1,411,193,390,21,125,15.3,24,103,190,49,172
3873,13/02/2025,February,1,2025,Midlands,University Hospitals Birmingham NHS Foundation Trust,Queen Elizabeth Hospital Birmingham,Type 1,607,69,391,216,169,11.9,14,120,193,79,335
3874,13/02/2025,February,1,2025,Yorkshire and Humber,Leeds Teaching Hospitals NHS Trust,Leeds General Infirmary,Type 1,432,70,264,168,202,12.3,24,204,113,16,303
3875,13/02/2025,February,1,2025,South East,Oxford University Hospitals NHS Foundation Trust,John Radcliffe Hospital,Type 1,586,189,487,99,247,13.2,16,205,141,40,405
3876,14/02/2025,February,1,2025,North West,Liverpool University Hospitals NHS Foundation Trust,Royal Liverpool University Hospital,Type 1,682,53,680,2,258,13.7,17,148,289,12,381
3877,14/02/2025,February,1,2025,London,Guy's and St Thomas' NHS Foundation Trust,St Thomas' Hospital,Type 1,480,113,343,137,128,13.5,4,219,134,54,292
3878,14/02/2025,February,1,2025,Midlands,University Hospitals Birmingham NHS Foundation Trust,Queen Elizabeth Hospital Birmingham,Type 1,458,106,449,9,119,12.4,19,186,156,73,229
3879,14/02/2025,February,1,2025,Yorkshire and Humber,Leeds Teaching Hospitals NHS Trust,Leeds General Infirmary,Type 1,484,76,471,13,139,9.9,19,193,66,10,408
3880,14/02/2025,February,1,2025,South East,Oxford University Hospitals NHS Foundation Trust,John Radcliffe Hospital,Type 1,431,61,306,125,203,13.5,7,133,206,60,165
3881,15/02/2025,February,1,2025,North West,Liverpool University Hospitals NHS Foundation Trust,Royal Liverpool University Hospital,Type 1,409,119,289,120,267,8.5,16,42,129,49,231
3882,15/02/2025,February,1,2025,London,Guy's and St Thomas' NHS Foundation Trust,St Thomas' Hospital,Type 1,631,78,509,122,111,12.8,15,65,245,60,326
3883,15/02/2025,February,1,2025,Midlands,University Hospitals Birmingham NHS Foundation Trust,Queen Elizabeth Hospital Birmingham,Type 1,286,179,240,46,300,6.6,18,51,279,54,47
3884,15/02/2025,February,1,2025,Yorkshire and Humber,Leeds Teaching Hospitals NHS Trust,Leeds General Infirmary,Type 1,595,60,567,28,255,8.7,19,65,241,48,306
3885,15/02/2025,February,1,2025,South East,Oxford University Hospitals NHS Foundation Trust,John Radcliffe Hospital,Type 1,510,190,383,127,138,14.6,5,168,177,41,292
3886,16/02/2025,February,1,2025,North West,Liverpool University Hospitals NHS Foundation Trust,Royal Liverpool University Hospital,Type 1,603,167,476,127,314,11.1,4,198,198,50,355
3887,16/02/2025,February,1,2025,London,Guy's and St Thomas' NHS Foundation Trust,St Thomas' Hospital,Type 1,642,151,628,14,218,15.8,19,218,228,18,396
3888,16/02/2025,February,1,2025,Midlands,University Hospitals Birmingham NHS Foundation Trust,Queen Elizabeth Hospital Birmingham,Type 1,421,80,346,75,121,11.1,19,187,54,35,332
3889,16/02/2025,February,1,2025,Yorkshire and Humber,Leeds Teaching Hospitals NHS Trust,Leeds General Infirmary,Type 1,332,128,233,99,174,5,22,186,201,40,91
3890,16/02/2025,February,1,2025,South East,Oxford University Hospitals NHS Foundation Trust,John Radcliffe Hospital,Type 1,555,65,333,222,107,9.3,15,199,74,65,416
3891,17/02/2025,February,1,2025,North West,Liverpool University Hospitals NHS Foundation Trust,Royal Liverpool University Hospital,Type 1,291,155,276,15,102,5.1,8,100,258,50,17
3892,17/02/2025,February,1,2025,London,Guy's and St Thomas' NHS Foundation Trust,St Thomas' Hospital,Type 1,364,95,255,109,211,7.3,18,95,215,47,102
3893,17/02/2025,February,1,2025,Midlands,University Hospitals Birmingham NHS Foundation Trust,Queen Elizabeth Hospital Birmingham,Type 1,391,101,287,104,147,14,3,86,256,76,59
3894,17/02/2025,February,1,2025,Yorkshire and Humber,Leeds Teaching Hospitals NHS Trust,Leeds General Infirmary,Type 1,415,182,334,81,250,4.7,0,113,73,58,284
3895,17/02/2025,February,1,2025,South East,Oxford University Hospitals NHS Foundation Trust,John Radcliffe Hospital,Type 1,564,184,563,1,255,11.2,10,198,246,59,259
3896,18/02/2025,February,1,2025,North West,Liverpool University Hospitals NHS Foundation Trust,Royal Liverpool University Hospital,Type 1,575,106,519,56,274,7.8,4,122,52,70,453
3897,18/02/2025,February,1,2025,London,Guy's and St Thomas' NHS Foundation Trust,St Thomas' Hospital,Type 1,260,102,211,49,272,13.3,15,108,242,16,2
3898,18/02/2025,February,1,2025,Midlands,University Hospitals Birmingham NHS Foundation Trust,Queen Elizabeth Hospital Birmingham,Type 1,667,176,524,143,168,9.4,16,92,84,50,533
3899,18/02/2025,February,1,2025,Yorkshire and Humber,Leeds Teaching Hospitals NHS Trust,Leeds General Infirmary,Type 1,349,181,341,8,285,14.1,8,53,184,20,145
3900,18/02/2025,February,1,2025,South East,Oxford University Hospitals NHS Foundation Trust,John Radcliffe Hospital,Type 1,606,183,470,136,177,15.9,17,111,155,26,425
3901,19/02/2025,February,1,2025,North West,Liverpool University Hospitals NHS Foundation Trust,Royal Liverpool University Hospital,Type 1,427,92,356,71,224,12.7,8,50,170,64,193
3902,19/02/2025,February,1,2025,London,Guy's and St Thomas' NHS Foundation Trust,St Thomas' Hospital,Type 1,390,108,345,45,237,8.4,0,144,114,17,259
3903,19/02/2025,February,1,2025,Midlands,University Hospitals Birmingham NHS Foundation Trust,Queen Elizabeth Hospital Birmingham,Type 1,576,112,454,122,179,11.8,2,110,289,57,230
3904,19/02/2025,February,1,2025,Yorkshire and Humber,Leeds Teaching Hospitals NHS Trust,Leeds General Infirmary,Type 1,596,69,489,107,138,11,15,220,197,36,363
3905,19/02/2025,February,1,2025,South East,Oxford University Hospitals NHS Foundation Trust,John Radcliffe Hospital,Type 1,423,165,291,132,224,9.1,21,71,120,63,240
3906,20/02/2025,February,1,2025,North West,Liverpool University Hospitals NHS Foundation Trust,Royal Liverpool University Hospital,Type 1,423,61,254,169,270,4.3,24,182,124,40,259
3907,20/02/2025,February,1,2025,London,Guy's and St Thomas' NHS Foundation Trust,St Thomas' Hospital,Type 1,258,82,177,81,246,9.8,8,210,58,80,120
3908,20/02/2025,February,1,2025,Midlands,University Hospitals Birmingham NHS Foundation Trust,Queen Elizabeth Hospital Birmingham,Type 1,364,117,296,68,268,15.2,18,203,209,49,106
3909,20/02/2025,February,1,2025,Yorkshire and Humber,Leeds Teaching Hospitals NHS Trust,Leeds General Infirmary,Type 1,586,195,458,128,205,10.1,14,199,84,43,459
3910,20/02/2025,February,1,2025,South East,Oxford University Hospitals NHS Foundation Trust,John Radcliffe Hospital,Type 1,685,67,644,41,195,14.9,1,155,117,71,497
3911,21/02/2025,February,1,2025,North West,Liverpool University Hospitals NHS Foundation Trust,Royal Liverpool University Hospital,Type 1,414,174,340,74,149,8.3,0,174,107,74,233
3912,21/02/2025,February,1,2025,London,Guy's and St Thomas' NHS Foundation Trust,St Thomas' Hospital,Type 1,383,101,290,93,306,10.5,4,203,243,56,84
3913,21/02/2025,February,1,2025,Midlands,University Hospitals Birmingham NHS Foundation Trust,Queen Elizabeth Hospital Birmingham,Type 1,393,199,284,109,158,7.8,5,151,172,44,177
3914,21/02/2025,February,1,2025,Yorkshire and Humber,Leeds Teaching Hospitals NHS Trust,Leeds General Infirmary,Type 1,696,99,592,104,199,11.5,8,181,157,58,481
3915,21/02/2025,February,1,2025,South East,Oxford University Hospitals NHS Foundation Trust,John Radcliffe Hospital,Type 1,584,189,412,172,309,7.8,2,120,63,33,488
3916,22/02/2025,February,1,2025,North West,Liverpool University Hospitals NHS Foundation Trust,Royal Liverpool University Hospital,Type 1,521,175,431,90,128,5.5,23,156,73,32,416
3917,22/02/2025,February,1,2025,London,Guy's and St Thomas' NHS Foundation Trust,St Thomas' Hospital,Type 1,366,103,242,124,301,7,23,188,189,79,98
3918,22/02/2025,February,1,2025,Midlands,University Hospitals Birmingham NHS Foundation Trust,Queen Elizabeth Hospital Birmingham,Type 1,357,132,313,44,176,11.8,19,106,75,39,243
3919,22/02/2025,February,1,2025,Yorkshire and Humber,Leeds Teaching Hospitals NHS Trust,Leeds General Infirmary,Type 1,438,152,341,97,190,14.2,20,211,128,12,298
3920,22/02/2025,February,1,2025,South East,Oxford University Hospitals NHS Foundation Trust,John Radcliffe Hospital,Type 1,334,94,224,110,230,14.5,3,147,299,27,8
3921,23/02/2025,February,1,2025,North West,Liverpool University Hospitals NHS Foundation Trust,Royal Liverpool University Hospital,Type 1,555,70,376,179,115,6.1,13,70,97,79,379
3922,23/02/2025,February,1,2025,London,Guy's and St Thomas' NHS Foundation Trust,St Thomas' Hospital,Type 1,323,192,291,32,205,4.3,25,57,266,25,32
3923,23/02/2025,February,1,2025,Midlands,University Hospitals Birmingham NHS Foundation Trust,Queen Elizabeth Hospital Birmingham,Type 1,557,105,403,154,318,10.4,5,157,123,30,404
3924,23/02/2025,February,1,2025,Yorkshire and Humber,Leeds Teaching Hospitals NHS Trust,Leeds General Infirmary,Type 1,543,124,405,138,147,8.2,19,171,102,53,388
3925,23/02/2025,February,1,2025,South East,Oxford University Hospitals NHS Foundation Trust,John Radcliffe Hospital,Type 1,602,192,566,36,186,5.1,24,108,272,68,262
3926,24/02/2025,February,1,2025,North West,Liverpool University Hospitals NHS Foundation Trust,Royal Liverpool University Hospital,Type 1,344,63,236,108,118,14.4,13,172,167,22,155
3927,24/02/2025,February,1,2025,London,Guy's and St Thomas' NHS Foundation Trust,St Thomas' Hospital,Type 1,644,137,612,32,257,14.6,25,214,154,19,471
3928,24/02/2025,February,1,2025,Midlands,University Hospitals Birmingham NHS Foundation Trust,Queen Elizabeth Hospital Birmingham,Type 1,682,159,448,234,100,9.6,22,143,146,29,507
3929,24/02/2025,February,1,2025,Yorkshire and Humber,Leeds Teaching Hospitals NHS Trust,Leeds General Infirmary,Type 1,548,60,524,24,156,5.7,20,96,291,53,204
3930,24/02/2025,February,1,2025,South East,Oxford University Hospitals NHS Foundation Trust,John Radcliffe Hospital,Type 1,438,56,346,92,200,15.2,15,207,125,36,277
3931,25/02/2025,February,1,2025,North West,Liverpool University Hospitals NHS Foundation Trust,Royal Liverpool University Hospital,Type 1,287,145,223,64,98,12.9,22,128,267,49,29
3932,25/02/2025,February,1,2025,London,Guy's and St Thomas' NHS Foundation Trust,St Thomas' Hospital,Type 1,422,59,332,90,255,11.5,0,118,234,13,175
3933,25/02/2025,February,1,2025,Midlands,University Hospitals Birmingham NHS Foundation Trust,Queen Elizabeth Hospital Birmingham,Type 1,383,113,310,73,184,15.4,19,118,238,71,74
3934,25/02/2025,February,1,2025,Yorkshire and Humber,Leeds Teaching Hospitals NHS Trust,Leeds General Infirmary,Type 1,301,195,219,82,101,5.2,10,193,227,36,38
3935,25/02/2025,February,1,2025,South East,Oxford University Hospitals NHS Foundation Trust,John Radcliffe Hospital,Type 1,561,145,342,219,122,9.8,24,78,300,56,205
3936,26/02/2025,February,1,2025,North West,Liverpool University Hospitals NHS Foundation Trust,Royal Liverpool University Hospital,Type 1,303,179,266,37,300,13.2,8,87,216,10,77
3937,26/02/2025,February,1,2025,London,Guy's and St Thomas' NHS Foundation Trust,St Thomas' Hospital,Type 1,266,97,208,58,285,8.3,25,136,125,32,109
3938,26/02/2025,February,1,2025,Midlands,University Hospitals Birmingham NHS Foundation Trust,Queen Elizabeth Hospital Birmingham,Type 1,470,142,408,62,145,8.4,18,114,242,62,166
3939,26/02/2025,February,1,2025,Yorkshire and Humber,Leeds Teaching Hospitals NHS Trust,Leeds General Infirmary,Type 1,404,67,314,90,114,15.1,19,196,233,31,140
3940,26/02/2025,February,1,2025,South East,Oxford University Hospitals NHS Foundation Trust,John Radcliffe Hospital,Type 1,321,115,234,87,139,10.8,23,184,63,71,187
3941,27/02/2025,February,1,2025,North West,Liverpool University Hospitals NHS Foundation Trust,Royal Liverpool University Hospital,Type 1,348,198,324,24,189,6.1,22,165,220,40,88
3942,27/02/2025,February,1,2025,London,Guy's and St Thomas' NHS Foundation Trust,St Thomas' Hospital,Type 1,311,86,210,101,137,10.6,5,89,262,43,6
3943,27/02/2025,February,1,2025,Midlands,University Hospitals Birmingham NHS Foundation Trust,Queen Elizabeth Hospital Birmingham,Type 1,575,118,499,76,277,12.4,15,68,173,41,361
3944,27/02/2025,February,1,2025,Yorkshire and Humber,Leeds Teaching Hospitals NHS Trust,Leeds General Infirmary,Type 1,496,160,477,19,102,12.3,13,93,251,52,193
3945,27/02/2025,February,1,2025,South East,Oxford University Hospitals NHS Foundation Trust,John Radcliffe Hospital,Type 1,490,129,367,123,286,12.7,8,121,274,74,142
3946,28/02/2025,February,1,2025,North West,Liverpool University Hospitals NHS Foundation Trust,Royal Liverpool University Hospital,Type 1,572,54,489,83,252,13.9,15,105,86,62,424
3947,28/02/2025,February,1,2025,London,Guy's and St Thomas' NHS Foundation Trust,St Thomas' Hospital,Type 1,548,140,517,31,232,4.9,25,90,203,22,323
3948,28/02/2025,February,1,2025,Midlands,University Hospitals Birmingham NHS Foundation Trust,Queen Elizabeth Hospital Birmingham,Type 1,518,160,399,119,251,11.4,1,105,160,41,317
3949,28/02/2025,February,1,2025,Yorkshire and Humber,Leeds Teaching Hospitals NHS Trust,Leeds General Infirmary,Type 1,268,123,235,33,263,4.3,24,177,262,64,58
3950,28/02/2025,February,1,2025,South East,Oxford University Hospitals NHS Foundation Trust,John Radcliffe Hospital,Type 1,349,103,231,118,237,4.9,15,209,245,46,58
3951,01/03/2025,March,1,2025,North West,Liverpool University Hospitals NHS Foundation Trust,Royal Liverpool University Hospital,Type 1,253,149,218,35,280,5.2,9,57,89,79,85
3952,01/03/2025,March,1,2025,London,Guy's and St Thomas' NHS Foundation Trust,St Thomas' Hospital,Type 1,695,61,429,266,107,5.2,9,173,177,35,483
3953,01/03/2025,March,1,2025,Midlands,University Hospitals Birmingham NHS Foundation Trust,Queen Elizabeth Hospital Birmingham,Type 1,698,146,425,273,311,5.5,8,51,156,57,485
3954,01/03/2025,March,1,2025,Yorkshire and Humber,Leeds Teaching Hospitals NHS Trust,Leeds General Infirmary,Type 1,600,119,515,85,291,13,17,82,229,68,303
3955,01/03/2025,March,1,2025,South East,Oxford University Hospitals NHS Foundation Trust,John Radcliffe Hospital,Type 1,690,181,583,107,206,7.2,19,139,243,25,422
3956,02/03/2025,March,1,2025,North West,Liverpool University Hospitals NHS Foundation Trust,Royal Liverpool University Hospital,Type 1,673,172,561,112,320,10.8,10,134,197,75,401
3957,02/03/2025,March,1,2025,London,Guy's and St Thomas' NHS Foundation Trust,St Thomas' Hospital,Type 1,533,95,524,9,188,15.3,7,118,104,72,357
3958,02/03/2025,March,1,2025,Midlands,University Hospitals Birmingham NHS Foundation Trust,Queen Elizabeth Hospital Birmingham,Type 1,527,171,489,38,275,8.3,13,121,75,64,388
3959,02/03/2025,March,1,2025,Yorkshire and Humber,Leeds Teaching Hospitals NHS Trust,Leeds General Infirmary,Type 1,621,120,412,209,273,14.6,11,210,175,45,401
3960,02/03/2025,March,1,2025,South East,Oxford University Hospitals NHS Foundation Trust,John Radcliffe Hospital,Type 1,497,86,458,39,310,13.3,0,100,270,63,164
3961,03/03/2025,March,1,2025,North West,Liverpool University Hospitals NHS Foundation Trust,Royal Liverpool University Hospital,Type 1,391,169,368,23,94,10.4,16,86,238,79,74
3962,03/03/2025,March,1,2025,London,Guy's and St Thomas' NHS Foundation Trust,St Thomas' Hospital,Type 1,361,199,262,99,230,11.5,0,214,194,23,144
3963,03/03/2025,March,1,2025,Midlands,University Hospitals Birmingham NHS Foundation Trust,Queen Elizabeth Hospital Birmingham,Type 1,349,93,293,56,306,12.3,11,147,198,16,135
3964,03/03/2025,March,1,2025,Yorkshire and Humber,Leeds Teaching Hospitals NHS Trust,Leeds General Infirmary,Type 1,675,64,576,99,125,5.7,0,99,262,12,401
3965,03/03/2025,March,1,2025,South East,Oxford University Hospitals NHS Foundation Trust,John Radcliffe Hospital,Type 1,680,75,482,198,191,6.6,22,40,53,80,547
3966,04/03/2025,March,1,2025,North West,Liverpool University Hospitals NHS Foundation Trust,Royal Liverpool University Hospital,Type 1,505,149,434,71,120,12.8,23,137,63,65,377
3967,04/03/2025,March,1,2025,London,Guy's and St Thomas' NHS Foundation Trust,St Thomas' Hospital,Type 1,269,161,176,93,209,4.2,3,94,185,13,71
3968,04/03/2025,March,1,2025,Midlands,University Hospitals Birmingham NHS Foundation Trust,Queen Elizabeth Hospital Birmingham,Type 1,550,179,447,103,164,10.9,14,105,186,18,346
3969,04/03/2025,March,1,2025,Yorkshire and Humber,Leeds Teaching Hospitals NHS Trust,Leeds General Infirmary,Type 1,659,136,397,262,318,9.2,4,219,85,36,538
3970,04/03/2025,March,1,2025,South East,Oxford University Hospitals NHS Foundation Trust,John Radcliffe Hospital,Type 1,637,179,591,46,121,7.1,6,111,258,52,327
3971,05/03/2025,March,1,2025,North West,Liverpool University Hospitals NHS Foundation Trust,Royal Liverpool University Hospital,Type 1,522,131,428,94,129,9,11,203,101,80,341
3972,05/03/2025,March,1,2025,London,Guy's and St Thomas' NHS Foundation Trust,St Thomas' Hospital,Type 1,329,171,259,70,92,15.5,11,146,157,28,144
3973,05/03/2025,March,1,2025,Midlands,University Hospitals Birmingham NHS Foundation Trust,Queen Elizabeth Hospital Birmingham,Type 1,493,113,473,20,195,6.6,24,143,213,57,223
3974,05/03/2025,March,1,2025,Yorkshire and Humber,Leeds Teaching Hospitals NHS Trust,Leeds General Infirmary,Type 1,555,79,549,6,200,4.8,2,79,204,51,300
3975,05/03/2025,March,1,2025,South East,Oxford University Hospitals NHS Foundation Trust,John Radcliffe Hospital,Type 1,673,100,509,164,176,9.1,0,125,105,30,538
3976,06/03/2025,March,1,2025,North West,Liverpool University Hospitals NHS Foundation Trust,Royal Liverpool University Hospital,Type 1,665,152,418,247,289,13.9,9,178,148,14,503
3977,06/03/2025,March,1,2025,London,Guy's and St Thomas' NHS Foundation Trust,St Thomas' Hospital,Type 1,603,103,419,184,218,15,20,54,136,68,399
3978,06/03/2025,March,1,2025,Midlands,University Hospitals Birmingham NHS Foundation Trust,Queen Elizabeth Hospital Birmingham,Type 1,294,107,268,26,260,10.9,22,113,270,49,25
3979,06/03/2025,March,1,2025,Yorkshire and Humber,Leeds Teaching Hospitals NHS Trust,Leeds General Infirmary,Type 1,592,97,487,105,282,12.2,4,85,161,71,360
3980,06/03/2025,March,1,2025,South East,Oxford University Hospitals NHS Foundation Trust,John Radcliffe Hospital,Type 1,450,139,411,39,277,11.8,14,116,278,44,128
3981,07/03/2025,March,1,2025,North West,Liverpool University Hospitals NHS Foundation Trust,Royal Liverpool University Hospital,Type 1,262,103,229,33,107,9,13,151,147,10,105
3982,07/03/2025,March,1,2025,London,Guy's and St Thomas' NHS Foundation Trust,St Thomas' Hospital,Type 1,362,165,253,109,200,11,23,87,184,64,114
3983,07/03/2025,March,1,2025,Midlands,University Hospitals Birmingham NHS Foundation Trust,Queen Elizabeth Hospital Birmingham,Type 1,687,55,584,103,156,13.9,24,186,119,79,489
3984,07/03/2025,March,1,2025,Yorkshire and Humber,Leeds Teaching Hospitals NHS Trust,Leeds General Infirmary,Type 1,501,106,316,185,94,5.2,0,174,190,61,250
3985,07/03/2025,March,1,2025,South East,Oxford University Hospitals NHS Foundation Trust,John Radcliffe Hospital,Type 1,661,193,514,147,136,5,5,167,258,17,386
3986,08/03/2025,March,1,2025,North West,Liverpool University Hospitals NHS Foundation Trust,Royal Liverpool University Hospital,Type 1,415,195,270,145,129,5.6,24,53,267,25,123
3987,08/03/2025,March,1,2025,London,Guy's and St Thomas' NHS Foundation Trust,St Thomas' Hospital,Type 1,365,69,306,59,151,6,13,166,258,34,73
3988,08/03/2025,March,1,2025,Midlands,University Hospitals Birmingham NHS Foundation Trust,Queen Elizabeth Hospital Birmingham,Type 1,489,69,335,154,229,14.3,19,194,118,73,298
3989,08/03/2025,March,1,2025,Yorkshire and Humber,Leeds Teaching Hospitals NHS Trust,Leeds General Infirmary,Type 1,543,184,510,33,115,13.2,24,201,228,44,271
3990,08/03/2025,March,1,2025,South East,Oxford University Hospitals NHS Foundation Trust,John Radcliffe Hospital,Type 1,327,154,200,127,232,11.7,2,163,289,22,16
3991,09/03/2025,March,1,2025,North West,Liverpool University Hospitals NHS Foundation Trust,Royal Liverpool University Hospital,Type 1,648,171,497,151,200,14.5,4,144,53,58,537
3992,09/03/2025,March,1,2025,London,Guy's and St Thomas' NHS Foundation Trust,St Thomas' Hospital,Type 1,533,198,420,113,137,11.8,17,75,132,53,348
3993,09/03/2025,March,1,2025,Midlands,University Hospitals Birmingham NHS Foundation Trust,Queen Elizabeth Hospital Birmingham,Type 1,493,68,428,65,245,13.2,18,69,66,73,354
3994,09/03/2025,March,1,2025,Yorkshire and Humber,Leeds Teaching Hospitals NHS Trust,Leeds General Infirmary,Type 1,570,138,422,148,271,6.6,6,131,70,17,483
3995,09/03/2025,March,1,2025,South East,Oxford University Hospitals NHS Foundation Trust,John Radcliffe Hospital,Type 1,690,54,545,145,302,15.7,5,162,120,32,538
3996,10/03/2025,March,1,2025,North West,Liverpool University Hospitals NHS Foundation Trust,Royal Liverpool University Hospital,Type 1,465,148,406,59,274,4.1,9,195,192,62,211
3997,10/03/2025,March,1,2025,London,Guy's and St Thomas' NHS Foundation Trust,St Thomas' Hospital,Type 1,266,53,219,47,93,4.1,18,150,140,26,100
3998,10/03/2025,March,1,2025,Midlands,University Hospitals Birmingham NHS Foundation Trust,Queen Elizabeth Hospital Birmingham,Type 1,380,197,293,87,310,12.5,23,189,199,70,111
3999,10/03/2025,March,1,2025,Yorkshire and Humber,Leeds Teaching Hospitals NHS Trust,Leeds General Infirmary,Type 1,603,62,594,9,250,13.7,1,93,165,35,403
4000,10/03/2025,March,1,2025,South East,Oxford University Hospitals NHS Foundation Trust,John Radcliffe Hospital,Type 1,366,83,223,143,197,12.6,7,196,82,39,245
4001,11/03/2025,March,1,2025,North West,Liverpool University Hospitals NHS Foundation Trust,Royal Liverpool University Hospital,Type 1,491,177,345,146,164,5.2,20,74,291,58,142
4002,11/03/2025,March,1,2025,London,Guy's and St Thomas' NHS Foundation Trust,St Thomas' Hospital,Type 1,435,98,399,36,289,12.7,14,86,193,71,171
4003,11/03/2025,March,1,2025,Midlands,University Hospitals Birmingham NHS Foundation Trust,Queen Elizabeth Hospital Birmingham,Type 1,474,71,414,60,160,11.5,14,171,178,41,255
4004,11/03/2025,March,1,2025,Yorkshire and Humber,Leeds Teaching Hospitals NHS Trust,Leeds General Infirmary,Type 1,453,124,411,42,320,4.1,15,137,203,60,190
4005,11/03/2025,March,1,2025,South East,Oxford University Hospitals NHS Foundation Trust,John Radcliffe Hospital,Type 1,312,189,235,77,113,13,19,115,203,48,61
4006,12/03/2025,March,1,2025,North West,Liverpool University Hospitals NHS Foundation Trust,Royal Liverpool University Hospital,Type 1,283,97,231,52,139,14.1,2,96,161,56,66
4007,12/03/2025,March,1,2025,London,Guy's and St Thomas' NHS Foundation Trust,St Thomas' Hospital,Type 1,556,123,464,92,227,4.2,8,84,148,77,331
4008,12/03/2025,March,1,2025,Midlands,University Hospitals Birmingham NHS Foundation Trust,Queen Elizabeth Hospital Birmingham,Type 1,327,52,238,89,171,9.7,9,97,118,66,143
4009,12/03/2025,March,1,2025,Yorkshire and Humber,Leeds Teaching Hospitals NHS Trust,Leeds General Infirmary,Type 1,662,190,478,184,301,14.6,4,104,166,66,430
4010,12/03/2025,March,1,2025,South East,Oxford University Hospitals NHS Foundation Trust,John Radcliffe Hospital,Type 1,423,146,401,22,281,8.9,20,155,299,52,72
4011,13/03/2025,March,1,2025,North West,Liverpool University Hospitals NHS Foundation Trust,Royal Liverpool University Hospital,Type 1,468,132,434,34,309,4.1,15,47,198,40,230
4012,13/03/2025,March,1,2025,London,Guy's and St Thomas' NHS Foundation Trust,St Thomas' Hospital,Type 1,600,146,464,136,185,8.3,16,135,254,80,266
4013,13/03/2025,March,1,2025,Midlands,University Hospitals Birmingham NHS Foundation Trust,Queen Elizabeth Hospital Birmingham,Type 1,276,95,276,0,190,11.3,11,99,95,56,125
4014,13/03/2025,March,1,2025,Yorkshire and Humber,Leeds Teaching Hospitals NHS Trust,Leeds General Infirmary,Type 1,376,166,226,150,192,9.2,15,126,219,71,86
4015,13/03/2025,March,1,2025,South East,Oxford University Hospitals NHS Foundation Trust,John Radcliffe Hospital,Type 1,316,189,240,76,152,10.8,19,139,209,54,53
4016,14/03/2025,March,1,2025,North West,Liverpool University Hospitals NHS Foundation Trust,Royal Liverpool University Hospital,Type 1,387,188,285,102,263,11.6,21,122,75,77,235
4017,14/03/2025,March,1,2025,London,Guy's and St Thomas' NHS Foundation Trust,St Thomas' Hospital,Type 1,386,161,300,86,160,5.7,22,163,98,12,276
4018,14/03/2025,March,1,2025,Midlands,University Hospitals Birmingham NHS Foundation Trust,Queen Elizabeth Hospital Birmingham,Type 1,429,146,427,2,156,13.2,1,52,62,64,303
4019,14/03/2025,March,1,2025,Yorkshire and Humber,Leeds Teaching Hospitals NHS Trust,Leeds General Infirmary,Type 1,459,124,412,47,194,4.4,16,193,105,31,323
4020,14/03/2025,March,1,2025,South East,Oxford University Hospitals NHS Foundation Trust,John Radcliffe Hospital,Type 1,451,81,306,145,253,5.5,18,63,155,69,227
4021,15/03/2025,March,1,2025,North West,Liverpool University Hospitals NHS Foundation Trust,Royal Liverpool University Hospital,Type 1,354,60,264,90,250,6.9,5,56,173,22,159
4022,15/03/2025,March,1,2025,London,Guy's and St Thomas' NHS Foundation Trust,St Thomas' Hospital,Type 1,476,121,400,76,205,13.6,17,195,215,27,234
4023,15/03/2025,March,1,2025,Midlands,University Hospitals Birmingham NHS Foundation Trust,Queen Elizabeth Hospital Birmingham,Type 1,388,183,338,50,150,6,6,116,70,67,251
4024,15/03/2025,March,1,2025,Yorkshire and Humber,Leeds Teaching Hospitals NHS Trust,Leeds General Infirmary,Type 1,381,85,351,30,233,8.2,24,197,248,32,101
4025,15/03/2025,March,1,2025,South East,Oxford University Hospitals NHS Foundation Trust,John Radcliffe Hospital,Type 1,417,58,387,30,174,9.5,15,61,259,15,143
4026,16/03/2025,March,1,2025,North West,Liverpool University Hospitals NHS Foundation Trust,Royal Liverpool University Hospital,Type 1,457,123,387,70,169,15.2,1,78,248,61,148
4027,16/03/2025,March,1,2025,London,Guy's and St Thomas' NHS Foundation Trust,St Thomas' Hospital,Type 1,322,118,297,25,111,14,2,147,92,16,214
4028,16/03/2025,March,1,2025,Midlands,University Hospitals Birmingham NHS Foundation Trust,Queen Elizabeth Hospital Birmingham,Type 1,445,69,416,29,200,7.6,15,63,146,22,277
4029,16/03/2025,March,1,2025,Yorkshire and Humber,Leeds Teaching Hospitals NHS Trust,Leeds General Infirmary,Type 1,463,112,301,162,231,4.6,16,117,290,49,124
4030,16/03/2025,March,1,2025,South East,Oxford University Hospitals NHS Foundation Trust,John Radcliffe Hospital,Type 1,603,81,410,193,152,11.1,15,208,198,68,337
4031,17/03/2025,March,1,2025,North West,Liverpool University Hospitals NHS Foundation Trust,Royal Liverpool University Hospital,Type 1,561,122,440,121,145,5,2,48,203,20,338
4032,17/03/2025,March,1,2025,London,Guy's and St Thomas' NHS Foundation Trust,St Thomas' Hospital,Type 1,591,94,383,208,126,9.6,11,91,130,64,397
4033,17/03/2025,March,1,2025,Midlands,University Hospitals Birmingham NHS Foundation Trust,Queen Elizabeth Hospital Birmingham,Type 1,670,169,489,181,294,5.3,10,135,90,62,518
4034,17/03/2025,March,1,2025,Yorkshire and Humber,Leeds Teaching Hospitals NHS Trust,Leeds General Infirmary,Type 1,574,87,355,219,150,8.8,6,184,299,14,261
4035,17/03/2025,March,1,2025,South East,Oxford University Hospitals NHS Foundation Trust,John Radcliffe Hospital,Type 1,295,185,224,71,177,5.4,11,111,146,32,117
4036,18/03/2025,March,1,2025,North West,Liverpool University Hospitals NHS Foundation Trust,Royal Liverpool University Hospital,Type 1,458,179,390,68,300,13.8,13,98,145,20,293
4037,18/03/2025,March,1,2025,London,Guy's and St Thomas' NHS Foundation Trust,St Thomas' Hospital,Type 1,644,65,529,115,311,11.2,3,169,276,42,326
4038,18/03/2025,March,1,2025,Midlands,University Hospitals Birmingham NHS Foundation Trust,Queen Elizabeth Hospital Birmingham,Type 1,556,182,414,142,115,12.4,14,122,282,79,195
4039,18/03/2025,March,1,2025,Yorkshire and Humber,Leeds Teaching Hospitals NHS Trust,Leeds General Infirmary,Type 1,612,200,571,41,166,11.7,14,190,279,27,306
4040,18/03/2025,March,1,2025,South East,Oxford University Hospitals NHS Foundation Trust,John Radcliffe Hospital,Type 1,570,185,483,87,142,9.1,7,115,276,30,264
4041,19/03/2025,March,1,2025,North West,Liverpool University Hospitals NHS Foundation Trust,Royal Liverpool University Hospital,Type 1,648,183,465,183,163,7.5,20,188,83,40,525
4042,19/03/2025,March,1,2025,London,Guy's and St Thomas' NHS Foundation Trust,St Thomas' Hospital,Type 1,409,157,392,17,301,9.8,2,217,96,79,234
4043,19/03/2025,March,1,2025,Midlands,University Hospitals Birmingham NHS Foundation Trust,Queen Elizabeth Hospital Birmingham,Type 1,256,194,233,23,131,12.9,11,108,201,44,11
4044,19/03/2025,March,1,2025,Yorkshire and Humber,Leeds Teaching Hospitals NHS Trust,Leeds General Infirmary,Type 1,603,149,558,45,232,15.8,4,77,283,33,287
4045,19/03/2025,March,1,2025,South East,Oxford University Hospitals NHS Foundation Trust,John Radcliffe Hospital,Type 1,326,109,213,113,105,12.4,22,77,64,16,246
4046,20/03/2025,March,1,2025,North West,Liverpool University Hospitals NHS Foundation Trust,Royal Liverpool University Hospital,Type 1,354,160,351,3,243,4.9,20,175,87,10,257
4047,20/03/2025,March,1,2025,London,Guy's and St Thomas' NHS Foundation Trust,St Thomas' Hospital,Type 1,667,79,414,253,248,10.2,1,92,226,34,407
4048,20/03/2025,March,1,2025,Midlands,University Hospitals Birmingham NHS Foundation Trust,Queen Elizabeth Hospital Birmingham,Type 1,295,183,183,112,307,9.3,18,64,112,34,149
4049,20/03/2025,March,1,2025,Yorkshire and Humber,Leeds Teaching Hospitals NHS Trust,Leeds General Infirmary,Type 1,649,132,390,259,280,15.5,20,187,116,21,512
4050,20/03/2025,March,1,2025,South East,Oxford University Hospitals NHS Foundation Trust,John Radcliffe Hospital,Type 1,260,69,254,6,235,14.7,21,213,223,80,43
4051,21/03/2025,March,1,2025,North West,Liverpool University Hospitals NHS Foundation Trust,Royal Liverpool University Hospital,Type 1,522,157,417,105,210,12.6,5,134,109,55,358
4052,21/03/2025,March,1,2025,London,Guy's and St Thomas' NHS Foundation Trust,St Thomas' Hospital,Type 1,678,165,542,136,186,15.9,22,151,74,47,557
4053,21/03/2025,March,1,2025,Midlands,University Hospitals Birmingham NHS Foundation Trust,Queen Elizabeth Hospital Birmingham,Type 1,262,113,158,104,314,11.1,18,68,157,20,85
4054,21/03/2025,March,1,2025,Yorkshire and Humber,Leeds Teaching Hospitals NHS Trust,Leeds General Infirmary,Type 1,251,199,231,20,133,13.5,16,60,89,28,134
4055,21/03/2025,March,1,2025,South East,Oxford University Hospitals NHS Foundation Trust,John Radcliffe Hospital,Type 1,337,102,208,129,195,13.7,7,58,77,32,228
4056,22/03/2025,March,1,2025,North West,Liverpool University Hospitals NHS Foundation Trust,Royal Liverpool University Hospital,Type 1,640,58,462,178,234,9.6,12,189,51,70,519
4057,22/03/2025,March,1,2025,London,Guy's and St Thomas' NHS Foundation Trust,St Thomas' Hospital,Type 1,428,118,272,156,302,8.4,23,193,156,58,214
4058,22/03/2025,March,1,2025,Midlands,University Hospitals Birmingham NHS Foundation Trust,Queen Elizabeth Hospital Birmingham,Type 1,585,96,434,151,184,5.1,17,65,114,12,459
4059,22/03/2025,March,1,2025,Yorkshire and Humber,Leeds Teaching Hospitals NHS Trust,Leeds General Infirmary,Type 1,540,198,529,11,157,10.4,5,169,226,18,296
4060,22/03/2025,March,1,2025,South East,Oxford University Hospitals NHS Foundation Trust,John Radcliffe Hospital,Type 1,348,64,288,60,247,12.3,24,59,115,42,191
4061,23/03/2025,March,1,2025,North West,Liverpool University Hospitals NHS Foundation Trust,Royal Liverpool University Hospital,Type 1,315,151,228,87,127,6.1,2,215,75,67,173
4062,23/03/2025,March,1,2025,London,Guy's and St Thomas' NHS Foundation Trust,St Thomas' Hospital,Type 1,339,54,284,55,296,7,21,100,64,24,251
4063,23/03/2025,March,1,2025,Midlands,University Hospitals Birmingham NHS Foundation Trust,Queen Elizabeth Hospital Birmingham,Type 1,557,71,508,49,303,12,13,186,135,57,365
4064,23/03/2025,March,1,2025,Yorkshire and Humber,Leeds Teaching Hospitals NHS Trust,Leeds General Infirmary,Type 1,686,56,614,72,299,15.2,15,185,193,43,450
4065,23/03/2025,March,1,2025,South East,Oxford University Hospitals NHS Foundation Trust,John Radcliffe Hospital,Type 1,700,147,457,243,167,15.9,9,95,172,17,511
4066,24/03/2025,March,1,2025,North West,Liverpool University Hospitals NHS Foundation Trust,Royal Liverpool University Hospital,Type 1,385,169,351,34,154,4.9,5,122,103,16,266
4067,24/03/2025,March,1,2025,London,Guy's and St Thomas' NHS Foundation Trust,St Thomas' Hospital,Type 1,477,197,428,49,144,14.2,12,79,141,62,274
4068,24/03/2025,March,1,2025,Midlands,University Hospitals Birmingham NHS Foundation Trust,Queen Elizabeth Hospital Birmingham,Type 1,660,117,570,90,181,4.5,3,169,203,57,400
4069,24/03/2025,March,1,2025,Yorkshire and Humber,Leeds Teaching Hospitals NHS Trust,Leeds General Infirmary,Type 1,554,53,403,151,284,14,23,127,185,76,293
4070,24/03/2025,March,1,2025,South East,Oxford University Hospitals NHS Foundation Trust,John Radcliffe Hospital,Type 1,311,90,267,44,251,8.5,24,125,73,76,162
4071,25/03/2025,March,1,2025,North West,Liverpool University Hospitals NHS Foundation Trust,Royal Liverpool University Hospital,Type 1,499,108,385,114,147,14.7,1,112,154,13,332
4072,25/03/2025,March,1,2025,London,Guy's and St Thomas' NHS Foundation Trust,St Thomas' Hospital,Type 1,524,164,419,105,252,13.1,12,41,141,67,316
4073,25/03/2025,March,1,2025,Midlands,University Hospitals Birmingham NHS Foundation Trust,Queen Elizabeth Hospital Birmingham,Type 1,396,85,326,70,141,7.4,12,109,185,79,132
4074,25/03/2025,March,1,2025,Yorkshire and Humber,Leeds Teaching Hospitals NHS Trust,Leeds General Infirmary,Type 1,360,89,342,18,157,7.6,25,41,103,77,180
4075,25/03/2025,March,1,2025,South East,Oxford University Hospitals NHS Foundation Trust,John Radcliffe Hospital,Type 1,262,135,239,23,209,12.9,17,90,62,60,140
4076,26/03/2025,March,1,2025,North West,Liverpool University Hospitals NHS Foundation Trust,Royal Liverpool University Hospital,Type 1,445,152,347,98,285,12.9,10,202,136,67,242
4077,26/03/2025,March,1,2025,London,Guy's and St Thomas' NHS Foundation Trust,St Thomas' Hospital,Type 1,654,118,589,65,242,6.4,20,158,80,42,532
4078,26/03/2025,March,1,2025,Midlands,University Hospitals Birmingham NHS Foundation Trust,Queen Elizabeth Hospital Birmingham,Type 1,294,50,203,91,197,5.5,8,132,167,33,94
4079,26/03/2025,March,1,2025,Yorkshire and Humber,Leeds Teaching Hospitals NHS Trust,Leeds General Infirmary,Type 1,558,196,400,158,105,8.6,15,160,230,43,285
4080,26/03/2025,March,1,2025,South East,Oxford University Hospitals NHS Foundation Trust,John Radcliffe Hospital,Type 1,623,69,387,236,114,15,17,41,195,80,348
4081,27/03/2025,March,1,2025,North West,Liverpool University Hospitals NHS Foundation Trust,Royal Liverpool University Hospital,Type 1,346,187,218,128,170,4,0,95,180,34,132
4082,27/03/2025,March,1,2025,London,Guy's and St Thomas' NHS Foundation Trust,St Thomas' Hospital,Type 1,339,197,290,49,313,13.5,17,161,245,45,49
4083,27/03/2025,March,1,2025,Midlands,University Hospitals Birmingham NHS Foundation Trust,Queen Elizabeth Hospital Birmingham,Type 1,544,154,492,52,243,12.3,17,200,162,51,331
4084,27/03/2025,March,1,2025,Yorkshire and Humber,Leeds Teaching Hospitals NHS Trust,Leeds General Infirmary,Type 1,657,200,472,185,128,15.8,9,141,103,24,530
4085,27/03/2025,March,1,2025,South East,Oxford University Hospitals NHS Foundation Trust,John Radcliffe Hospital,Type 1,428,100,381,47,297,14.7,4,199,128,30,270
4086,28/03/2025,March,1,2025,North West,Liverpool University Hospitals NHS Foundation Trust,Royal Liverpool University Hospital,Type 1,279,146,251,28,233,16,21,206,211,61,7
4087,28/03/2025,March,1,2025,London,Guy's and St Thomas' NHS Foundation Trust,St Thomas' Hospital,Type 1,677,97,538,139,313,13.2,10,208,244,64,369
4088,28/03/2025,March,1,2025,Midlands,University Hospitals Birmingham NHS Foundation Trust,Queen Elizabeth Hospital Birmingham,Type 1,420,158,374,46,135,14.9,8,98,177,37,206
4089,28/03/2025,March,1,2025,Yorkshire and Humber,Leeds Teaching Hospitals NHS Trust,Leeds General Infirmary,Type 1,431,156,300,131,184,4.6,23,78,111,56,264
4090,28/03/2025,March,1,2025,South East,Oxford University Hospitals NHS Foundation Trust,John Radcliffe Hospital,Type 1,278,148,188,90,181,6.6,11,156,232,30,16
4091,29/03/2025,March,1,2025,North West,Liverpool University Hospitals NHS Foundation Trust,Royal Liverpool University Hospital,Type 1,282,187,237,45,215,12.4,1,70,291,41,50
4092,29/03/2025,March,1,2025,London,Guy's and St Thomas' NHS Foundation Trust,St Thomas' Hospital,Type 1,597,170,388,209,306,11.5,15,93,215,39,343
4093,29/03/2025,March,1,2025,Midlands,University Hospitals Birmingham NHS Foundation Trust,Queen Elizabeth Hospital Birmingham,Type 1,266,80,215,51,250,4.3,5,128,244,39,17
4094,29/03/2025,March,1,2025,Yorkshire and Humber,Leeds Teaching Hospitals NHS Trust,Leeds General Infirmary,Type 1,522,73,372,150,262,13.8,5,191,113,50,359
4095,29/03/2025,March,1,2025,South East,Oxford University Hospitals NHS Foundation Trust,John Radcliffe Hospital,Type 1,324,131,297,27,224,10,21,63,112,16,196
4096,30/03/2025,March,1,2025,North West,Liverpool University Hospitals NHS Foundation Trust,Royal Liverpool University Hospital,Type 1,406,115,264,142,225,4.7,21,76,294,58,54
4097,30/03/2025,March,1,2025,London,Guy's and St Thomas' NHS Foundation Trust,St Thomas' Hospital,Type 1,310,108,231,79,141,14.2,19,201,150,15,145
4098,30/03/2025,March,1,2025,Midlands,University Hospitals Birmingham NHS Foundation Trust,Queen Elizabeth Hospital Birmingham,Type 1,452,111,341,111,285,11.4,7,211,258,15,179
4099,30/03/2025,March,1,2025,Yorkshire and Humber,Leeds Teaching Hospitals NHS Trust,Leeds General Infirmary,Type 1,454,84,443,11,149,10,24,204,205,14,235
4100,30/03/2025,March,1,2025,South East,Oxford University Hospitals NHS Foundation Trust,John Radcliffe Hospital,Type 1,409,85,253,156,150,8.9,20,199,114,55,240
4101,31/03/2025,March,1,2025,North West,Liverpool University Hospitals NHS Foundation Trust,Royal Liverpool University Hospital,Type 1,642,145,604,38,194,5.9,4,113,275,51,316
4102,31/03/2025,March,1,2025,London,Guy's and St Thomas' NHS Foundation Trust,St Thomas' Hospital,Type 1,288,72,197,91,103,9.3,17,157,56,71,161
4103,31/03/2025,March,1,2025,Midlands,University Hospitals Birmingham NHS Foundation Trust,Queen Elizabeth Hospital Birmingham,Type 1,617,100,557,60,266,9.2,2,166,245,60,312
4104,31/03/2025,March,1,2025,Yorkshire and Humber,Leeds Teaching Hospitals NHS Trust,Leeds General Infirmary,Type 1,273,81,193,80,132,12.6,13,169,206,39,28
4105,31/03/2025,March,1,2025,South East,Oxford University Hospitals NHS Foundation Trust,John Radcliffe Hospital,Type 1,400,113,274,126,177,13.1,15,47,129,38,233
4106,01/04/2025,April,2,2025,North West,Liverpool University Hospitals NHS Foundation Trust,Royal Liverpool University Hospital,Type 1,394,177,324,70,114,11,17,56,202,67,125
4107,01/04/2025,April,2,2025,London,Guy's and St Thomas' NHS Foundation Trust,St Thomas' Hospital,Type 1,374,188,276,98,186,5.7,13,152,238,66,70
4108,01/04/2025,April,2,2025,Midlands,University Hospitals Birmingham NHS Foundation Trust,Queen Elizabeth Hospital Birmingham,Type 1,648,99,475,173,317,15.6,0,129,298,68,282
4109,01/04/2025,April,2,2025,Yorkshire and Humber,Leeds Teaching Hospitals NHS Trust,Leeds General Infirmary,Type 1,363,152,250,113,130,7.3,6,77,231,53,79
4110,01/04/2025,April,2,2025,South East,Oxford University Hospitals NHS Foundation Trust,John Radcliffe Hospital,Type 1,517,167,514,3,236,4.7,6,139,154,69,294
4111,02/04/2025,April,2,2025,North West,Liverpool University Hospitals NHS Foundation Trust,Royal Liverpool University Hospital,Type 1,546,113,377,169,128,6.9,9,139,268,62,216
4112,02/04/2025,April,2,2025,London,Guy's and St Thomas' NHS Foundation Trust,St Thomas' Hospital,Type 1,345,87,342,3,220,4.8,20,140,87,44,214
4113,02/04/2025,April,2,2025,Midlands,University Hospitals Birmingham NHS Foundation Trust,Queen Elizabeth Hospital Birmingham,Type 1,462,52,344,118,198,5.9,12,41,108,62,292
4114,02/04/2025,April,2,2025,Yorkshire and Humber,Leeds Teaching Hospitals NHS Trust,Leeds General Infirmary,Type 1,674,89,640,34,108,6.3,6,135,163,12,499
4115,02/04/2025,April,2,2025,South East,Oxford University Hospitals NHS Foundation Trust,John Radcliffe Hospital,Type 1,310,100,265,45,258,7,20,201,109,19,182
4116,03/04/2025,April,2,2025,North West,Liverpool University Hospitals NHS Foundation Trust,Royal Liverpool University Hospital,Type 1,402,174,389,13,286,8.4,24,46,75,72,255
4117,03/04/2025,April,2,2025,London,Guy's and St Thomas' NHS Foundation Trust,St Thomas' Hospital,Type 1,336,79,218,118,132,7,11,191,135,58,143
4118,03/04/2025,April,2,2025,Midlands,University Hospitals Birmingham NHS Foundation Trust,Queen Elizabeth Hospital Birmingham,Type 1,656,119,640,16,118,10.1,21,106,95,64,497
4119,03/04/2025,April,2,2025,Yorkshire and Humber,Leeds Teaching Hospitals NHS Trust,Leeds General Infirmary,Type 1,352,85,300,52,124,10.2,0,114,97,53,202
4120,03/04/2025,April,2,2025,South East,Oxford University Hospitals NHS Foundation Trust,John Radcliffe Hospital,Type 1,608,180,364,244,168,6.2,10,81,240,28,340
4121,04/04/2025,April,2,2025,North West,Liverpool University Hospitals NHS Foundation Trust,Royal Liverpool University Hospital,Type 1,506,194,316,190,215,5.6,22,157,144,43,319
4122,04/04/2025,April,2,2025,London,Guy's and St Thomas' NHS Foundation Trust,St Thomas' Hospital,Type 1,579,154,459,120,184,16,21,87,88,79,412
4123,04/04/2025,April,2,2025,Midlands,University Hospitals Birmingham NHS Foundation Trust,Queen Elizabeth Hospital Birmingham,Type 1,375,71,357,18,320,9.2,15,215,191,59,125
4124,04/04/2025,April,2,2025,Yorkshire and Humber,Leeds Teaching Hospitals NHS Trust,Leeds General Infirmary,Type 1,411,135,284,127,301,13,0,122,290,16,105
4125,04/04/2025,April,2,2025,South East,Oxford University Hospitals NHS Foundation Trust,John Radcliffe Hospital,Type 1,646,81,508,138,274,12,6,199,77,48,521
4126,05/04/2025,April,2,2025,North West,Liverpool University Hospitals NHS Foundation Trust,Royal Liverpool University Hospital,Type 1,379,71,275,104,270,5.2,21,95,100,70,209
4127,05/04/2025,April,2,2025,London,Guy's and St Thomas' NHS Foundation Trust,St Thomas' Hospital,Type 1,611,79,478,133,302,13.5,7,58,277,69,265
4128,05/04/2025,April,2,2025,Midlands,University Hospitals Birmingham NHS Foundation Trust,Queen Elizabeth Hospital Birmingham,Type 1,380,157,244,136,230,9.4,3,201,142,33,205
4129,05/04/2025,April,2,2025,Yorkshire and Humber,Leeds Teaching Hospitals NHS Trust,Leeds General Infirmary,Type 1,344,78,211,133,171,9.3,20,149,277,33,34
4130,05/04/2025,April,2,2025,South East,Oxford University Hospitals NHS Foundation Trust,John Radcliffe Hospital,Type 1,291,136,264,27,298,11.8,8,88,279,45,33
4131,06/04/2025,April,2,2025,North West,Liverpool University Hospitals NHS Foundation Trust,Royal Liverpool University Hospital,Type 1,389,95,320,69,170,4.4,1,96,288,27,74
4132,06/04/2025,April,2,2025,London,Guy's and St Thomas' NHS Foundation Trust,St Thomas' Hospital,Type 1,403,150,374,29,270,4.7,15,104,240,77,86
4133,06/04/2025,April,2,2025,Midlands,University Hospitals Birmingham NHS Foundation Trust,Queen Elizabeth Hospital Birmingham,Type 1,347,104,328,19,173,6.3,22,108,132,38,177
4134,06/04/2025,April,2,2025,Yorkshire and Humber,Leeds Teaching Hospitals NHS Trust,Leeds General Infirmary,Type 1,554,119,477,77,250,9.2,3,146,253,19,282
4135,06/04/2025,April,2,2025,South East,Oxford University Hospitals NHS Foundation Trust,John Radcliffe Hospital,Type 1,532,116,366,166,223,5.2,12,203,212,40,280
4136,07/04/2025,April,2,2025,North West,Liverpool University Hospitals NHS Foundation Trust,Royal Liverpool University Hospital,Type 1,332,52,275,57,207,8.3,15,204,271,36,25
4137,07/04/2025,April,2,2025,London,Guy's and St Thomas' NHS Foundation Trust,St Thomas' Hospital,Type 1,655,158,457,198,189,10.5,8,79,54,12,589
4138,07/04/2025,April,2,2025,Midlands,University Hospitals Birmingham NHS Foundation Trust,Queen Elizabeth Hospital Birmingham,Type 1,575,180,369,206,176,14.5,10,44,283,25,267
4139,07/04/2025,April,2,2025,Yorkshire and Humber,Leeds Teaching Hospitals NHS Trust,Leeds General Infirmary,Type 1,588,171,390,198,205,6.1,18,137,179,44,365
4140,07/04/2025,April,2,2025,South East,Oxford University Hospitals NHS Foundation Trust,John Radcliffe Hospital,Type 1,327,105,305,22,111,5.8,5,132,187,51,89
4141,08/04/2025,April,2,2025,North West,Liverpool University Hospitals NHS Foundation Trust,Royal Liverpool University Hospital,Type 1,675,159,595,80,165,4.7,12,173,146,38,491
4142,08/04/2025,April,2,2025,London,Guy's and St Thomas' NHS Foundation Trust,St Thomas' Hospital,Type 1,488,95,483,5,259,4.8,24,50,173,49,266
4143,08/04/2025,April,2,2025,Midlands,University Hospitals Birmingham NHS Foundation Trust,Queen Elizabeth Hospital Birmingham,Type 1,535,133,459,76,253,8,25,177,254,34,247
4144,08/04/2025,April,2,2025,Yorkshire and Humber,Leeds Teaching Hospitals NHS Trust,Leeds General Infirmary,Type 1,430,126,398,32,203,15.1,19,205,110,42,278
4145,08/04/2025,April,2,2025,South East,Oxford University Hospitals NHS Foundation Trust,John Radcliffe Hospital,Type 1,484,72,362,122,245,7.4,22,101,208,67,209
4146,09/04/2025,April,2,2025,North West,Liverpool University Hospitals NHS Foundation Trust,Royal Liverpool University Hospital,Type 1,391,188,362,29,245,5.7,15,145,222,16,153
4147,09/04/2025,April,2,2025,London,Guy's and St Thomas' NHS Foundation Trust,St Thomas' Hospital,Type 1,334,80,274,60,114,12.9,16,168,50,36,248
4148,09/04/2025,April,2,2025,Midlands,University Hospitals Birmingham NHS Foundation Trust,Queen Elizabeth Hospital Birmingham,Type 1,669,130,663,6,124,4.1,21,127,165,48,456
4149,09/04/2025,April,2,2025,Yorkshire and Humber,Leeds Teaching Hospitals NHS Trust,Leeds General Infirmary,Type 1,411,166,345,66,151,16,3,168,154,24,233
4150,09/04/2025,April,2,2025,South East,Oxford University Hospitals NHS Foundation Trust,John Radcliffe Hospital,Type 1,253,107,187,66,106,10.9,4,137,218,25,10
4151,10/04/2025,April,2,2025,North West,Liverpool University Hospitals NHS Foundation Trust,Royal Liverpool University Hospital,Type 1,366,191,332,34,158,12,0,107,110,72,184
4152,10/04/2025,April,2,2025,London,Guy's and St Thomas' NHS Foundation Trust,St Thomas' Hospital,Type 1,548,59,355,193,269,8.4,2,40,247,58,243
4153,10/04/2025,April,2,2025,Midlands,University Hospitals Birmingham NHS Foundation Trust,Queen Elizabeth Hospital Birmingham,Type 1,470,169,299,171,272,4.7,25,68,275,62,133
4154,10/04/2025,April,2,2025,Yorkshire and Humber,Leeds Teaching Hospitals NHS Trust,Leeds General Infirmary,Type 1,539,126,424,115,196,15.5,24,58,225,13,301
4155,10/04/2025,April,2,2025,South East,Oxford University Hospitals NHS Foundation Trust,John Radcliffe Hospital,Type 1,376,123,228,148,113,10.4,4,54,300,44,32
4156,11/04/2025,April,2,2025,North West,Liverpool University Hospitals NHS Foundation Trust,Royal Liverpool University Hospital,Type 1,635,107,482,153,206,12.9,14,67,97,59,479
4157,11/04/2025,April,2,2025,London,Guy's and St Thomas' NHS Foundation Trust,St Thomas' Hospital,Type 1,306,88,201,105,202,7.2,12,203,163,39,104
4158,11/04/2025,April,2,2025,Midlands,University Hospitals Birmingham NHS Foundation Trust,Queen Elizabeth Hospital Birmingham,Type 1,523,122,463,60,223,8.6,21,162,181,15,327
4159,11/04/2025,April,2,2025,Yorkshire and Humber,Leeds Teaching Hospitals NHS Trust,Leeds General Infirmary,Type 1,614,138,473,141,196,11.1,20,156,264,16,334
4160,11/04/2025,April,2,2025,South East,Oxford University Hospitals NHS Foundation Trust,John Radcliffe Hospital,Type 1,391,51,297,94,212,11.9,1,163,217,28,146
4161,12/04/2025,April,2,2025,North West,Liverpool University Hospitals NHS Foundation Trust,Royal Liverpool University Hospital,Type 1,448,125,419,29,199,11.9,21,99,54,80,314
4162,12/04/2025,April,2,2025,London,Guy's and St Thomas' NHS Foundation Trust,St Thomas' Hospital,Type 1,291,132,268,23,320,11.3,17,144,123,41,127
4163,12/04/2025,April,2,2025,Midlands,University Hospitals Birmingham NHS Foundation Trust,Queen Elizabeth Hospital Birmingham,Type 1,324,129,223,101,193,5.1,5,147,100,18,206
4164,12/04/2025,April,2,2025,Yorkshire and Humber,Leeds Teaching Hospitals NHS Trust,Leeds General Infirmary,Type 1,558,141,540,18,242,12.4,12,40,60,30,468
4165,12/04/2025,April,2,2025,South East,Oxford University Hospitals NHS Foundation Trust,John Radcliffe Hospital,Type 1,552,169,454,98,105,7,21,102,283,61,208
4166,13/04/2025,April,2,2025,North West,Liverpool University Hospitals NHS Foundation Trust,Royal Liverpool University Hospital,Type 1,548,102,516,32,124,14.8,23,150,110,14,424
4167,13/04/2025,April,2,2025,London,Guy's and St Thomas' NHS Foundation Trust,St Thomas' Hospital,Type 1,519,60,469,50,115,11.1,10,114,92,15,412
4168,13/04/2025,April,2,2025,Midlands,University Hospitals Birmingham NHS Foundation Trust,Queen Elizabeth Hospital Birmingham,Type 1,595,67,486,109,130,6.2,2,63,169,44,382
4169,13/04/2025,April,2,2025,Yorkshire and Humber,Leeds Teaching Hospitals NHS Trust,Leeds General Infirmary,Type 1,309,170,299,10,318,10.3,24,175,162,80,67
4170,13/04/2025,April,2,2025,South East,Oxford University Hospitals NHS Foundation Trust,John Radcliffe Hospital,Type 1,690,97,503,187,100,10.8,5,192,107,20,563
4171,14/04/2025,April,2,2025,North West,Liverpool University Hospitals NHS Foundation Trust,Royal Liverpool University Hospital,Type 1,647,74,425,222,254,4.1,24,109,233,77,337
4172,14/04/2025,April,2,2025,London,Guy's and St Thomas' NHS Foundation Trust,St Thomas' Hospital,Type 1,277,50,223,54,126,9.2,15,107,67,63,147
4173,14/04/2025,April,2,2025,Midlands,University Hospitals Birmingham NHS Foundation Trust,Queen Elizabeth Hospital Birmingham,Type 1,543,104,423,120,186,9.4,8,212,64,61,418
4174,14/04/2025,April,2,2025,Yorkshire and Humber,Leeds Teaching Hospitals NHS Trust,Leeds General Infirmary,Type 1,300,176,273,27,183,13.8,25,131,201,32,67
4175,14/04/2025,April,2,2025,South East,Oxford University Hospitals NHS Foundation Trust,John Radcliffe Hospital,Type 1,576,60,437,139,162,10.3,5,98,297,28,251
4176,15/04/2025,April,2,2025,North West,Liverpool University Hospitals NHS Foundation Trust,Royal Liverpool University Hospital,Type 1,456,179,373,83,97,13.3,1,125,127,13,316
4177,15/04/2025,April,2,2025,London,Guy's and St Thomas' NHS Foundation Trust,St Thomas' Hospital,Type 1,639,147,529,110,104,14.2,20,93,292,40,307
4178,15/04/2025,April,2,2025,Midlands,University Hospitals Birmingham NHS Foundation Trust,Queen Elizabeth Hospital Birmingham,Type 1,627,128,599,28,299,15.3,16,173,229,66,332
4179,15/04/2025,April,2,2025,Yorkshire and Humber,Leeds Teaching Hospitals NHS Trust,Leeds General Infirmary,Type 1,582,134,450,132,129,7.7,19,135,140,59,383
4180,15/04/2025,April,2,2025,South East,Oxford University Hospitals NHS Foundation Trust,John Radcliffe Hospital,Type 1,271,156,194,77,226,15,3,142,76,57,138
4181,16/04/2025,April,2,2025,North West,Liverpool University Hospitals NHS Foundation Trust,Royal Liverpool University Hospital,Type 1,643,83,513,130,138,4.6,25,42,284,14,345
4182,16/04/2025,April,2,2025,London,Guy's and St Thomas' NHS Foundation Trust,St Thomas' Hospital,Type 1,290,97,196,94,218,5.8,17,167,241,41,8
4183,16/04/2025,April,2,2025,Midlands,University Hospitals Birmingham NHS Foundation Trust,Queen Elizabeth Hospital Birmingham,Type 1,371,92,239,132,208,14.7,13,176,117,78,176
4184,16/04/2025,April,2,2025,Yorkshire and Humber,Leeds Teaching Hospitals NHS Trust,Leeds General Infirmary,Type 1,672,145,520,152,136,9.3,2,71,269,22,381
4185,16/04/2025,April,2,2025,South East,Oxford University Hospitals NHS Foundation Trust,John Radcliffe Hospital,Type 1,453,184,436,17,170,10.2,25,107,198,50,205
4186,17/04/2025,April,2,2025,North West,Liverpool University Hospitals NHS Foundation Trust,Royal Liverpool University Hospital,Type 1,690,125,556,134,261,4,8,200,234,26,430
4187,17/04/2025,April,2,2025,London,Guy's and St Thomas' NHS Foundation Trust,St Thomas' Hospital,Type 1,304,141,197,107,134,8,12,140,292,58,46
4188,17/04/2025,April,2,2025,Midlands,University Hospitals Birmingham NHS Foundation Trust,Queen Elizabeth Hospital Birmingham,Type 1,403,190,316,87,240,12.3,2,217,115,52,236
4189,17/04/2025,April,2,2025,Yorkshire and Humber,Leeds Teaching Hospitals NHS Trust,Leeds General Infirmary,Type 1,659,70,476,183,279,12.9,18,203,192,71,396
4190,17/04/2025,April,2,2025,South East,Oxford University Hospitals NHS Foundation Trust,John Radcliffe Hospital,Type 1,539,81,361,178,257,15.2,13,105,93,61,385
4191,18/04/2025,April,2,2025,North West,Liverpool University Hospitals NHS Foundation Trust,Royal Liverpool University Hospital,Type 1,515,132,463,52,257,5.1,0,69,77,16,422
4192,18/04/2025,April,2,2025,London,Guy's and St Thomas' NHS Foundation Trust,St Thomas' Hospital,Type 1,269,68,264,5,103,10.4,0,78,174,38,57
4193,18/04/2025,April,2,2025,Midlands,University Hospitals Birmingham NHS Foundation Trust,Queen Elizabeth Hospital Birmingham,Type 1,517,147,472,45,286,14.9,15,145,217,70,230
4194,18/04/2025,April,2,2025,Yorkshire and Humber,Leeds Teaching Hospitals NHS Trust,Leeds General Infirmary,Type 1,655,52,550,105,186,14.5,20,218,288,57,310
4195,18/04/2025,April,2,2025,South East,Oxford University Hospitals NHS Foundation Trust,John Radcliffe Hospital,Type 1,415,117,413,2,238,11,4,162,56,63,296
4196,19/04/2025,April,2,2025,North West,Liverpool University Hospitals NHS Foundation Trust,Royal Liverpool University Hospital,Type 1,523,145,367,156,168,5.1,15,180,197,39,287
4197,19/04/2025,April,2,2025,London,Guy's and St Thomas' NHS Foundation Trust,St Thomas' Hospital,Type 1,480,99,416,64,195,10.8,14,194,170,53,257
4198,19/04/2025,April,2,2025,Midlands,University Hospitals Birmingham NHS Foundation Trust,Queen Elizabeth Hospital Birmingham,Type 1,306,195,266,40,261,10.6,16,42,252,46,8
4199,19/04/2025,April,2,2025,Yorkshire and Humber,Leeds Teaching Hospitals NHS Trust,Leeds General Infirmary,Type 1,284,89,279,5,192,11,21,204,257,59,32
4200,19/04/2025,April,2,2025,South East,Oxford University Hospitals NHS Foundation Trust,John Radcliffe Hospital,Type 1,351,149,293,58,233,8.1,6,146,250,40,61
4201,20/04/2025,April,2,2025,North West,Liverpool University Hospitals NHS Foundation Trust,Royal Liverpool University Hospital,Type 1,252,51,169,83,303,11.5,10,170,193,60,1
4202,20/04/2025,April,2,2025,London,Guy's and St Thomas' NHS Foundation Trust,St Thomas' Hospital,Type 1,642,195,394,248,284,5.9,22,71,121,77,444
4203,20/04/2025,April,2,2025,Midlands,University Hospitals Birmingham NHS Foundation Trust,Queen Elizabeth Hospital Birmingham,Type 1,352,142,318,34,243,8.8,1,216,285,70,3
4204,20/04/2025,April,2,2025,Yorkshire and Humber,Leeds Teaching Hospitals NHS Trust,Leeds General Infirmary,Type 1,300,173,225,75,180,12.8,18,51,172,69,59
4205,20/04/2025,April,2,2025,South East,Oxford University Hospitals NHS Foundation Trust,John Radcliffe Hospital,Type 1,401,138,292,109,205,10,14,84,266,48,87
4206,21/04/2025,April,2,2025,North West,Liverpool University Hospitals NHS Foundation Trust,Royal Liverpool University Hospital,Type 1,581,103,451,130,193,6.1,4,202,67,40,474
4207,21/04/2025,April,2,2025,London,Guy's and St Thomas' NHS Foundation Trust,St Thomas' Hospital,Type 1,565,175,504,61,264,12.9,22,220,259,75,231
4208,21/04/2025,April,2,2025,Midlands,University Hospitals Birmingham NHS Foundation Trust,Queen Elizabeth Hospital Birmingham,Type 1,419,188,345,74,168,5.5,0,66,106,35,278
4209,21/04/2025,April,2,2025,Yorkshire and Humber,Leeds Teaching Hospitals NHS Trust,Leeds General Infirmary,Type 1,394,123,277,117,100,13.7,17,129,71,60,263
4210,21/04/2025,April,2,2025,South East,Oxford University Hospitals NHS Foundation Trust,John Radcliffe Hospital,Type 1,687,194,663,24,130,10.7,3,165,140,76,471
4211,22/04/2025,April,2,2025,North West,Liverpool University Hospitals NHS Foundation Trust,Royal Liverpool University Hospital,Type 1,582,75,349,233,230,7.4,21,220,299,57,226
4212,22/04/2025,April,2,2025,London,Guy's and St Thomas' NHS Foundation Trust,St Thomas' Hospital,Type 1,581,58,510,71,279,9.8,6,186,286,23,272
4213,22/04/2025,April,2,2025,Midlands,University Hospitals Birmingham NHS Foundation Trust,Queen Elizabeth Hospital Birmingham,Type 1,280,171,274,6,107,4.1,9,94,104,62,114
4214,22/04/2025,April,2,2025,Yorkshire and Humber,Leeds Teaching Hospitals NHS Trust,Leeds General Infirmary,Type 1,523,101,319,204,257,7.9,10,178,129,63,331
4215,22/04/2025,April,2,2025,South East,Oxford University Hospitals NHS Foundation Trust,John Radcliffe Hospital,Type 1,353,117,240,113,310,7.4,2,217,89,36,228
4216,23/04/2025,April,2,2025,North West,Liverpool University Hospitals NHS Foundation Trust,Royal Liverpool University Hospital,Type 1,326,196,301,25,218,7.1,4,110,174,53,99
4217,23/04/2025,April,2,2025,London,Guy's and St Thomas' NHS Foundation Trust,St Thomas' Hospital,Type 1,545,94,493,52,294,13.1,4,195,263,11,271
4218,23/04/2025,April,2,2025,Midlands,University Hospitals Birmingham NHS Foundation Trust,Queen Elizabeth Hospital Birmingham,Type 1,527,76,343,184,259,13.7,18,70,116,37,374
4219,23/04/2025,April,2,2025,Yorkshire and Humber,Leeds Teaching Hospitals NHS Trust,Leeds General Infirmary,Type 1,286,173,183,103,94,9.9,14,68,227,40,19
4220,23/04/2025,April,2,2025,South East,Oxford University Hospitals NHS Foundation Trust,John Radcliffe Hospital,Type 1,384,82,278,106,125,4.9,9,60,58,20,306
4221,24/04/2025,April,2,2025,North West,Liverpool University Hospitals NHS Foundation Trust,Royal Liverpool University Hospital,Type 1,629,77,622,7,180,10.6,16,54,204,40,385
4222,24/04/2025,April,2,2025,London,Guy's and St Thomas' NHS Foundation Trust,St Thomas' Hospital,Type 1,355,142,218,137,102,8.3,9,208,189,39,127
4223,24/04/2025,April,2,2025,Midlands,University Hospitals Birmingham NHS Foundation Trust,Queen Elizabeth Hospital Birmingham,Type 1,633,192,541,92,283,4.5,16,65,226,55,352
4224,24/04/2025,April,2,2025,Yorkshire and Humber,Leeds Teaching Hospitals NHS Trust,Leeds General Infirmary,Type 1,386,130,372,14,92,6,24,187,258,48,80
4225,24/04/2025,April,2,2025,South East,Oxford University Hospitals NHS Foundation Trust,John Radcliffe Hospital,Type 1,347,86,253,94,92,7,19,64,194,36,117
4226,25/04/2025,April,2,2025,North West,Liverpool University Hospitals NHS Foundation Trust,Royal Liverpool University Hospital,Type 1,490,91,388,102,130,8.4,0,57,185,12,293
4227,25/04/2025,April,2,2025,London,Guy's and St Thomas' NHS Foundation Trust,St Thomas' Hospital,Type 1,526,162,347,179,179,8.7,6,144,286,46,194
4228,25/04/2025,April,2,2025,Midlands,University Hospitals Birmingham NHS Foundation Trust,Queen Elizabeth Hospital Birmingham,Type 1,487,102,407,80,222,14.1,22,192,234,55,198
4229,25/04/2025,April,2,2025,Yorkshire and Humber,Leeds Teaching Hospitals NHS Trust,Leeds General Infirmary,Type 1,436,194,271,165,172,7,16,197,93,65,278
4230,25/04/2025,April,2,2025,South East,Oxford University Hospitals NHS Foundation Trust,John Radcliffe Hospital,Type 1,452,194,318,134,252,10.5,18,96,95,40,317
4231,26/04/2025,April,2,2025,North West,Liverpool University Hospitals NHS Foundation Trust,Royal Liverpool University Hospital,Type 1,589,102,389,200,124,4.1,18,106,175,29,385
4232,26/04/2025,April,2,2025,London,Guy's and St Thomas' NHS Foundation Trust,St Thomas' Hospital,Type 1,565,176,383,182,118,10.4,12,49,82,65,418
4233,26/04/2025,April,2,2025,Midlands,University Hospitals Birmingham NHS Foundation Trust,Queen Elizabeth Hospital Birmingham,Type 1,320,165,230,90,225,15,8,214,91,35,194
4234,26/04/2025,April,2,2025,Yorkshire and Humber,Leeds Teaching Hospitals NHS Trust,Leeds General Infirmary,Type 1,695,62,589,106,101,6.3,5,183,271,54,370
4235,26/04/2025,April,2,2025,South East,Oxford University Hospitals NHS Foundation Trust,John Radcliffe Hospital,Type 1,348,80,315,33,199,4.6,9,106,275,39,34
4236,27/04/2025,April,2,2025,North West,Liverpool University Hospitals NHS Foundation Trust,Royal Liverpool University Hospital,Type 1,295,182,218,77,126,12.8,4,212,167,23,105
4237,27/04/2025,April,2,2025,London,Guy's and St Thomas' NHS Foundation Trust,St Thomas' Hospital,Type 1,292,83,280,12,211,13.8,10,60,175,66,51
4238,27/04/2025,April,2,2025,Midlands,University Hospitals Birmingham NHS Foundation Trust,Queen Elizabeth Hospital Birmingham,Type 1,443,53,377,66,280,7.5,1,134,115,41,287
4239,27/04/2025,April,2,2025,Yorkshire and Humber,Leeds Teaching Hospitals NHS Trust,Leeds General Infirmary,Type 1,488,162,472,16,275,5.8,8,102,268,60,160
4240,27/04/2025,April,2,2025,South East,Oxford University Hospitals NHS Foundation Trust,John Radcliffe Hospital,Type 1,408,156,251,157,301,6.8,22,60,93,62,253
4241,28/04/2025,April,2,2025,North West,Liverpool University Hospitals NHS Foundation Trust,Royal Liverpool University Hospital,Type 1,695,98,648,47,161,11.2,21,100,235,18,442
4242,28/04/2025,April,2,2025,London,Guy's and St Thomas' NHS Foundation Trust,St Thomas' Hospital,Type 1,515,70,318,197,271,13.8,13,215,98,67,350
4243,28/04/2025,April,2,2025,Midlands,University Hospitals Birmingham NHS Foundation Trust,Queen Elizabeth Hospital Birmingham,Type 1,394,77,259,135,270,5,9,163,99,68,227
4244,28/04/2025,April,2,2025,Yorkshire and Humber,Leeds Teaching Hospitals NHS Trust,Leeds General Infirmary,Type 1,471,99,403,68,213,10.5,14,87,281,52,138
4245,28/04/2025,April,2,2025,South East,Oxford University Hospitals NHS Foundation Trust,John Radcliffe Hospital,Type 1,340,76,237,103,236,8.1,11,98,87,13,240
4246,29/04/2025,April,2,2025,North West,Liverpool University Hospitals NHS Foundation Trust,Royal Liverpool University Hospital,Type 1,382,188,320,62,106,12.5,23,150,237,77,68
4247,29/04/2025,April,2,2025,London,Guy's and St Thomas' NHS Foundation Trust,St Thomas' Hospital,Type 1,475,135,383,92,216,15.8,13,179,246,75,154
4248,29/04/2025,April,2,2025,Midlands,University Hospitals Birmingham NHS Foundation Trust,Queen Elizabeth Hospital Birmingham,Type 1,620,85,435,185,201,9.6,8,192,101,76,443
4249,29/04/2025,April,2,2025,Yorkshire and Humber,Leeds Teaching Hospitals NHS Trust,Leeds General Infirmary,Type 1,675,144,604,71,269,8.9,16,147,273,79,323
4250,29/04/2025,April,2,2025,South East,Oxford University Hospitals NHS Foundation Trust,John Radcliffe Hospital,Type 1,422,167,320,102,221,10.8,9,184,91,73,258
4251,30/04/2025,April,2,2025,North West,Liverpool University Hospitals NHS Foundation Trust,Royal Liverpool University Hospital,Type 1,634,85,608,26,112,14,17,146,98,79,457
4252,30/04/2025,April,2,2025,London,Guy's and St Thomas' NHS Foundation Trust,St Thomas' Hospital,Type 1,414,60,369,45,270,7.9,18,76,257,21,136
4253,30/04/2025,April,2,2025,Midlands,University Hospitals Birmingham NHS Foundation Trust,Queen Elizabeth Hospital Birmingham,Type 1,385,105,342,43,295,10.2,2,94,61,39,285
4254,30/04/2025,April,2,2025,Yorkshire and Humber,Leeds Teaching Hospitals NHS Trust,Leeds General Infirmary,Type 1,670,146,412,258,195,12.9,20,198,230,69,371
4255,30/04/2025,April,2,2025,South East,Oxford University Hospitals NHS Foundation Trust,John Radcliffe Hospital,Type 1,372,143,243,129,164,8.3,21,184,285,73,14
4256,01/05/2025,May,2,2025,North West,Liverpool University Hospitals NHS Foundation Trust,Royal Liverpool University Hospital,Type 1,522,167,440,82,137,12.4,10,41,181,18,323
4257,01/05/2025,May,2,2025,London,Guy's and St Thomas' NHS Foundation Trust,St Thomas' Hospital,Type 1,335,74,315,20,196,4.9,8,88,174,27,134
4258,01/05/2025,May,2,2025,Midlands,University Hospitals Birmingham NHS Foundation Trust,Queen Elizabeth Hospital Birmingham,Type 1,479,171,385,94,173,8.4,20,117,158,37,284
4259,01/05/2025,May,2,2025,Yorkshire and Humber,Leeds Teaching Hospitals NHS Trust,Leeds General Infirmary,Type 1,607,96,510,97,138,5.8,3,124,197,11,399
4260,01/05/2025,May,2,2025,South East,Oxford University Hospitals NHS Foundation Trust,John Radcliffe Hospital,Type 1,413,83,374,39,198,14.1,24,81,295,56,62
4261,02/05/2025,May,2,2025,North West,Liverpool University Hospitals NHS Foundation Trust,Royal Liverpool University Hospital,Type 1,438,100,369,69,125,7.1,12,135,119,30,289
4262,02/05/2025,May,2,2025,London,Guy's and St Thomas' NHS Foundation Trust,St Thomas' Hospital,Type 1,536,110,486,50,193,9.6,18,218,264,57,215
4263,02/05/2025,May,2,2025,Midlands,University Hospitals Birmingham NHS Foundation Trust,Queen Elizabeth Hospital Birmingham,Type 1,297,188,222,75,134,15.5,24,209,236,20,41
4264,02/05/2025,May,2,2025,Yorkshire and Humber,Leeds Teaching Hospitals NHS Trust,Leeds General Infirmary,Type 1,546,121,529,17,171,5.2,23,205,193,41,312
4265,02/05/2025,May,2,2025,South East,Oxford University Hospitals NHS Foundation Trust,John Radcliffe Hospital,Type 1,392,90,364,28,238,5.6,25,170,285,18,89
4266,03/05/2025,May,2,2025,North West,Liverpool University Hospitals NHS Foundation Trust,Royal Liverpool University Hospital,Type 1,681,94,494,187,128,14.3,6,208,121,55,505
4267,03/05/2025,May,2,2025,London,Guy's and St Thomas' NHS Foundation Trust,St Thomas' Hospital,Type 1,679,82,603,76,115,10.8,25,121,252,42,385
4268,03/05/2025,May,2,2025,Midlands,University Hospitals Birmingham NHS Foundation Trust,Queen Elizabeth Hospital Birmingham,Type 1,515,61,495,20,244,7.1,24,191,275,11,229
4269,03/05/2025,May,2,2025,Yorkshire and Humber,Leeds Teaching Hospitals NHS Trust,Leeds General Infirmary,Type 1,604,104,468,136,230,14.9,11,185,290,35,279
4270,03/05/2025,May,2,2025,South East,Oxford University Hospitals NHS Foundation Trust,John Radcliffe Hospital,Type 1,649,96,633,16,195,6.9,25,137,222,79,348
4271,04/05/2025,May,2,2025,North West,Liverpool University Hospitals NHS Foundation Trust,Royal Liverpool University Hospital,Type 1,687,158,457,230,149,9.1,21,97,283,26,378
4272,04/05/2025,May,2,2025,London,Guy's and St Thomas' NHS Foundation Trust,St Thomas' Hospital,Type 1,537,84,380,157,146,15,17,120,234,22,281
4273,04/05/2025,May,2,2025,Midlands,University Hospitals Birmingham NHS Foundation Trust,Queen Elizabeth Hospital Birmingham,Type 1,492,188,492,0,264,11.2,18,119,152,31,309
4274,04/05/2025,May,2,2025,Yorkshire and Humber,Leeds Teaching Hospitals NHS Trust,Leeds General Infirmary,Type 1,638,89,504,134,270,15.6,10,90,135,27,476
4275,04/05/2025,May,2,2025,South East,Oxford University Hospitals NHS Foundation Trust,John Radcliffe Hospital,Type 1,498,162,411,87,252,6.5,8,195,291,39,168
4276,05/05/2025,May,2,2025,North West,Liverpool University Hospitals NHS Foundation Trust,Royal Liverpool University Hospital,Type 1,402,108,247,155,271,13.1,17,104,250,62,90
4277,05/05/2025,May,2,2025,London,Guy's and St Thomas' NHS Foundation Trust,St Thomas' Hospital,Type 1,509,185,436,73,180,5.6,12,81,180,15,314
4278,05/05/2025,May,2,2025,Midlands,University Hospitals Birmingham NHS Foundation Trust,Queen Elizabeth Hospital Birmingham,Type 1,275,146,236,39,228,9.3,14,162,237,32,6
4279,05/05/2025,May,2,2025,Yorkshire and Humber,Leeds Teaching Hospitals NHS Trust,Leeds General Infirmary,Type 1,400,182,363,37,291,7.2,0,152,238,33,129
4280,05/05/2025,May,2,2025,South East,Oxford University Hospitals NHS Foundation Trust,John Radcliffe Hospital,Type 1,625,126,401,224,211,7.3,5,138,219,68,338
4281,06/05/2025,May,2,2025,North West,Liverpool University Hospitals NHS Foundation Trust,Royal Liverpool University Hospital,Type 1,596,180,499,97,225,10.6,21,218,263,18,315
4282,06/05/2025,May,2,2025,London,Guy's and St Thomas' NHS Foundation Trust,St Thomas' Hospital,Type 1,563,96,478,85,123,5.2,0,188,215,74,274
4283,06/05/2025,May,2,2025,Midlands,University Hospitals Birmingham NHS Foundation Trust,Queen Elizabeth Hospital Birmingham,Type 1,527,161,323,204,194,15.1,21,166,53,38,436
4284,06/05/2025,May,2,2025,Yorkshire and Humber,Leeds Teaching Hospitals NHS Trust,Leeds General Infirmary,Type 1,521,119,517,4,96,10.1,0,210,226,59,236
4285,06/05/2025,May,2,2025,South East,Oxford University Hospitals NHS Foundation Trust,John Radcliffe Hospital,Type 1,408,62,289,119,267,9.9,22,121,119,11,278
4286,07/05/2025,May,2,2025,North West,Liverpool University Hospitals NHS Foundation Trust,Royal Liverpool University Hospital,Type 1,368,102,281,87,263,9.1,25,54,261,50,57
4287,07/05/2025,May,2,2025,London,Guy's and St Thomas' NHS Foundation Trust,St Thomas' Hospital,Type 1,677,137,495,182,132,11.1,4,166,86,55,536
4288,07/05/2025,May,2,2025,Midlands,University Hospitals Birmingham NHS Foundation Trust,Queen Elizabeth Hospital Birmingham,Type 1,508,174,422,86,136,5.1,11,42,144,36,328
4289,07/05/2025,May,2,2025,Yorkshire and Humber,Leeds Teaching Hospitals NHS Trust,Leeds General Infirmary,Type 1,685,65,661,24,163,8.1,1,169,152,60,473
4290,07/05/2025,May,2,2025,South East,Oxford University Hospitals NHS Foundation Trust,John Radcliffe Hospital,Type 1,626,116,624,2,178,7.1,1,174,233,22,371
4291,08/05/2025,May,2,2025,North West,Liverpool University Hospitals NHS Foundation Trust,Royal Liverpool University Hospital,Type 1,574,140,565,9,308,11.4,22,45,236,23,315
4292,08/05/2025,May,2,2025,London,Guy's and St Thomas' NHS Foundation Trust,St Thomas' Hospital,Type 1,559,155,454,105,162,12.2,2,78,212,17,330
4293,08/05/2025,May,2,2025,Midlands,University Hospitals Birmingham NHS Foundation Trust,Queen Elizabeth Hospital Birmingham,Type 1,688,84,496,192,236,11.3,0,211,84,26,578
4294,08/05/2025,May,2,2025,Yorkshire and Humber,Leeds Teaching Hospitals NHS Trust,Leeds General Infirmary,Type 1,449,192,357,92,299,15.7,0,136,144,26,279
4295,08/05/2025,May,2,2025,South East,Oxford University Hospitals NHS Foundation Trust,John Radcliffe Hospital,Type 1,257,85,233,24,111,10.6,13,94,295,14,52
4296,09/05/2025,May,2,2025,North West,Liverpool University Hospitals NHS Foundation Trust,Royal Liverpool University Hospital,Type 1,279,88,190,89,313,9.1,5,124,96,49,134
4297,09/05/2025,May,2,2025,London,Guy's and St Thomas' NHS Foundation Trust,St Thomas' Hospital,Type 1,387,147,340,47,117,5.6,5,70,122,16,249
4298,09/05/2025,May,2,2025,Midlands,University Hospitals Birmingham NHS Foundation Trust,Queen Elizabeth Hospital Birmingham,Type 1,310,181,273,37,277,13,16,193,141,66,103
4299,09/05/2025,May,2,2025,Yorkshire and Humber,Leeds Teaching Hospitals NHS Trust,Leeds General Infirmary,Type 1,568,164,342,226,143,6.9,18,71,68,62,438
4300,09/05/2025,May,2,2025,South East,Oxford University Hospitals NHS Foundation Trust,John Radcliffe Hospital,Type 1,650,200,483,167,195,7.8,9,158,280,37,333
4301,10/05/2025,May,2,2025,North West,Liverpool University Hospitals NHS Foundation Trust,Royal Liverpool University Hospital,Type 1,260,56,224,36,246,13,22,78,171,66,23
4302,10/05/2025,May,2,2025,London,Guy's and St Thomas' NHS Foundation Trust,St Thomas' Hospital,Type 1,634,107,526,108,137,7.1,2,212,74,76,484
4303,10/05/2025,May,2,2025,Midlands,University Hospitals Birmingham NHS Foundation Trust,Queen Elizabeth Hospital Birmingham,Type 1,251,80,190,61,170,6.9,14,98,186,30,35
4304,10/05/2025,May,2,2025,Yorkshire and Humber,Leeds Teaching Hospitals NHS Trust,Leeds General Infirmary,Type 1,638,89,571,67,122,4.6,5,144,106,74,458
4305,10/05/2025,May,2,2025,South East,Oxford University Hospitals NHS Foundation Trust,John Radcliffe Hospital,Type 1,391,106,247,144,252,15.9,14,209,161,75,155
4306,11/05/2025,May,2,2025,North West,Liverpool University Hospitals NHS Foundation Trust,Royal Liverpool University Hospital,Type 1,470,91,460,10,264,4.4,13,182,211,50,209
4307,11/05/2025,May,2,2025,London,Guy's and St Thomas' NHS Foundation Trust,St Thomas' Hospital,Type 1,528,67,505,23,223,7.8,17,51,283,28,217
4308,11/05/2025,May,2,2025,Midlands,University Hospitals Birmingham NHS Foundation Trust,Queen Elizabeth Hospital Birmingham,Type 1,418,183,412,6,155,5.1,24,125,272,67,79
4309,11/05/2025,May,2,2025,Yorkshire and Humber,Leeds Teaching Hospitals NHS Trust,Leeds General Infirmary,Type 1,591,182,519,72,246,14.2,19,218,173,53,365
4310,11/05/2025,May,2,2025,South East,Oxford University Hospitals NHS Foundation Trust,John Radcliffe Hospital,Type 1,531,87,411,120,146,8.6,22,171,290,78,163
4311,12/05/2025,May,2,2025,North West,Liverpool University Hospitals NHS Foundation Trust,Royal Liverpool University Hospital,Type 1,605,147,474,131,179,6.5,0,65,145,35,425
4312,12/05/2025,May,2,2025,London,Guy's and St Thomas' NHS Foundation Trust,St Thomas' Hospital,Type 1,336,64,238,98,292,10.3,20,148,215,32,89
4313,12/05/2025,May,2,2025,Midlands,University Hospitals Birmingham NHS Foundation Trust,Queen Elizabeth Hospital Birmingham,Type 1,579,146,382,197,305,12,3,207,216,33,330
4314,12/05/2025,May,2,2025,Yorkshire and Humber,Leeds Teaching Hospitals NHS Trust,Leeds General Infirmary,Type 1,528,108,373,155,121,4.7,10,179,220,37,271
4315,12/05/2025,May,2,2025,South East,Oxford University Hospitals NHS Foundation Trust,John Radcliffe Hospital,Type 1,469,187,288,181,160,11.1,0,54,261,11,197
4316,13/05/2025,May,2,2025,North West,Liverpool University Hospitals NHS Foundation Trust,Royal Liverpool University Hospital,Type 1,439,177,425,14,279,5.7,15,53,93,50,296
4317,13/05/2025,May,2,2025,London,Guy's and St Thomas' NHS Foundation Trust,St Thomas' Hospital,Type 1,600,199,577,23,279,5.7,6,205,233,48,319
4318,13/05/2025,May,2,2025,Midlands,University Hospitals Birmingham NHS Foundation Trust,Queen Elizabeth Hospital Birmingham,Type 1,432,193,293,139,233,15,4,120,139,47,246
4319,13/05/2025,May,2,2025,Yorkshire and Humber,Leeds Teaching Hospitals NHS Trust,Leeds General Infirmary,Type 1,497,59,356,141,185,8,11,167,132,45,320
4320,13/05/2025,May,2,2025,South East,Oxford University Hospitals NHS Foundation Trust,John Radcliffe Hospital,Type 1,390,77,305,85,164,8.1,14,90,210,80,100
4321,14/05/2025,May,2,2025,North West,Liverpool University Hospitals NHS Foundation Trust,Royal Liverpool University Hospital,Type 1,580,81,569,11,300,14.8,6,184,109,42,429
4322,14/05/2025,May,2,2025,London,Guy's and St Thomas' NHS Foundation Trust,St Thomas' Hospital,Type 1,360,155,260,100,274,5.7,14,49,203,71,86
4323,14/05/2025,May,2,2025,Midlands,University Hospitals Birmingham NHS Foundation Trust,Queen Elizabeth Hospital Birmingham,Type 1,507,164,349,158,115,5.1,8,116,288,78,141
4324,14/05/2025,May,2,2025,Yorkshire and Humber,Leeds Teaching Hospitals NHS Trust,Leeds General Infirmary,Type 1,504,99,352,152,276,5.1,8,181,140,24,340
4325,14/05/2025,May,2,2025,South East,Oxford University Hospitals NHS Foundation Trust,John Radcliffe Hospital,Type 1,279,101,187,92,312,7.9,4,145,190,60,29
4326,15/05/2025,May,2,2025,North West,Liverpool University Hospitals NHS Foundation Trust,Royal Liverpool University Hospital,Type 1,388,159,238,150,188,4.6,19,78,256,15,117
4327,15/05/2025,May,2,2025,London,Guy's and St Thomas' NHS Foundation Trust,St Thomas' Hospital,Type 1,370,144,228,142,200,13.3,23,74,201,65,104
4328,15/05/2025,May,2,2025,Midlands,University Hospitals Birmingham NHS Foundation Trust,Queen Elizabeth Hospital Birmingham,Type 1,487,54,406,81,245,6.8,14,160,92,36,359
4329,15/05/2025,May,2,2025,Yorkshire and Humber,Leeds Teaching Hospitals NHS Trust,Leeds General Infirmary,Type 1,286,155,203,83,175,4.3,7,75,274,72,60
4330,15/05/2025,May,2,2025,South East,Oxford University Hospitals NHS Foundation Trust,John Radcliffe Hospital,Type 1,287,186,223,64,132,12.7,0,154,91,41,155
4331,16/05/2025,May,2,2025,North West,Liverpool University Hospitals NHS Foundation Trust,Royal Liverpool University Hospital,Type 1,493,82,366,127,249,9.3,15,131,57,70,366
4332,16/05/2025,May,2,2025,London,Guy's and St Thomas' NHS Foundation Trust,St Thomas' Hospital,Type 1,297,80,205,92,218,6.5,0,219,175,24,98
4333,16/05/2025,May,2,2025,Midlands,University Hospitals Birmingham NHS Foundation Trust,Queen Elizabeth Hospital Birmingham,Type 1,505,124,336,169,319,9.3,20,114,219,65,221
4334,16/05/2025,May,2,2025,Yorkshire and Humber,Leeds Teaching Hospitals NHS Trust,Leeds General Infirmary,Type 1,401,88,313,88,288,13.4,25,114,145,24,232
4335,16/05/2025,May,2,2025,South East,Oxford University Hospitals NHS Foundation Trust,John Radcliffe Hospital,Type 1,560,100,479,81,194,6.4,4,129,58,35,467
4336,17/05/2025,May,2,2025,North West,Liverpool University Hospitals NHS Foundation Trust,Royal Liverpool University Hospital,Type 1,442,159,371,71,172,9.6,23,82,181,50,211
4337,17/05/2025,May,2,2025,London,Guy's and St Thomas' NHS Foundation Trust,St Thomas' Hospital,Type 1,491,113,355,136,179,14.4,24,142,153,67,271
4338,17/05/2025,May,2,2025,Midlands,University Hospitals Birmingham NHS Foundation Trust,Queen Elizabeth Hospital Birmingham,Type 1,601,189,588,13,153,11.5,14,198,179,70,352
4339,17/05/2025,May,2,2025,Yorkshire and Humber,Leeds Teaching Hospitals NHS Trust,Leeds General Infirmary,Type 1,484,88,325,159,215,14.2,6,158,293,71,120
4340,17/05/2025,May,2,2025,South East,Oxford University Hospitals NHS Foundation Trust,John Radcliffe Hospital,Type 1,367,175,319,48,245,15.1,3,196,96,76,195
4341,18/05/2025,May,2,2025,North West,Liverpool University Hospitals NHS Foundation Trust,Royal Liverpool University Hospital,Type 1,305,154,243,62,94,10,17,109,275,74,44
4342,18/05/2025,May,2,2025,London,Guy's and St Thomas' NHS Foundation Trust,St Thomas' Hospital,Type 1,347,87,253,94,303,12.4,8,102,218,24,105
4343,18/05/2025,May,2,2025,Midlands,University Hospitals Birmingham NHS Foundation Trust,Queen Elizabeth Hospital Birmingham,Type 1,469,193,350,119,308,7.5,2,51,63,50,356
4344,18/05/2025,May,2,2025,Yorkshire and Humber,Leeds Teaching Hospitals NHS Trust,Leeds General Infirmary,Type 1,686,189,490,196,282,9,12,108,291,38,357
4345,18/05/2025,May,2,2025,South East,Oxford University Hospitals NHS Foundation Trust,John Radcliffe Hospital,Type 1,612,132,503,109,135,8.5,8,175,78,37,497
4346,19/05/2025,May,2,2025,North West,Liverpool University Hospitals NHS Foundation Trust,Royal Liverpool University Hospital,Type 1,407,69,265,142,183,10.7,18,200,226,31,150
4347,19/05/2025,May,2,2025,London,Guy's and St Thomas' NHS Foundation Trust,St Thomas' Hospital,Type 1,402,83,318,84,103,12.7,8,59,200,59,143
4348,19/05/2025,May,2,2025,Midlands,University Hospitals Birmingham NHS Foundation Trust,Queen Elizabeth Hospital Birmingham,Type 1,588,146,380,208,291,8,16,114,80,35,473
4349,19/05/2025,May,2,2025,Yorkshire and Humber,Leeds Teaching Hospitals NHS Trust,Leeds General Infirmary,Type 1,370,92,366,4,272,6.8,13,96,244,16,110
4350,19/05/2025,May,2,2025,South East,Oxford University Hospitals NHS Foundation Trust,John Radcliffe Hospital,Type 1,526,91,479,47,290,8.7,14,130,247,29,250
4351,20/05/2025,May,2,2025,North West,Liverpool University Hospitals NHS Foundation Trust,Royal Liverpool University Hospital,Type 1,350,142,257,93,127,5.5,10,167,169,21,160
4352,20/05/2025,May,2,2025,London,Guy's and St Thomas' NHS Foundation Trust,St Thomas' Hospital,Type 1,454,173,282,172,233,10,12,198,156,80,218
4353,20/05/2025,May,2,2025,Midlands,University Hospitals Birmingham NHS Foundation Trust,Queen Elizabeth Hospital Birmingham,Type 1,259,145,223,36,213,8.8,7,80,188,68,3
4354,20/05/2025,May,2,2025,Yorkshire and Humber,Leeds Teaching Hospitals NHS Trust,Leeds General Infirmary,Type 1,448,84,416,32,169,13.9,19,61,267,76,105
4355,20/05/2025,May,2,2025,South East,Oxford University Hospitals NHS Foundation Trust,John Radcliffe Hospital,Type 1,423,100,313,110,153,12.7,23,220,74,65,284
4356,21/05/2025,May,2,2025,North West,Liverpool University Hospitals NHS Foundation Trust,Royal Liverpool University Hospital,Type 1,543,200,369,174,209,13,0,161,90,23,430
4357,21/05/2025,May,2,2025,London,Guy's and St Thomas' NHS Foundation Trust,St Thomas' Hospital,Type 1,553,160,363,190,230,5.1,18,46,258,48,247
4358,21/05/2025,May,2,2025,Midlands,University Hospitals Birmingham NHS Foundation Trust,Queen Elizabeth Hospital Birmingham,Type 1,530,63,330,200,91,11.4,12,136,144,34,352
4359,21/05/2025,May,2,2025,Yorkshire and Humber,Leeds Teaching Hospitals NHS Trust,Leeds General Infirmary,Type 1,420,151,376,44,292,11,4,165,109,17,294
4360,21/05/2025,May,2,2025,South East,Oxford University Hospitals NHS Foundation Trust,John Radcliffe Hospital,Type 1,691,140,518,173,203,7.5,10,140,261,38,392
4361,22/05/2025,May,2,2025,North West,Liverpool University Hospitals NHS Foundation Trust,Royal Liverpool University Hospital,Type 1,691,64,569,122,143,5.4,11,99,114,77,500
4362,22/05/2025,May,2,2025,London,Guy's and St Thomas' NHS Foundation Trust,St Thomas' Hospital,Type 1,516,111,364,152,241,12.5,18,99,146,12,358
4363,22/05/2025,May,2,2025,Midlands,University Hospitals Birmingham NHS Foundation Trust,Queen Elizabeth Hospital Birmingham,Type 1,304,51,293,11,184,11.6,13,137,93,28,183
4364,22/05/2025,May,2,2025,Yorkshire and Humber,Leeds Teaching Hospitals NHS Trust,Leeds General Infirmary,Type 1,302,131,205,97,262,9.8,13,47,66,80,156
4365,22/05/2025,May,2,2025,South East,Oxford University Hospitals NHS Foundation Trust,John Radcliffe Hospital,Type 1,312,165,238,74,120,10.4,13,71,220,48,44
4366,23/05/2025,May,2,2025,North West,Liverpool University Hospitals NHS Foundation Trust,Royal Liverpool University Hospital,Type 1,631,119,621,10,264,12.8,1,147,53,54,524
4367,23/05/2025,May,2,2025,London,Guy's and St Thomas' NHS Foundation Trust,St Thomas' Hospital,Type 1,640,105,462,178,219,10.3,8,120,54,66,520
4368,23/05/2025,May,2,2025,Midlands,University Hospitals Birmingham NHS Foundation Trust,Queen Elizabeth Hospital Birmingham,Type 1,466,90,419,47,270,15.3,18,102,190,24,252
4369,23/05/2025,May,2,2025,Yorkshire and Humber,Leeds Teaching Hospitals NHS Trust,Leeds General Infirmary,Type 1,354,61,315,39,149,12.2,22,88,67,27,260
4370,23/05/2025,May,2,2025,South East,Oxford University Hospitals NHS Foundation Trust,John Radcliffe Hospital,Type 1,395,137,287,108,283,4.3,18,61,231,65,99
4371,24/05/2025,May,2,2025,North West,Liverpool University Hospitals NHS Foundation Trust,Royal Liverpool University Hospital,Type 1,550,110,400,150,300,7.1,19,145,66,60,424
4372,24/05/2025,May,2,2025,London,Guy's and St Thomas' NHS Foundation Trust,St Thomas' Hospital,Type 1,484,116,386,98,302,11,17,160,148,78,258
4373,24/05/2025,May,2,2025,Midlands,University Hospitals Birmingham NHS Foundation Trust,Queen Elizabeth Hospital Birmingham,Type 1,455,106,352,103,286,5.6,8,215,143,57,255
4374,24/05/2025,May,2,2025,Yorkshire and Humber,Leeds Teaching Hospitals NHS Trust,Leeds General Infirmary,Type 1,443,147,316,127,319,8.6,9,84,216,17,210
4375,24/05/2025,May,2,2025,South East,Oxford University Hospitals NHS Foundation Trust,John Radcliffe Hospital,Type 1,406,55,261,145,90,14.5,4,70,130,41,235
4376,25/05/2025,May,2,2025,North West,Liverpool University Hospitals NHS Foundation Trust,Royal Liverpool University Hospital,Type 1,622,170,425,197,113,14.7,25,79,232,79,311
4377,25/05/2025,May,2,2025,London,Guy's and St Thomas' NHS Foundation Trust,St Thomas' Hospital,Type 1,302,160,246,56,139,11.6,16,101,252,40,10
4378,25/05/2025,May,2,2025,Midlands,University Hospitals Birmingham NHS Foundation Trust,Queen Elizabeth Hospital Birmingham,Type 1,662,167,620,42,215,8.3,5,141,89,59,514
4379,25/05/2025,May,2,2025,Yorkshire and Humber,Leeds Teaching Hospitals NHS Trust,Leeds General Infirmary,Type 1,609,194,398,211,102,4.1,19,182,295,45,269
4380,25/05/2025,May,2,2025,South East,Oxford University Hospitals NHS Foundation Trust,John Radcliffe Hospital,Type 1,396,174,360,36,212,15.7,2,198,127,11,258
4381,26/05/2025,May,2,2025,North West,Liverpool University Hospitals NHS Foundation Trust,Royal Liverpool University Hospital,Type 1,573,124,491,82,231,14.4,16,99,167,58,348
4382,26/05/2025,May,2,2025,London,Guy's and St Thomas' NHS Foundation Trust,St Thomas' Hospital,Type 1,515,188,372,143,162,11.2,22,145,129,37,349
4383,26/05/2025,May,2,2025,Midlands,University Hospitals Birmingham NHS Foundation Trust,Queen Elizabeth Hospital Birmingham,Type 1,558,165,353,205,161,9.9,16,118,240,34,284
4384,26/05/2025,May,2,2025,Yorkshire and Humber,Leeds Teaching Hospitals NHS Trust,Leeds General Infirmary,Type 1,559,120,542,17,138,11.6,22,98,64,18,477
4385,26/05/2025,May,2,2025,South East,Oxford University Hospitals NHS Foundation Trust,John Radcliffe Hospital,Type 1,574,124,347,227,99,15.2,0,64,177,34,363
4386,27/05/2025,May,2,2025,North West,Liverpool University Hospitals NHS Foundation Trust,Royal Liverpool University Hospital,Type 1,692,94,691,1,247,6.2,25,176,104,41,547
4387,27/05/2025,May,2,2025,London,Guy's and St Thomas' NHS Foundation Trust,St Thomas' Hospital,Type 1,547,101,528,19,200,12,5,196,89,28,430
4388,27/05/2025,May,2,2025,Midlands,University Hospitals Birmingham NHS Foundation Trust,Queen Elizabeth Hospital Birmingham,Type 1,633,53,473,160,98,12.7,24,41,290,16,327
4389,27/05/2025,May,2,2025,Yorkshire and Humber,Leeds Teaching Hospitals NHS Trust,Leeds General Infirmary,Type 1,262,185,176,86,216,10.7,14,186,82,40,140
4390,27/05/2025,May,2,2025,South East,Oxford University Hospitals NHS Foundation Trust,John Radcliffe Hospital,Type 1,413,88,270,143,234,9.7,4,168,161,65,187
4391,28/05/2025,May,2,2025,North West,Liverpool University Hospitals NHS Foundation Trust,Royal Liverpool University Hospital,Type 1,578,78,408,170,220,7.3,22,108,288,33,257
4392,28/05/2025,May,2,2025,London,Guy's and St Thomas' NHS Foundation Trust,St Thomas' Hospital,Type 1,258,148,214,44,260,15.4,10,123,292,33,67
4393,28/05/2025,May,2,2025,Midlands,University Hospitals Birmingham NHS Foundation Trust,Queen Elizabeth Hospital Birmingham,Type 1,407,125,386,21,203,4.8,21,161,237,28,142
4394,28/05/2025,May,2,2025,Yorkshire and Humber,Leeds Teaching Hospitals NHS Trust,Leeds General Infirmary,Type 1,575,97,475,100,292,6.1,21,145,280,57,238
4395,28/05/2025,May,2,2025,South East,Oxford University Hospitals NHS Foundation Trust,John Radcliffe Hospital,Type 1,396,180,328,68,120,14.1,24,161,206,58,132
4396,29/05/2025,May,2,2025,North West,Liverpool University Hospitals NHS Foundation Trust,Royal Liverpool University Hospital,Type 1,264,114,246,18,184,11.8,14,88,134,38,92
4397,29/05/2025,May,2,2025,London,Guy's and St Thomas' NHS Foundation Trust,St Thomas' Hospital,Type 1,252,79,228,24,165,9.8,22,117,161,35,56
4398,29/05/2025,May,2,2025,Midlands,University Hospitals Birmingham NHS Foundation Trust,Queen Elizabeth Hospital Birmingham,Type 1,391,126,307,84,113,12.6,17,153,153,74,164
4399,29/05/2025,May,2,2025,Yorkshire and Humber,Leeds Teaching Hospitals NHS Trust,Leeds General Infirmary,Type 1,634,100,421,213,107,10.6,12,185,94,60,480
4400,29/05/2025,May,2,2025,South East,Oxford University Hospitals NHS Foundation Trust,John Radcliffe Hospital,Type 1,681,190,434,247,214,4.8,13,93,221,10,450
4401,30/05/2025,May,2,2025,North West,Liverpool University Hospitals NHS Foundation Trust,Royal Liverpool University Hospital,Type 1,632,188,609,23,109,9.1,7,191,111,76,445
4402,30/05/2025,May,2,2025,London,Guy's and St Thomas' NHS Foundation Trust,St Thomas' Hospital,Type 1,293,124,206,87,145,5.7,0,170,190,15,88
4403,30/05/2025,May,2,2025,Midlands,University Hospitals Birmingham NHS Foundation Trust,Queen Elizabeth Hospital Birmingham,Type 1,336,119,258,78,130,6.7,16,201,148,70,118
4404,30/05/2025,May,2,2025,Yorkshire and Humber,Leeds Teaching Hospitals NHS Trust,Leeds General Infirmary,Type 1,660,52,569,91,302,8.1,12,145,190,20,450
4405,30/05/2025,May,2,2025,South East,Oxford University Hospitals NHS Foundation Trust,John Radcliffe Hospital,Type 1,410,131,269,141,302,5.7,19,55,156,36,218
4406,31/05/2025,May,2,2025,North West,Liverpool University Hospitals NHS Foundation Trust,Royal Liverpool University Hospital,Type 1,339,89,326,13,268,9.8,10,168,206,35,98
4407,31/05/2025,May,2,2025,London,Guy's and St Thomas' NHS Foundation Trust,St Thomas' Hospital,Type 1,630,176,529,101,204,4.4,17,125,69,64,497
4408,31/05/2025,May,2,2025,Midlands,University Hospitals Birmingham NHS Foundation Trust,Queen Elizabeth Hospital Birmingham,Type 1,554,76,333,221,227,6.5,7,85,196,47,311
4409,31/05/2025,May,2,2025,Yorkshire and Humber,Leeds Teaching Hospitals NHS Trust,Leeds General Infirmary,Type 1,436,113,436,0,104,11.3,6,136,181,19,236
4410,31/05/2025,May,2,2025,South East,Oxford University Hospitals NHS Foundation Trust,John Radcliffe Hospital,Type 1,462,55,399,63,267,6.1,6,216,293,66,103
4411,01/06/2025,June,2,2025,North West,Liverpool University Hospitals NHS Foundation Trust,Royal Liverpool University Hospital,Type 1,609,187,469,140,223,9.5,18,199,182,24,403
4412,01/06/2025,June,2,2025,London,Guy's and St Thomas' NHS Foundation Trust,St Thomas' Hospital,Type 1,535,187,531,4,151,8,21,58,110,49,376
4413,01/06/2025,June,2,2025,Midlands,University Hospitals Birmingham NHS Foundation Trust,Queen Elizabeth Hospital Birmingham,Type 1,262,157,242,20,107,6,1,170,210,11,41
4414,01/06/2025,June,2,2025,Yorkshire and Humber,Leeds Teaching Hospitals NHS Trust,Leeds General Infirmary,Type 1,277,100,220,57,299,10.3,12,216,95,67,115
4415,01/06/2025,June,2,2025,South East,Oxford University Hospitals NHS Foundation Trust,John Radcliffe Hospital,Type 1,476,174,470,6,314,15.7,11,182,122,36,318
4416,02/06/2025,June,2,2025,North West,Liverpool University Hospitals NHS Foundation Trust,Royal Liverpool University Hospital,Type 1,598,96,559,39,172,4.3,18,43,242,77,279
4417,02/06/2025,June,2,2025,London,Guy's and St Thomas' NHS Foundation Trust,St Thomas' Hospital,Type 1,532,157,364,168,178,11.3,2,214,262,50,220
4418,02/06/2025,June,2,2025,Midlands,University Hospitals Birmingham NHS Foundation Trust,Queen Elizabeth Hospital Birmingham,Type 1,333,76,260,73,103,15.9,7,148,165,27,141
4419,02/06/2025,June,2,2025,Yorkshire and Humber,Leeds Teaching Hospitals NHS Trust,Leeds General Infirmary,Type 1,273,147,199,74,110,9.4,8,77,266,61,54
4420,02/06/2025,June,2,2025,South East,Oxford University Hospitals NHS Foundation Trust,John Radcliffe Hospital,Type 1,489,197,463,26,285,7.2,6,207,224,47,218
4421,03/06/2025,June,2,2025,North West,Liverpool University Hospitals NHS Foundation Trust,Royal Liverpool University Hospital,Type 1,415,192,266,149,263,14.1,16,98,279,79,57
4422,03/06/2025,June,2,2025,London,Guy's and St Thomas' NHS Foundation Trust,St Thomas' Hospital,Type 1,434,74,302,132,260,7.9,9,151,74,34,326
4423,03/06/2025,June,2,2025,Midlands,University Hospitals Birmingham NHS Foundation Trust,Queen Elizabeth Hospital Birmingham,Type 1,685,82,644,41,93,9.6,0,92,281,23,381
4424,03/06/2025,June,2,2025,Yorkshire and Humber,Leeds Teaching Hospitals NHS Trust,Leeds General Infirmary,Type 1,646,172,561,85,246,13.5,3,120,98,58,490
4425,03/06/2025,June,2,2025,South East,Oxford University Hospitals NHS Foundation Trust,John Radcliffe Hospital,Type 1,444,94,337,107,226,6.2,25,93,248,33,163
4426,04/06/2025,June,2,2025,North West,Liverpool University Hospitals NHS Foundation Trust,Royal Liverpool University Hospital,Type 1,406,73,289,117,164,6.5,7,62,190,50,166
4427,04/06/2025,June,2,2025,London,Guy's and St Thomas' NHS Foundation Trust,St Thomas' Hospital,Type 1,279,172,223,56,118,14.5,17,73,199,36,44
4428,04/06/2025,June,2,2025,Midlands,University Hospitals Birmingham NHS Foundation Trust,Queen Elizabeth Hospital Birmingham,Type 1,436,185,386,50,185,4,25,165,225,31,180
4429,04/06/2025,June,2,2025,Yorkshire and Humber,Leeds Teaching Hospitals NHS Trust,Leeds General Infirmary,Type 1,633,154,570,63,190,6.5,23,54,162,11,460
4430,04/06/2025,June,2,2025,South East,Oxford University Hospitals NHS Foundation Trust,John Radcliffe Hospital,Type 1,590,130,391,199,266,13,15,122,72,27,491
4431,05/06/2025,June,2,2025,North West,Liverpool University Hospitals NHS Foundation Trust,Royal Liverpool University Hospital,Type 1,499,96,351,148,306,10,3,178,55,25,419
4432,05/06/2025,June,2,2025,London,Guy's and St Thomas' NHS Foundation Trust,St Thomas' Hospital,Type 1,639,149,569,70,234,4.6,18,155,272,50,317
4433,05/06/2025,June,2,2025,Midlands,University Hospitals Birmingham NHS Foundation Trust,Queen Elizabeth Hospital Birmingham,Type 1,462,120,399,63,264,5.5,23,96,147,46,269
4434,05/06/2025,June,2,2025,Yorkshire and Humber,Leeds Teaching Hospitals NHS Trust,Leeds General Infirmary,Type 1,254,58,204,50,252,5.7,9,135,195,46,13
4435,05/06/2025,June,2,2025,South East,Oxford University Hospitals NHS Foundation Trust,John Radcliffe Hospital,Type 1,455,198,373,82,126,13.9,19,84,112,58,285
4436,06/06/2025,June,2,2025,North West,Liverpool University Hospitals NHS Foundation Trust,Royal Liverpool University Hospital,Type 1,560,159,424,136,280,12,14,75,265,66,229
4437,06/06/2025,June,2,2025,London,Guy's and St Thomas' NHS Foundation Trust,St Thomas' Hospital,Type 1,347,179,344,3,256,9.5,15,121,185,24,138
4438,06/06/2025,June,2,2025,Midlands,University Hospitals Birmingham NHS Foundation Trust,Queen Elizabeth Hospital Birmingham,Type 1,650,148,406,244,164,4.8,15,169,217,43,390
4439,06/06/2025,June,2,2025,Yorkshire and Humber,Leeds Teaching Hospitals NHS Trust,Leeds General Infirmary,Type 1,445,190,310,135,129,15.4,17,51,164,44,237
4440,06/06/2025,June,2,2025,South East,Oxford University Hospitals NHS Foundation Trust,John Radcliffe Hospital,Type 1,529,174,515,14,213,10.3,9,139,172,29,328
4441,07/06/2025,June,2,2025,North West,Liverpool University Hospitals NHS Foundation Trust,Royal Liverpool University Hospital,Type 1,496,177,440,56,250,11.2,5,126,258,45,193
4442,07/06/2025,June,2,2025,London,Guy's and St Thomas' NHS Foundation Trust,St Thomas' Hospital,Type 1,322,144,226,96,155,4.1,18,106,154,45,123
4443,07/06/2025,June,2,2025,Midlands,University Hospitals Birmingham NHS Foundation Trust,Queen Elizabeth Hospital Birmingham,Type 1,547,116,382,165,132,4.8,0,198,120,68,359
4444,07/06/2025,June,2,2025,Yorkshire and Humber,Leeds Teaching Hospitals NHS Trust,Leeds General Infirmary,Type 1,300,96,284,16,106,6.5,3,191,62,13,225
4445,07/06/2025,June,2,2025,South East,Oxford University Hospitals NHS Foundation Trust,John Radcliffe Hospital,Type 1,356,178,299,57,263,10.2,21,60,119,76,161
4446,08/06/2025,June,2,2025,North West,Liverpool University Hospitals NHS Foundation Trust,Royal Liverpool University Hospital,Type 1,580,148,357,223,218,4.9,13,46,52,42,486
4447,08/06/2025,June,2,2025,London,Guy's and St Thomas' NHS Foundation Trust,St Thomas' Hospital,Type 1,250,196,164,86,235,10.1,23,139,231,21,2
4448,08/06/2025,June,2,2025,Midlands,University Hospitals Birmingham NHS Foundation Trust,Queen Elizabeth Hospital Birmingham,Type 1,278,122,183,95,182,4.7,14,86,293,19,34
4449,08/06/2025,June,2,2025,Yorkshire and Humber,Leeds Teaching Hospitals NHS Trust,Leeds General Infirmary,Type 1,645,84,388,257,245,12.7,12,75,117,66,462
4450,08/06/2025,June,2,2025,South East,Oxford University Hospitals NHS Foundation Trust,John Radcliffe Hospital,Type 1,310,84,207,103,202,9.6,15,77,54,26,230
4451,09/06/2025,June,2,2025,North West,Liverpool University Hospitals NHS Foundation Trust,Royal Liverpool University Hospital,Type 1,632,74,617,15,230,13.3,7,90,64,20,548
4452,09/06/2025,June,2,2025,London,Guy's and St Thomas' NHS Foundation Trust,St Thomas' Hospital,Type 1,319,80,293,26,285,10.6,15,107,109,79,131
4453,09/06/2025,June,2,2025,Midlands,University Hospitals Birmingham NHS Foundation Trust,Queen Elizabeth Hospital Birmingham,Type 1,474,95,442,32,206,10.8,13,166,189,29,256
4454,09/06/2025,June,2,2025,Yorkshire and Humber,Leeds Teaching Hospitals NHS Trust,Leeds General Infirmary,Type 1,457,97,368,89,216,4.1,13,148,202,36,219
4455,09/06/2025,June,2,2025,South East,Oxford University Hospitals NHS Foundation Trust,John Radcliffe Hospital,Type 1,374,112,235,139,305,14.7,4,138,84,55,235
4456,10/06/2025,June,2,2025,North West,Liverpool University Hospitals NHS Foundation Trust,Royal Liverpool University Hospital,Type 1,328,85,238,90,133,13.4,9,200,66,15,247
4457,10/06/2025,June,2,2025,London,Guy's and St Thomas' NHS Foundation Trust,St Thomas' Hospital,Type 1,648,56,424,224,113,14.1,24,71,168,78,402
4458,10/06/2025,June,2,2025,Midlands,University Hospitals Birmingham NHS Foundation Trust,Queen Elizabeth Hospital Birmingham,Type 1,277,106,197,80,257,14.2,15,203,87,80,110
4459,10/06/2025,June,2,2025,Yorkshire and Humber,Leeds Teaching Hospitals NHS Trust,Leeds General Infirmary,Type 1,383,95,281,102,247,5.7,19,125,92,12,279
4460,10/06/2025,June,2,2025,South East,Oxford University Hospitals NHS Foundation Trust,John Radcliffe Hospital,Type 1,375,59,257,118,218,9.7,7,48,240,76,59
4461,11/06/2025,June,2,2025,North West,Liverpool University Hospitals NHS Foundation Trust,Royal Liverpool University Hospital,Type 1,598,114,528,70,216,12.8,8,148,78,69,451
4462,11/06/2025,June,2,2025,London,Guy's and St Thomas' NHS Foundation Trust,St Thomas' Hospital,Type 1,552,128,387,165,264,7.1,20,185,175,29,348
4463,11/06/2025,June,2,2025,Midlands,University Hospitals Birmingham NHS Foundation Trust,Queen Elizabeth Hospital Birmingham,Type 1,633,149,467,166,275,5.7,2,95,227,74,332
4464,11/06/2025,June,2,2025,Yorkshire and Humber,Leeds Teaching Hospitals NHS Trust,Leeds General Infirmary,Type 1,657,177,616,41,311,9.2,16,80,274,11,372
4465,11/06/2025,June,2,2025,South East,Oxford University Hospitals NHS Foundation Trust,John Radcliffe Hospital,Type 1,607,65,468,139,200,6,24,207,247,47,313
4466,12/06/2025,June,2,2025,North West,Liverpool University Hospitals NHS Foundation Trust,Royal Liverpool University Hospital,Type 1,385,199,354,31,241,4.1,17,207,236,11,138
4467,12/06/2025,June,2,2025,London,Guy's and St Thomas' NHS Foundation Trust,St Thomas' Hospital,Type 1,474,135,294,180,218,12.4,2,162,118,46,310
4468,12/06/2025,June,2,2025,Midlands,University Hospitals Birmingham NHS Foundation Trust,Queen Elizabeth Hospital Birmingham,Type 1,640,106,408,232,237,7.2,11,156,261,52,327
4469,12/06/2025,June,2,2025,Yorkshire and Humber,Leeds Teaching Hospitals NHS Trust,Leeds General Infirmary,Type 1,403,148,383,20,126,8.6,1,114,127,17,259
4470,12/06/2025,June,2,2025,South East,Oxford University Hospitals NHS Foundation Trust,John Radcliffe Hospital,Type 1,402,159,328,74,254,15.4,2,97,179,66,157
4471,13/06/2025,June,2,2025,North West,Liverpool University Hospitals NHS Foundation Trust,Royal Liverpool University Hospital,Type 1,275,126,274,1,158,4.3,16,208,64,14,197
4472,13/06/2025,June,2,2025,London,Guy's and St Thomas' NHS Foundation Trust,St Thomas' Hospital,Type 1,431,87,263,168,309,11.7,0,176,116,18,297
4473,13/06/2025,June,2,2025,Midlands,University Hospitals Birmingham NHS Foundation Trust,Queen Elizabeth Hospital Birmingham,Type 1,591,88,364,227,225,7.7,3,167,220,48,323
4474,13/06/2025,June,2,2025,Yorkshire and Humber,Leeds Teaching Hospitals NHS Trust,Leeds General Infirmary,Type 1,553,83,495,58,213,7.9,24,153,187,79,287
4475,13/06/2025,June,2,2025,South East,Oxford University Hospitals NHS Foundation Trust,John Radcliffe Hospital,Type 1,381,100,321,60,169,8.6,19,107,224,53,104
4476,14/06/2025,June,2,2025,North West,Liverpool University Hospitals NHS Foundation Trust,Royal Liverpool University Hospital,Type 1,328,64,232,96,128,10.8,0,200,162,64,102
4477,14/06/2025,June,2,2025,London,Guy's and St Thomas' NHS Foundation Trust,St Thomas' Hospital,Type 1,540,63,482,58,180,14.1,22,55,190,33,317
4478,14/06/2025,June,2,2025,Midlands,University Hospitals Birmingham NHS Foundation Trust,Queen Elizabeth Hospital Birmingham,Type 1,277,57,244,33,249,15.1,10,96,119,31,127
4479,14/06/2025,June,2,2025,Yorkshire and Humber,Leeds Teaching Hospitals NHS Trust,Leeds General Infirmary,Type 1,678,70,444,234,237,10.2,14,134,132,41,505
4480,14/06/2025,June,2,2025,South East,Oxford University Hospitals NHS Foundation Trust,John Radcliffe Hospital,Type 1,348,153,271,77,139,11.3,13,110,117,80,151
4481,15/06/2025,June,2,2025,North West,Liverpool University Hospitals NHS Foundation Trust,Royal Liverpool University Hospital,Type 1,273,185,189,84,233,10.2,16,68,118,72,83
4482,15/06/2025,June,2,2025,London,Guy's and St Thomas' NHS Foundation Trust,St Thomas' Hospital,Type 1,630,158,528,102,172,12.4,3,111,283,51,296
4483,15/06/2025,June,2,2025,Midlands,University Hospitals Birmingham NHS Foundation Trust,Queen Elizabeth Hospital Birmingham,Type 1,673,160,416,257,286,4.1,7,124,204,80,389
4484,15/06/2025,June,2,2025,Yorkshire and Humber,Leeds Teaching Hospitals NHS Trust,Leeds General Infirmary,Type 1,516,131,365,151,292,8.4,20,71,112,26,378
4485,15/06/2025,June,2,2025,South East,Oxford University Hospitals NHS Foundation Trust,John Radcliffe Hospital,Type 1,577,141,469,108,275,8.8,23,113,176,21,380
4486,16/06/2025,June,2,2025,North West,Liverpool University Hospitals NHS Foundation Trust,Royal Liverpool University Hospital,Type 1,250,76,206,44,105,11.5,10,52,89,57,104
4487,16/06/2025,June,2,2025,London,Guy's and St Thomas' NHS Foundation Trust,St Thomas' Hospital,Type 1,340,154,308,32,241,9.7,10,58,174,45,121
4488,16/06/2025,June,2,2025,Midlands,University Hospitals Birmingham NHS Foundation Trust,Queen Elizabeth Hospital Birmingham,Type 1,373,146,235,138,209,13.8,10,70,209,29,135
4489,16/06/2025,June,2,2025,Yorkshire and Humber,Leeds Teaching Hospitals NHS Trust,Leeds General Infirmary,Type 1,426,72,410,16,253,5.5,18,149,125,57,244
4490,16/06/2025,June,2,2025,South East,Oxford University Hospitals NHS Foundation Trust,John Radcliffe Hospital,Type 1,609,172,413,196,117,9.6,16,73,222,17,370
4491,17/06/2025,June,2,2025,North West,Liverpool University Hospitals NHS Foundation Trust,Royal Liverpool University Hospital,Type 1,533,169,404,129,278,6.9,8,45,127,32,374
4492,17/06/2025,June,2,2025,London,Guy's and St Thomas' NHS Foundation Trust,St Thomas' Hospital,Type 1,297,73,293,4,280,9.8,9,110,182,32,83
4493,17/06/2025,June,2,2025,Midlands,University Hospitals Birmingham NHS Foundation Trust,Queen Elizabeth Hospital Birmingham,Type 1,406,96,371,35,179,12.9,15,209,285,78,43
4494,17/06/2025,June,2,2025,Yorkshire and Humber,Leeds Teaching Hospitals NHS Trust,Leeds General Infirmary,Type 1,644,58,559,85,237,8,13,62,136,25,483
4495,17/06/2025,June,2,2025,South East,Oxford University Hospitals NHS Foundation Trust,John Radcliffe Hospital,Type 1,441,69,360,81,163,13.8,19,58,219,75,147
4496,18/06/2025,June,2,2025,North West,Liverpool University Hospitals NHS Foundation Trust,Royal Liverpool University Hospital,Type 1,383,119,313,70,106,5.1,3,50,297,10,76
4497,18/06/2025,June,2,2025,London,Guy's and St Thomas' NHS Foundation Trust,St Thomas' Hospital,Type 1,365,70,278,87,139,6.8,2,183,64,21,280
4498,18/06/2025,June,2,2025,Midlands,University Hospitals Birmingham NHS Foundation Trust,Queen Elizabeth Hospital Birmingham,Type 1,304,83,207,97,169,12.7,17,175,149,52,103
4499,18/06/2025,June,2,2025,Yorkshire and Humber,Leeds Teaching Hospitals NHS Trust,Leeds General Infirmary,Type 1,332,81,295,37,182,15.8,25,67,296,60,24
4500,18/06/2025,June,2,2025,South East,Oxford University Hospitals NHS Foundation Trust,John Radcliffe Hospital,Type 1,286,87,189,97,304,7.4,1,200,288,24,26
4501,19/06/2025,June,2,2025,North West,Liverpool University Hospitals NHS Foundation Trust,Royal Liverpool University Hospital,Type 1,316,149,286,30,115,8.6,8,84,223,29,64
4502,19/06/2025,June,2,2025,London,Guy's and St Thomas' NHS Foundation Trust,St Thomas' Hospital,Type 1,533,180,504,29,144,9.7,14,143,240,27,266
4503,19/06/2025,June,2,2025,Midlands,University Hospitals Birmingham NHS Foundation Trust,Queen Elizabeth Hospital Birmingham,Type 1,544,175,446,98,278,11.2,0,193,152,21,371
4504,19/06/2025,June,2,2025,Yorkshire and Humber,Leeds Teaching Hospitals NHS Trust,Leeds General Infirmary,Type 1,528,78,340,188,197,11.4,11,207,295,35,198
4505,19/06/2025,June,2,2025,South East,Oxford University Hospitals NHS Foundation Trust,John Radcliffe Hospital,Type 1,421,114,334,87,265,4.1,13,92,84,62,275
4506,20/06/2025,June,2,2025,North West,Liverpool University Hospitals NHS Foundation Trust,Royal Liverpool University Hospital,Type 1,453,121,375,78,193,10.6,24,213,104,53,296
4507,20/06/2025,June,2,2025,London,Guy's and St Thomas' NHS Foundation Trust,St Thomas' Hospital,Type 1,658,105,457,201,316,8.2,2,81,256,24,378
4508,20/06/2025,June,2,2025,Midlands,University Hospitals Birmingham NHS Foundation Trust,Queen Elizabeth Hospital Birmingham,Type 1,693,54,506,187,260,12.4,19,200,208,65,420
4509,20/06/2025,June,2,2025,Yorkshire and Humber,Leeds Teaching Hospitals NHS Trust,Leeds General Infirmary,Type 1,434,109,375,59,313,5,3,137,235,75,124
4510,20/06/2025,June,2,2025,South East,Oxford University Hospitals NHS Foundation Trust,John Radcliffe Hospital,Type 1,346,190,234,112,142,9.8,17,154,249,60,37
4511,21/06/2025,June,2,2025,North West,Liverpool University Hospitals NHS Foundation Trust,Royal Liverpool University Hospital,Type 1,291,179,253,38,271,11,0,193,285,42,36
4512,21/06/2025,June,2,2025,London,Guy's and St Thomas' NHS Foundation Trust,St Thomas' Hospital,Type 1,455,102,402,53,164,11.6,0,115,298,63,94
4513,21/06/2025,June,2,2025,Midlands,University Hospitals Birmingham NHS Foundation Trust,Queen Elizabeth Hospital Birmingham,Type 1,563,87,446,117,296,4.8,21,193,210,77,276
4514,21/06/2025,June,2,2025,Yorkshire and Humber,Leeds Teaching Hospitals NHS Trust,Leeds General Infirmary,Type 1,558,73,490,68,231,7.4,25,66,298,57,203
4515,21/06/2025,June,2,2025,South East,Oxford University Hospitals NHS Foundation Trust,John Radcliffe Hospital,Type 1,495,144,374,121,202,5.7,15,217,184,46,265
4516,22/06/2025,June,2,2025,North West,Liverpool University Hospitals NHS Foundation Trust,Royal Liverpool University Hospital,Type 1,646,141,583,63,104,12.5,1,85,102,25,519
4517,22/06/2025,June,2,2025,London,Guy's and St Thomas' NHS Foundation Trust,St Thomas' Hospital,Type 1,673,81,435,238,112,9.1,8,146,70,65,538
4518,22/06/2025,June,2,2025,Midlands,University Hospitals Birmingham NHS Foundation Trust,Queen Elizabeth Hospital Birmingham,Type 1,393,125,368,25,292,4.8,17,42,217,57,119
4519,22/06/2025,June,2,2025,Yorkshire and Humber,Leeds Teaching Hospitals NHS Trust,Leeds General Infirmary,Type 1,383,57,371,12,195,6.9,23,201,156,64,163
4520,22/06/2025,June,2,2025,South East,Oxford University Hospitals NHS Foundation Trust,John Radcliffe Hospital,Type 1,271,160,171,100,192,13.9,1,203,91,71,109
4521,23/06/2025,June,2,2025,North West,Liverpool University Hospitals NHS Foundation Trust,Royal Liverpool University Hospital,Type 1,526,154,494,32,181,5.2,19,54,110,29,387
4522,23/06/2025,June,2,2025,London,Guy's and St Thomas' NHS Foundation Trust,St Thomas' Hospital,Type 1,642,92,551,91,180,8.6,16,129,217,56,369
4523,23/06/2025,June,2,2025,Midlands,University Hospitals Birmingham NHS Foundation Trust,Queen Elizabeth Hospital Birmingham,Type 1,632,151,524,108,224,12.8,20,180,92,56,484
4524,23/06/2025,June,2,2025,Yorkshire and Humber,Leeds Teaching Hospitals NHS Trust,Leeds General Infirmary,Type 1,461,136,389,72,100,4.6,12,72,90,61,310
4525,23/06/2025,June,2,2025,South East,Oxford University Hospitals NHS Foundation Trust,John Radcliffe Hospital,Type 1,393,171,247,146,144,14.7,19,188,109,44,240
4526,24/06/2025,June,2,2025,North West,Liverpool University Hospitals NHS Foundation Trust,Royal Liverpool University Hospital,Type 1,673,200,630,43,220,8.3,13,67,243,42,388
4527,24/06/2025,June,2,2025,London,Guy's and St Thomas' NHS Foundation Trust,St Thomas' Hospital,Type 1,700,180,535,165,294,9.2,10,85,200,53,447
4528,24/06/2025,June,2,2025,Midlands,University Hospitals Birmingham NHS Foundation Trust,Queen Elizabeth Hospital Birmingham,Type 1,370,150,320,50,265,12.1,16,68,292,20,58
4529,24/06/2025,June,2,2025,Yorkshire and Humber,Leeds Teaching Hospitals NHS Trust,Leeds General Infirmary,Type 1,288,73,191,97,181,13.8,15,118,281,66,59
4530,24/06/2025,June,2,2025,South East,Oxford University Hospitals NHS Foundation Trust,John Radcliffe Hospital,Type 1,423,122,362,61,171,15,17,122,240,65,118
4531,25/06/2025,June,2,2025,North West,Liverpool University Hospitals NHS Foundation Trust,Royal Liverpool University Hospital,Type 1,457,115,442,15,239,11.2,1,41,230,70,157
4532,25/06/2025,June,2,2025,London,Guy's and St Thomas' NHS Foundation Trust,St Thomas' Hospital,Type 1,557,99,417,140,287,11.1,0,116,199,34,324
4533,25/06/2025,June,2,2025,Midlands,University Hospitals Birmingham NHS Foundation Trust,Queen Elizabeth Hospital Birmingham,Type 1,297,125,288,9,105,15.7,18,64,225,19,53
4534,25/06/2025,June,2,2025,Yorkshire and Humber,Leeds Teaching Hospitals NHS Trust,Leeds General Infirmary,Type 1,483,147,468,15,265,8.7,21,191,248,34,201
4535,25/06/2025,June,2,2025,South East,Oxford University Hospitals NHS Foundation Trust,John Radcliffe Hospital,Type 1,638,99,412,226,138,6.2,1,116,233,55,350
4536,26/06/2025,June,2,2025,North West,Liverpool University Hospitals NHS Foundation Trust,Royal Liverpool University Hospital,Type 1,253,125,190,63,297,9.5,4,41,180,12,61
4537,26/06/2025,June,2,2025,London,Guy's and St Thomas' NHS Foundation Trust,St Thomas' Hospital,Type 1,374,136,253,121,289,8.4,3,178,225,24,125
4538,26/06/2025,June,2,2025,Midlands,University Hospitals Birmingham NHS Foundation Trust,Queen Elizabeth Hospital Birmingham,Type 1,442,120,387,55,106,13.4,11,191,73,11,358
4539,26/06/2025,June,2,2025,Yorkshire and Humber,Leeds Teaching Hospitals NHS Trust,Leeds General Infirmary,Type 1,520,142,475,45,279,12.4,21,145,207,48,265
4540,26/06/2025,June,2,2025,South East,Oxford University Hospitals NHS Foundation Trust,John Radcliffe Hospital,Type 1,565,195,481,84,221,6,5,127,220,77,268
4541,27/06/2025,June,2,2025,North West,Liverpool University Hospitals NHS Foundation Trust,Royal Liverpool University Hospital,Type 1,484,136,308,176,203,4.6,6,171,85,69,330
4542,27/06/2025,June,2,2025,London,Guy's and St Thomas' NHS Foundation Trust,St Thomas' Hospital,Type 1,252,131,156,96,246,6.6,25,199,106,43,103
4543,27/06/2025,June,2,2025,Midlands,University Hospitals Birmingham NHS Foundation Trust,Queen Elizabeth Hospital Birmingham,Type 1,493,100,383,110,176,14.3,5,166,183,38,272
4544,27/06/2025,June,2,2025,Yorkshire and Humber,Leeds Teaching Hospitals NHS Trust,Leeds General Infirmary,Type 1,372,68,314,58,268,5.6,15,161,199,46,127
4545,27/06/2025,June,2,2025,South East,Oxford University Hospitals NHS Foundation Trust,John Radcliffe Hospital,Type 1,410,149,250,160,250,8.9,21,77,285,42,83
4546,28/06/2025,June,2,2025,North West,Liverpool University Hospitals NHS Foundation Trust,Royal Liverpool University Hospital,Type 1,261,171,160,101,110,7.2,15,66,166,27,68
4547,28/06/2025,June,2,2025,London,Guy's and St Thomas' NHS Foundation Trust,St Thomas' Hospital,Type 1,663,72,554,109,183,13,1,133,294,48,321
4548,28/06/2025,June,2,2025,Midlands,University Hospitals Birmingham NHS Foundation Trust,Queen Elizabeth Hospital Birmingham,Type 1,459,82,326,133,178,9.5,18,128,118,58,283
4549,28/06/2025,June,2,2025,Yorkshire and Humber,Leeds Teaching Hospitals NHS Trust,Leeds General Infirmary,Type 1,472,105,308,164,308,4.2,10,150,80,37,355
4550,28/06/2025,June,2,2025,South East,Oxford University Hospitals NHS Foundation Trust,John Radcliffe Hospital,Type 1,355,181,294,61,190,7.6,24,124,76,48,231
4551,29/06/2025,June,2,2025,North West,Liverpool University Hospitals NHS Foundation Trust,Royal Liverpool University Hospital,Type 1,616,99,443,173,187,8.7,15,143,127,45,444
4552,29/06/2025,June,2,2025,London,Guy's and St Thomas' NHS Foundation Trust,St Thomas' Hospital,Type 1,264,115,244,20,237,6.4,16,75,197,80,13
4553,29/06/2025,June,2,2025,Midlands,University Hospitals Birmingham NHS Foundation Trust,Queen Elizabeth Hospital Birmingham,Type 1,643,150,527,116,294,8.3,15,191,236,26,381
4554,29/06/2025,June,2,2025,Yorkshire and Humber,Leeds Teaching Hospitals NHS Trust,Leeds General Infirmary,Type 1,289,145,282,7,216,5.2,13,191,58,16,215
4555,29/06/2025,June,2,2025,South East,Oxford University Hospitals NHS Foundation Trust,John Radcliffe Hospital,Type 1,376,198,240,136,153,12.9,19,100,67,71,238
4556,30/06/2025,June,2,2025,North West,Liverpool University Hospitals NHS Foundation Trust,Royal Liverpool University Hospital,Type 1,290,199,266,24,313,10.2,21,112,113,38,139
4557,30/06/2025,June,2,2025,London,Guy's and St Thomas' NHS Foundation Trust,St Thomas' Hospital,Type 1,554,164,548,6,287,12.3,2,167,82,74,398
4558,30/06/2025,June,2,2025,Midlands,University Hospitals Birmingham NHS Foundation Trust,Queen Elizabeth Hospital Birmingham,Type 1,440,134,355,85,196,11.9,11,47,210,49,181
4559,30/06/2025,June,2,2025,Yorkshire and Humber,Leeds Teaching Hospitals NHS Trust,Leeds General Infirmary,Type 1,667,177,611,56,263,14.4,17,75,104,23,540
4560,30/06/2025,June,2,2025,South East,Oxford University Hospitals NHS Foundation Trust,John Radcliffe Hospital,Type 1,366,177,287,79,90,15.3,10,92,267,25,74
4561,01/07/2025,July,3,2025,North West,Liverpool University Hospitals NHS Foundation Trust,Royal Liverpool University Hospital,Type 1,326,57,245,81,300,5.2,0,106,63,64,199
4562,01/07/2025,July,3,2025,London,Guy's and St Thomas' NHS Foundation Trust,St Thomas' Hospital,Type 1,580,130,544,36,285,9.4,11,128,56,78,446
4563,01/07/2025,July,3,2025,Midlands,University Hospitals Birmingham NHS Foundation Trust,Queen Elizabeth Hospital Birmingham,Type 1,549,56,408,141,206,13,2,108,81,16,452
4564,01/07/2025,July,3,2025,Yorkshire and Humber,Leeds Teaching Hospitals NHS Trust,Leeds General Infirmary,Type 1,586,71,405,181,98,9.8,11,135,232,24,330
4565,01/07/2025,July,3,2025,South East,Oxford University Hospitals NHS Foundation Trust,John Radcliffe Hospital,Type 1,475,174,295,180,177,6,9,55,79,39,357
4566,02/07/2025,July,3,2025,North West,Liverpool University Hospitals NHS Foundation Trust,Royal Liverpool University Hospital,Type 1,697,71,563,134,98,13,25,110,250,41,406
4567,02/07/2025,July,3,2025,London,Guy's and St Thomas' NHS Foundation Trust,St Thomas' Hospital,Type 1,613,127,468,145,293,8.9,2,198,170,15,428
4568,02/07/2025,July,3,2025,Midlands,University Hospitals Birmingham NHS Foundation Trust,Queen Elizabeth Hospital Birmingham,Type 1,603,124,407,196,206,13.2,22,148,277,49,277
4569,02/07/2025,July,3,2025,Yorkshire and Humber,Leeds Teaching Hospitals NHS Trust,Leeds General Infirmary,Type 1,477,190,393,84,168,12.1,10,197,292,38,147
4570,02/07/2025,July,3,2025,South East,Oxford University Hospitals NHS Foundation Trust,John Radcliffe Hospital,Type 1,504,74,453,51,226,7.9,3,141,279,16,209
4571,03/07/2025,July,3,2025,North West,Liverpool University Hospitals NHS Foundation Trust,Royal Liverpool University Hospital,Type 1,270,181,195,75,211,15.7,11,158,300,17,47
4572,03/07/2025,July,3,2025,London,Guy's and St Thomas' NHS Foundation Trust,St Thomas' Hospital,Type 1,278,179,252,26,298,9.9,13,71,130,61,87
4573,03/07/2025,July,3,2025,Midlands,University Hospitals Birmingham NHS Foundation Trust,Queen Elizabeth Hospital Birmingham,Type 1,393,55,276,117,258,12.7,16,52,57,80,256
4574,03/07/2025,July,3,2025,Yorkshire and Humber,Leeds Teaching Hospitals NHS Trust,Leeds General Infirmary,Type 1,502,67,334,168,221,6.7,5,120,73,63,366
4575,03/07/2025,July,3,2025,South East,Oxford University Hospitals NHS Foundation Trust,John Radcliffe Hospital,Type 1,552,130,410,142,149,15.8,3,112,186,52,314
4576,04/07/2025,July,3,2025,North West,Liverpool University Hospitals NHS Foundation Trust,Royal Liverpool University Hospital,Type 1,473,152,381,92,132,13,21,45,176,40,257
4577,04/07/2025,July,3,2025,London,Guy's and St Thomas' NHS Foundation Trust,St Thomas' Hospital,Type 1,558,116,371,187,176,11.4,5,195,141,39,378
4578,04/07/2025,July,3,2025,Midlands,University Hospitals Birmingham NHS Foundation Trust,Queen Elizabeth Hospital Birmingham,Type 1,468,94,281,187,146,5.6,5,183,69,66,333
4579,04/07/2025,July,3,2025,Yorkshire and Humber,Leeds Teaching Hospitals NHS Trust,Leeds General Infirmary,Type 1,576,152,433,143,202,4.5,9,81,202,52,322
4580,04/07/2025,July,3,2025,South East,Oxford University Hospitals NHS Foundation Trust,John Radcliffe Hospital,Type 1,602,64,523,79,291,8.2,17,162,51,38,513
4581,05/07/2025,July,3,2025,North West,Liverpool University Hospitals NHS Foundation Trust,Royal Liverpool University Hospital,Type 1,352,150,300,52,126,5.4,22,56,77,46,229
4582,05/07/2025,July,3,2025,London,Guy's and St Thomas' NHS Foundation Trust,St Thomas' Hospital,Type 1,447,87,288,159,140,13.6,21,146,68,37,342
4583,05/07/2025,July,3,2025,Midlands,University Hospitals Birmingham NHS Foundation Trust,Queen Elizabeth Hospital Birmingham,Type 1,425,93,255,170,206,6.2,0,187,125,10,290
4584,05/07/2025,July,3,2025,Yorkshire and Humber,Leeds Teaching Hospitals NHS Trust,Leeds General Infirmary,Type 1,440,112,326,114,247,9,15,146,134,77,229
4585,05/07/2025,July,3,2025,South East,Oxford University Hospitals NHS Foundation Trust,John Radcliffe Hospital,Type 1,351,170,251,100,272,4.1,2,209,254,45,52
4586,06/07/2025,July,3,2025,North West,Liverpool University Hospitals NHS Foundation Trust,Royal Liverpool University Hospital,Type 1,496,84,494,2,92,11.8,15,150,207,69,220
4587,06/07/2025,July,3,2025,London,Guy's and St Thomas' NHS Foundation Trust,St Thomas' Hospital,Type 1,336,139,289,47,196,9.9,24,71,101,79,156
4588,06/07/2025,July,3,2025,Midlands,University Hospitals Birmingham NHS Foundation Trust,Queen Elizabeth Hospital Birmingham,Type 1,624,155,415,209,116,10.9,1,132,176,70,378
4589,06/07/2025,July,3,2025,Yorkshire and Humber,Leeds Teaching Hospitals NHS Trust,Leeds General Infirmary,Type 1,397,189,296,101,128,13.2,19,182,89,17,291
4590,06/07/2025,July,3,2025,South East,Oxford University Hospitals NHS Foundation Trust,John Radcliffe Hospital,Type 1,384,83,302,82,316,6.3,11,73,268,26,90
4591,07/07/2025,July,3,2025,North West,Liverpool University Hospitals NHS Foundation Trust,Royal Liverpool University Hospital,Type 1,321,149,221,100,217,15.3,16,49,200,13,108
4592,07/07/2025,July,3,2025,London,Guy's and St Thomas' NHS Foundation Trust,St Thomas' Hospital,Type 1,661,167,497,164,217,8,15,185,134,21,506
4593,07/07/2025,July,3,2025,Midlands,University Hospitals Birmingham NHS Foundation Trust,Queen Elizabeth Hospital Birmingham,Type 1,478,78,400,78,252,10.4,4,112,255,70,153
4594,07/07/2025,July,3,2025,Yorkshire and Humber,Leeds Teaching Hospitals NHS Trust,Leeds General Infirmary,Type 1,274,66,257,17,196,12.3,6,121,170,15,89
4595,07/07/2025,July,3,2025,South East,Oxford University Hospitals NHS Foundation Trust,John Radcliffe Hospital,Type 1,510,50,429,81,275,7.5,23,106,274,36,200
4596,08/07/2025,July,3,2025,North West,Liverpool University Hospitals NHS Foundation Trust,Royal Liverpool University Hospital,Type 1,361,159,289,72,109,8,13,42,59,50,252
4597,08/07/2025,July,3,2025,London,Guy's and St Thomas' NHS Foundation Trust,St Thomas' Hospital,Type 1,567,127,509,58,284,11.2,14,217,153,42,372
4598,08/07/2025,July,3,2025,Midlands,University Hospitals Birmingham NHS Foundation Trust,Queen Elizabeth Hospital Birmingham,Type 1,591,55,392,199,275,10.2,17,40,61,55,475
4599,08/07/2025,July,3,2025,Yorkshire and Humber,Leeds Teaching Hospitals NHS Trust,Leeds General Infirmary,Type 1,550,192,504,46,254,9.6,7,77,269,44,237
4600,08/07/2025,July,3,2025,South East,Oxford University Hospitals NHS Foundation Trust,John Radcliffe Hospital,Type 1,615,115,499,116,113,8,25,57,189,54,372
4601,09/07/2025,July,3,2025,North West,Liverpool University Hospitals NHS Foundation Trust,Royal Liverpool University Hospital,Type 1,557,124,358,199,319,10.5,8,154,128,55,374
4602,09/07/2025,July,3,2025,London,Guy's and St Thomas' NHS Foundation Trust,St Thomas' Hospital,Type 1,422,57,275,147,97,8.9,8,64,289,61,72
4603,09/07/2025,July,3,2025,Midlands,University Hospitals Birmingham NHS Foundation Trust,Queen Elizabeth Hospital Birmingham,Type 1,316,66,313,3,100,8.1,13,150,185,77,54
4604,09/07/2025,July,3,2025,Yorkshire and Humber,Leeds Teaching Hospitals NHS Trust,Leeds General Infirmary,Type 1,495,162,363,132,171,4.3,16,45,98,73,324
4605,09/07/2025,July,3,2025,South East,Oxford University Hospitals NHS Foundation Trust,John Radcliffe Hospital,Type 1,488,93,370,118,301,8.5,0,144,275,38,175
4606,10/07/2025,July,3,2025,North West,Liverpool University Hospitals NHS Foundation Trust,Royal Liverpool University Hospital,Type 1,287,141,272,15,153,5.8,10,164,256,35,4
4607,10/07/2025,July,3,2025,London,Guy's and St Thomas' NHS Foundation Trust,St Thomas' Hospital,Type 1,685,66,634,51,244,15.2,17,176,203,31,451
4608,10/07/2025,July,3,2025,Midlands,University Hospitals Birmingham NHS Foundation Trust,Queen Elizabeth Hospital Birmingham,Type 1,462,131,369,93,299,5.8,9,48,85,43,334
4609,10/07/2025,July,3,2025,Yorkshire and Humber,Leeds Teaching Hospitals NHS Trust,Leeds General Infirmary,Type 1,586,122,558,28,268,12.8,10,71,197,62,327
4610,10/07/2025,July,3,2025,South East,Oxford University Hospitals NHS Foundation Trust,John Radcliffe Hospital,Type 1,673,183,590,83,135,7.8,10,132,173,13,487
4611,11/07/2025,July,3,2025,North West,Liverpool University Hospitals NHS Foundation Trust,Royal Liverpool University Hospital,Type 1,675,183,612,63,232,7.8,8,202,85,78,512
4612,11/07/2025,July,3,2025,London,Guy's and St Thomas' NHS Foundation Trust,St Thomas' Hospital,Type 1,485,108,357,128,262,10.2,19,219,193,50,242
4613,11/07/2025,July,3,2025,Midlands,University Hospitals Birmingham NHS Foundation Trust,Queen Elizabeth Hospital Birmingham,Type 1,461,181,348,113,187,14.1,15,130,85,19,357
4614,11/07/2025,July,3,2025,Yorkshire and Humber,Leeds Teaching Hospitals NHS Trust,Leeds General Infirmary,Type 1,278,58,240,38,309,7.7,11,113,229,55,6
4615,11/07/2025,July,3,2025,South East,Oxford University Hospitals NHS Foundation Trust,John Radcliffe Hospital,Type 1,487,133,468,19,131,13.4,19,106,218,51,218
4616,12/07/2025,July,3,2025,North West,Liverpool University Hospitals NHS Foundation Trust,Royal Liverpool University Hospital,Type 1,345,137,215,130,190,11.6,13,82,209,71,65
4617,12/07/2025,July,3,2025,London,Guy's and St Thomas' NHS Foundation Trust,St Thomas' Hospital,Type 1,632,142,387,245,90,9.2,9,181,63,70,499
4618,12/07/2025,July,3,2025,Midlands,University Hospitals Birmingham NHS Foundation Trust,Queen Elizabeth Hospital Birmingham,Type 1,359,178,340,19,181,12.6,11,78,187,47,125
4619,12/07/2025,July,3,2025,Yorkshire and Humber,Leeds Teaching Hospitals NHS Trust,Leeds General Infirmary,Type 1,370,67,317,53,182,12.9,22,214,121,45,204
4620,12/07/2025,July,3,2025,South East,Oxford University Hospitals NHS Foundation Trust,John Radcliffe Hospital,Type 1,358,108,269,89,212,14.8,23,106,243,64,51
4621,13/07/2025,July,3,2025,North West,Liverpool University Hospitals NHS Foundation Trust,Royal Liverpool University Hospital,Type 1,666,82,488,178,106,8.6,5,69,215,56,395
4622,13/07/2025,July,3,2025,London,Guy's and St Thomas' NHS Foundation Trust,St Thomas' Hospital,Type 1,680,161,585,95,193,5.4,18,182,121,68,491
4623,13/07/2025,July,3,2025,Midlands,University Hospitals Birmingham NHS Foundation Trust,Queen Elizabeth Hospital Birmingham,Type 1,250,109,183,67,239,5.5,6,63,245,51,46
4624,13/07/2025,July,3,2025,Yorkshire and Humber,Leeds Teaching Hospitals NHS Trust,Leeds General Infirmary,Type 1,530,133,437,93,203,5.8,9,52,67,80,383
4625,13/07/2025,July,3,2025,South East,Oxford University Hospitals NHS Foundation Trust,John Radcliffe Hospital,Type 1,436,163,373,63,141,7.9,16,54,256,12,168
4626,14/07/2025,July,3,2025,North West,Liverpool University Hospitals NHS Foundation Trust,Royal Liverpool University Hospital,Type 1,595,182,491,104,93,5.2,0,189,256,74,265
4627,14/07/2025,July,3,2025,London,Guy's and St Thomas' NHS Foundation Trust,St Thomas' Hospital,Type 1,499,83,453,46,191,8.3,17,49,261,64,174
4628,14/07/2025,July,3,2025,Midlands,University Hospitals Birmingham NHS Foundation Trust,Queen Elizabeth Hospital Birmingham,Type 1,346,53,247,99,176,15,4,56,54,50,242
4629,14/07/2025,July,3,2025,Yorkshire and Humber,Leeds Teaching Hospitals NHS Trust,Leeds General Infirmary,Type 1,596,97,443,153,113,14.2,0,62,116,72,408
4630,14/07/2025,July,3,2025,South East,Oxford University Hospitals NHS Foundation Trust,John Radcliffe Hospital,Type 1,515,80,468,47,265,15.4,2,148,110,43,362
4631,15/07/2025,July,3,2025,North West,Liverpool University Hospitals NHS Foundation Trust,Royal Liverpool University Hospital,Type 1,582,80,497,85,100,14.1,25,130,254,44,284
4632,15/07/2025,July,3,2025,London,Guy's and St Thomas' NHS Foundation Trust,St Thomas' Hospital,Type 1,320,169,206,114,199,12.6,23,216,91,38,191
4633,15/07/2025,July,3,2025,Midlands,University Hospitals Birmingham NHS Foundation Trust,Queen Elizabeth Hospital Birmingham,Type 1,261,118,256,5,301,12.8,16,81,50,66,145
4634,15/07/2025,July,3,2025,Yorkshire and Humber,Leeds Teaching Hospitals NHS Trust,Leeds General Infirmary,Type 1,506,140,480,26,263,13.2,20,163,138,45,323
4635,15/07/2025,July,3,2025,South East,Oxford University Hospitals NHS Foundation Trust,John Radcliffe Hospital,Type 1,351,107,284,67,240,12.2,21,64,272,38,41
4636,16/07/2025,July,3,2025,North West,Liverpool University Hospitals NHS Foundation Trust,Royal Liverpool University Hospital,Type 1,592,188,377,215,225,7,9,197,238,16,338
4637,16/07/2025,July,3,2025,London,Guy's and St Thomas' NHS Foundation Trust,St Thomas' Hospital,Type 1,312,87,236,76,238,10.9,0,148,54,35,223
4638,16/07/2025,July,3,2025,Midlands,University Hospitals Birmingham NHS Foundation Trust,Queen Elizabeth Hospital Birmingham,Type 1,385,82,326,59,222,9.2,22,160,177,17,191
4639,16/07/2025,July,3,2025,Yorkshire and Humber,Leeds Teaching Hospitals NHS Trust,Leeds General Infirmary,Type 1,584,67,477,107,132,5,6,208,244,25,315
4640,16/07/2025,July,3,2025,South East,Oxford University Hospitals NHS Foundation Trust,John Radcliffe Hospital,Type 1,538,188,488,50,205,8.5,3,187,86,79,373
4641,17/07/2025,July,3,2025,North West,Liverpool University Hospitals NHS Foundation Trust,Royal Liverpool University Hospital,Type 1,461,119,319,142,103,14.7,19,74,207,36,218
4642,17/07/2025,July,3,2025,London,Guy's and St Thomas' NHS Foundation Trust,St Thomas' Hospital,Type 1,637,176,606,31,137,5,24,83,226,70,341
4643,17/07/2025,July,3,2025,Midlands,University Hospitals Birmingham NHS Foundation Trust,Queen Elizabeth Hospital Birmingham,Type 1,653,107,573,80,245,11,18,68,296,74,283
4644,17/07/2025,July,3,2025,Yorkshire and Humber,Leeds Teaching Hospitals NHS Trust,Leeds General Infirmary,Type 1,368,61,316,52,235,12.6,19,164,254,42,72
4645,17/07/2025,July,3,2025,South East,Oxford University Hospitals NHS Foundation Trust,John Radcliffe Hospital,Type 1,620,174,470,150,162,10,4,49,217,41,362
4646,18/07/2025,July,3,2025,North West,Liverpool University Hospitals NHS Foundation Trust,Royal Liverpool University Hospital,Type 1,379,84,278,101,159,12.4,23,190,62,11,306
4647,18/07/2025,July,3,2025,London,Guy's and St Thomas' NHS Foundation Trust,St Thomas' Hospital,Type 1,553,95,474,79,243,11.7,1,86,208,53,292
4648,18/07/2025,July,3,2025,Midlands,University Hospitals Birmingham NHS Foundation Trust,Queen Elizabeth Hospital Birmingham,Type 1,533,146,336,197,230,5.1,6,127,87,28,418
4649,18/07/2025,July,3,2025,Yorkshire and Humber,Leeds Teaching Hospitals NHS Trust,Leeds General Infirmary,Type 1,572,199,556,16,193,9.1,12,87,247,65,260
4650,18/07/2025,July,3,2025,South East,Oxford University Hospitals NHS Foundation Trust,John Radcliffe Hospital,Type 1,281,148,253,28,121,14,11,86,94,14,173
4651,19/07/2025,July,3,2025,North West,Liverpool University Hospitals NHS Foundation Trust,Royal Liverpool University Hospital,Type 1,431,104,406,25,227,10.8,7,120,53,49,329
4652,19/07/2025,July,3,2025,London,Guy's and St Thomas' NHS Foundation Trust,St Thomas' Hospital,Type 1,631,89,582,49,197,4.6,6,211,106,52,473
4653,19/07/2025,July,3,2025,Midlands,University Hospitals Birmingham NHS Foundation Trust,Queen Elizabeth Hospital Birmingham,Type 1,345,52,294,51,126,13.2,13,168,265,26,54
4654,19/07/2025,July,3,2025,Yorkshire and Humber,Leeds Teaching Hospitals NHS Trust,Leeds General Infirmary,Type 1,531,170,369,162,181,10.3,17,58,78,77,376
4655,19/07/2025,July,3,2025,South East,Oxford University Hospitals NHS Foundation Trust,John Radcliffe Hospital,Type 1,544,142,455,89,317,15.4,9,115,108,65,371
4656,20/07/2025,July,3,2025,North West,Liverpool University Hospitals NHS Foundation Trust,Royal Liverpool University Hospital,Type 1,670,160,584,86,216,13,19,50,156,14,500
4657,20/07/2025,July,3,2025,London,Guy's and St Thomas' NHS Foundation Trust,St Thomas' Hospital,Type 1,435,119,297,138,124,10.7,13,115,300,27,108
4658,20/07/2025,July,3,2025,Midlands,University Hospitals Birmingham NHS Foundation Trust,Queen Elizabeth Hospital Birmingham,Type 1,574,164,487,87,101,8.4,13,134,250,11,313
4659,20/07/2025,July,3,2025,Yorkshire and Humber,Leeds Teaching Hospitals NHS Trust,Leeds General Infirmary,Type 1,592,197,450,142,302,11.8,10,153,222,53,317
4660,20/07/2025,July,3,2025,South East,Oxford University Hospitals NHS Foundation Trust,John Radcliffe Hospital,Type 1,458,92,364,94,202,15.5,17,177,162,34,262
4661,21/07/2025,July,3,2025,North West,Liverpool University Hospitals NHS Foundation Trust,Royal Liverpool University Hospital,Type 1,399,91,315,84,184,14.7,17,48,243,67,89
4662,21/07/2025,July,3,2025,London,Guy's and St Thomas' NHS Foundation Trust,St Thomas' Hospital,Type 1,664,179,435,229,235,14,25,185,192,26,446
4663,21/07/2025,July,3,2025,Midlands,University Hospitals Birmingham NHS Foundation Trust,Queen Elizabeth Hospital Birmingham,Type 1,303,70,195,108,175,11.7,20,212,128,35,140
4664,21/07/2025,July,3,2025,Yorkshire and Humber,Leeds Teaching Hospitals NHS Trust,Leeds General Infirmary,Type 1,391,53,329,62,136,13.6,8,140,240,34,117
4665,21/07/2025,July,3,2025,South East,Oxford University Hospitals NHS Foundation Trust,John Radcliffe Hospital,Type 1,378,56,365,13,123,12.1,9,205,209,50,119
4666,22/07/2025,July,3,2025,North West,Liverpool University Hospitals NHS Foundation Trust,Royal Liverpool University Hospital,Type 1,664,65,543,121,216,7.4,6,43,184,68,412
4667,22/07/2025,July,3,2025,London,Guy's and St Thomas' NHS Foundation Trust,St Thomas' Hospital,Type 1,430,111,260,170,222,10.5,20,144,84,79,267
4668,22/07/2025,July,3,2025,Midlands,University Hospitals Birmingham NHS Foundation Trust,Queen Elizabeth Hospital Birmingham,Type 1,523,94,379,144,171,12.7,13,196,229,49,245
4669,22/07/2025,July,3,2025,Yorkshire and Humber,Leeds Teaching Hospitals NHS Trust,Leeds General Infirmary,Type 1,358,166,283,75,275,14.5,19,65,78,76,204
4670,22/07/2025,July,3,2025,South East,Oxford University Hospitals NHS Foundation Trust,John Radcliffe Hospital,Type 1,656,71,438,218,284,4.3,25,101,68,44,544
4671,23/07/2025,July,3,2025,North West,Liverpool University Hospitals NHS Foundation Trust,Royal Liverpool University Hospital,Type 1,510,90,479,31,218,11.2,12,75,167,55,288
4672,23/07/2025,July,3,2025,London,Guy's and St Thomas' NHS Foundation Trust,St Thomas' Hospital,Type 1,441,111,437,4,295,8,13,136,92,41,308
4673,23/07/2025,July,3,2025,Midlands,University Hospitals Birmingham NHS Foundation Trust,Queen Elizabeth Hospital Birmingham,Type 1,367,150,302,65,160,13.1,10,132,265,44,58
4674,23/07/2025,July,3,2025,Yorkshire and Humber,Leeds Teaching Hospitals NHS Trust,Leeds General Infirmary,Type 1,553,137,380,173,179,8.1,25,122,290,33,230
4675,23/07/2025,July,3,2025,South East,Oxford University Hospitals NHS Foundation Trust,John Radcliffe Hospital,Type 1,290,198,230,60,113,5.1,10,40,286,54,50
4676,24/07/2025,July,3,2025,North West,Liverpool University Hospitals NHS Foundation Trust,Royal Liverpool University Hospital,Type 1,311,196,237,74,131,15.7,24,131,240,26,45
4677,24/07/2025,July,3,2025,London,Guy's and St Thomas' NHS Foundation Trust,St Thomas' Hospital,Type 1,444,115,366,78,127,7.9,19,161,108,48,288
4678,24/07/2025,July,3,2025,Midlands,University Hospitals Birmingham NHS Foundation Trust,Queen Elizabeth Hospital Birmingham,Type 1,591,150,470,121,277,11.2,3,163,154,49,388
4679,24/07/2025,July,3,2025,Yorkshire and Humber,Leeds Teaching Hospitals NHS Trust,Leeds General Infirmary,Type 1,328,118,269,59,128,9.1,1,171,296,11,21
4680,24/07/2025,July,3,2025,South East,Oxford University Hospitals NHS Foundation Trust,John Radcliffe Hospital,Type 1,372,100,264,108,210,15.2,13,96,246,73,53
4681,25/07/2025,July,3,2025,North West,Liverpool University Hospitals NHS Foundation Trust,Royal Liverpool University Hospital,Type 1,415,104,256,159,177,5.9,1,75,89,58,268
4682,25/07/2025,July,3,2025,London,Guy's and St Thomas' NHS Foundation Trust,St Thomas' Hospital,Type 1,658,91,518,140,229,7.7,18,149,195,22,441
4683,25/07/2025,July,3,2025,Midlands,University Hospitals Birmingham NHS Foundation Trust,Queen Elizabeth Hospital Birmingham,Type 1,550,179,470,80,261,14.3,3,86,221,76,253
4684,25/07/2025,July,3,2025,Yorkshire and Humber,Leeds Teaching Hospitals NHS Trust,Leeds General Infirmary,Type 1,540,77,411,129,107,7.5,0,138,184,42,314
4685,25/07/2025,July,3,2025,South East,Oxford University Hospitals NHS Foundation Trust,John Radcliffe Hospital,Type 1,309,161,240,69,224,9.1,24,210,86,66,157
4686,26/07/2025,July,3,2025,North West,Liverpool University Hospitals NHS Foundation Trust,Royal Liverpool University Hospital,Type 1,606,78,514,92,131,10.4,24,186,262,18,326
4687,26/07/2025,July,3,2025,London,Guy's and St Thomas' NHS Foundation Trust,St Thomas' Hospital,Type 1,445,77,384,61,296,5.6,21,134,239,15,191
4688,26/07/2025,July,3,2025,Midlands,University Hospitals Birmingham NHS Foundation Trust,Queen Elizabeth Hospital Birmingham,Type 1,646,107,536,110,196,10.7,18,113,115,29,502
4689,26/07/2025,July,3,2025,Yorkshire and Humber,Leeds Teaching Hospitals NHS Trust,Leeds General Infirmary,Type 1,399,96,248,151,299,5.4,8,159,241,10,148
4690,26/07/2025,July,3,2025,South East,Oxford University Hospitals NHS Foundation Trust,John Radcliffe Hospital,Type 1,319,179,296,23,161,14.6,7,150,255,22,42
4691,27/07/2025,July,3,2025,North West,Liverpool University Hospitals NHS Foundation Trust,Royal Liverpool University Hospital,Type 1,250,65,187,63,205,11.3,14,107,125,24,101
4692,27/07/2025,July,3,2025,London,Guy's and St Thomas' NHS Foundation Trust,St Thomas' Hospital,Type 1,350,151,227,123,212,14.1,7,72,98,62,190
4693,27/07/2025,July,3,2025,Midlands,University Hospitals Birmingham NHS Foundation Trust,Queen Elizabeth Hospital Birmingham,Type 1,304,143,252,52,221,10.6,17,157,296,65,57
4694,27/07/2025,July,3,2025,Yorkshire and Humber,Leeds Teaching Hospitals NHS Trust,Leeds General Infirmary,Type 1,627,69,533,94,146,5.7,11,210,135,23,469
4695,27/07/2025,July,3,2025,South East,Oxford University Hospitals NHS Foundation Trust,John Radcliffe Hospital,Type 1,627,96,584,43,96,15.4,20,198,57,76,494
4696,28/07/2025,July,3,2025,North West,Liverpool University Hospitals NHS Foundation Trust,Royal Liverpool University Hospital,Type 1,661,117,505,156,194,5.1,18,113,85,47,529
4697,28/07/2025,July,3,2025,London,Guy's and St Thomas' NHS Foundation Trust,St Thomas' Hospital,Type 1,638,137,447,191,188,12,0,120,125,69,444
4698,28/07/2025,July,3,2025,Midlands,University Hospitals Birmingham NHS Foundation Trust,Queen Elizabeth Hospital Birmingham,Type 1,396,198,300,96,275,6.2,23,212,264,48,84
4699,28/07/2025,July,3,2025,Yorkshire and Humber,Leeds Teaching Hospitals NHS Trust,Leeds General Infirmary,Type 1,595,128,514,81,194,9.6,21,163,117,52,426
4700,28/07/2025,July,3,2025,South East,Oxford University Hospitals NHS Foundation Trust,John Radcliffe Hospital,Type 1,429,150,280,149,220,11.5,2,196,220,22,187
4701,29/07/2025,July,3,2025,North West,Liverpool University Hospitals NHS Foundation Trust,Royal Liverpool University Hospital,Type 1,384,54,261,123,315,6.5,11,159,210,76,98
4702,29/07/2025,July,3,2025,London,Guy's and St Thomas' NHS Foundation Trust,St Thomas' Hospital,Type 1,586,61,411,175,127,8,17,60,97,71,418
4703,29/07/2025,July,3,2025,Midlands,University Hospitals Birmingham NHS Foundation Trust,Queen Elizabeth Hospital Birmingham,Type 1,431,187,357,74,216,12.6,25,141,80,75,276
4704,29/07/2025,July,3,2025,Yorkshire and Humber,Leeds Teaching Hospitals NHS Trust,Leeds General Infirmary,Type 1,304,77,215,89,246,12.8,2,135,286,62,44
4705,29/07/2025,July,3,2025,South East,Oxford University Hospitals NHS Foundation Trust,John Radcliffe Hospital,Type 1,252,169,151,101,255,14.7,9,73,79,11,162
4706,30/07/2025,July,3,2025,North West,Liverpool University Hospitals NHS Foundation Trust,Royal Liverpool University Hospital,Type 1,527,109,362,165,200,6.3,10,175,92,69,366
4707,30/07/2025,July,3,2025,London,Guy's and St Thomas' NHS Foundation Trust,St Thomas' Hospital,Type 1,348,75,346,2,228,14.1,13,212,118,78,152
4708,30/07/2025,July,3,2025,Midlands,University Hospitals Birmingham NHS Foundation Trust,Queen Elizabeth Hospital Birmingham,Type 1,580,85,500,80,123,6.4,19,169,155,50,375
4709,30/07/2025,July,3,2025,Yorkshire and Humber,Leeds Teaching Hospitals NHS Trust,Leeds General Infirmary,Type 1,483,153,404,79,220,7.9,7,98,153,75,255
4710,30/07/2025,July,3,2025,South East,Oxford University Hospitals NHS Foundation Trust,John Radcliffe Hospital,Type 1,450,162,389,61,230,6.4,22,54,208,37,205
4711,31/07/2025,July,3,2025,North West,Liverpool University Hospitals NHS Foundation Trust,Royal Liverpool University Hospital,Type 1,463,119,284,179,234,9.8,19,71,156,60,247
4712,31/07/2025,July,3,2025,London,Guy's and St Thomas' NHS Foundation Trust,St Thomas' Hospital,Type 1,689,88,523,166,247,5.7,0,183,289,40,360
4713,31/07/2025,July,3,2025,Midlands,University Hospitals Birmingham NHS Foundation Trust,Queen Elizabeth Hospital Birmingham,Type 1,272,154,194,78,234,4.5,18,115,263,26,17
4714,31/07/2025,July,3,2025,Yorkshire and Humber,Leeds Teaching Hospitals NHS Trust,Leeds General Infirmary,Type 1,693,158,588,105,269,13.1,19,73,70,56,567
4715,31/07/2025,July,3,2025,South East,Oxford University Hospitals NHS Foundation Trust,John Radcliffe Hospital,Type 1,271,53,177,94,303,13.1,2,217,132,66,73
4716,01/08/2025,August,3,2025,North West,Liverpool University Hospitals NHS Foundation Trust,Royal Liverpool University Hospital,Type 1,462,123,408,54,197,8.9,0,155,214,80,168
4717,01/08/2025,August,3,2025,London,Guy's and St Thomas' NHS Foundation Trust,St Thomas' Hospital,Type 1,540,113,474,66,272,8.2,8,64,180,78,282
4718,01/08/2025,August,3,2025,Midlands,University Hospitals Birmingham NHS Foundation Trust,Queen Elizabeth Hospital Birmingham,Type 1,292,134,279,13,122,13.8,5,200,166,19,107
4719,01/08/2025,August,3,2025,Yorkshire and Humber,Leeds Teaching Hospitals NHS Trust,Leeds General Infirmary,Type 1,620,89,540,80,270,7.9,5,142,94,47,479
4720,01/08/2025,August,3,2025,South East,Oxford University Hospitals NHS Foundation Trust,John Radcliffe Hospital,Type 1,564,161,344,220,152,12.7,20,50,69,32,463
4721,02/08/2025,August,3,2025,North West,Liverpool University Hospitals NHS Foundation Trust,Royal Liverpool University Hospital,Type 1,526,92,354,172,203,6.6,24,198,204,37,285
4722,02/08/2025,August,3,2025,London,Guy's and St Thomas' NHS Foundation Trust,St Thomas' Hospital,Type 1,331,140,232,99,117,14.4,17,181,129,42,160
4723,02/08/2025,August,3,2025,Midlands,University Hospitals Birmingham NHS Foundation Trust,Queen Elizabeth Hospital Birmingham,Type 1,458,84,359,99,287,12.6,12,218,286,45,127
4724,02/08/2025,August,3,2025,Yorkshire and Humber,Leeds Teaching Hospitals NHS Trust,Leeds General Infirmary,Type 1,690,82,508,182,249,5.5,4,51,259,69,362
4725,02/08/2025,August,3,2025,South East,Oxford University Hospitals NHS Foundation Trust,John Radcliffe Hospital,Type 1,635,91,548,87,154,8.3,10,140,94,74,467
4726,03/08/2025,August,3,2025,North West,Liverpool University Hospitals NHS Foundation Trust,Royal Liverpool University Hospital,Type 1,413,138,413,0,303,12.5,4,213,85,56,272
4727,03/08/2025,August,3,2025,London,Guy's and St Thomas' NHS Foundation Trust,St Thomas' Hospital,Type 1,501,81,318,183,307,8.1,6,178,162,14,325
4728,03/08/2025,August,3,2025,Midlands,University Hospitals Birmingham NHS Foundation Trust,Queen Elizabeth Hospital Birmingham,Type 1,361,187,254,107,220,4.9,4,195,193,25,143
4729,03/08/2025,August,3,2025,Yorkshire and Humber,Leeds Teaching Hospitals NHS Trust,Leeds General Infirmary,Type 1,383,91,287,96,175,8,8,185,230,43,110
4730,03/08/2025,August,3,2025,South East,Oxford University Hospitals NHS Foundation Trust,John Radcliffe Hospital,Type 1,381,195,342,39,164,13.5,10,107,165,33,183
4731,04/08/2025,August,3,2025,North West,Liverpool University Hospitals NHS Foundation Trust,Royal Liverpool University Hospital,Type 1,441,54,316,125,242,8.9,0,185,74,34,333
4732,04/08/2025,August,3,2025,London,Guy's and St Thomas' NHS Foundation Trust,St Thomas' Hospital,Type 1,481,69,292,189,238,12.6,13,94,191,55,235
4733,04/08/2025,August,3,2025,Midlands,University Hospitals Birmingham NHS Foundation Trust,Queen Elizabeth Hospital Birmingham,Type 1,430,155,419,11,317,7.7,22,60,67,65,298
4734,04/08/2025,August,3,2025,Yorkshire and Humber,Leeds Teaching Hospitals NHS Trust,Leeds General Infirmary,Type 1,397,110,293,104,239,6.7,4,142,256,26,115
4735,04/08/2025,August,3,2025,South East,Oxford University Hospitals NHS Foundation Trust,John Radcliffe Hospital,Type 1,299,86,189,110,284,10,21,44,138,16,145
4736,05/08/2025,August,3,2025,North West,Liverpool University Hospitals NHS Foundation Trust,Royal Liverpool University Hospital,Type 1,541,104,403,138,129,15.5,7,156,91,28,422
4737,05/08/2025,August,3,2025,London,Guy's and St Thomas' NHS Foundation Trust,St Thomas' Hospital,Type 1,330,121,308,22,102,4.6,14,116,171,19,140
4738,05/08/2025,August,3,2025,Midlands,University Hospitals Birmingham NHS Foundation Trust,Queen Elizabeth Hospital Birmingham,Type 1,684,141,628,56,142,8,8,82,109,44,531
4739,05/08/2025,August,3,2025,Yorkshire and Humber,Leeds Teaching Hospitals NHS Trust,Leeds General Infirmary,Type 1,448,75,374,74,254,10.6,25,159,218,42,188
4740,05/08/2025,August,3,2025,South East,Oxford University Hospitals NHS Foundation Trust,John Radcliffe Hospital,Type 1,384,194,375,9,168,14.3,9,80,139,70,175
4741,06/08/2025,August,3,2025,North West,Liverpool University Hospitals NHS Foundation Trust,Royal Liverpool University Hospital,Type 1,397,197,256,141,130,10.6,25,111,211,77,109
4742,06/08/2025,August,3,2025,London,Guy's and St Thomas' NHS Foundation Trust,St Thomas' Hospital,Type 1,651,109,437,214,90,8.7,2,40,241,40,370
4743,06/08/2025,August,3,2025,Midlands,University Hospitals Birmingham NHS Foundation Trust,Queen Elizabeth Hospital Birmingham,Type 1,470,72,412,58,209,8.3,15,139,102,16,352
4744,06/08/2025,August,3,2025,Yorkshire and Humber,Leeds Teaching Hospitals NHS Trust,Leeds General Infirmary,Type 1,545,116,442,103,164,10.3,6,57,273,29,243
4745,06/08/2025,August,3,2025,South East,Oxford University Hospitals NHS Foundation Trust,John Radcliffe Hospital,Type 1,667,53,586,81,130,5.7,10,212,214,15,438
4746,07/08/2025,August,3,2025,North West,Liverpool University Hospitals NHS Foundation Trust,Royal Liverpool University Hospital,Type 1,419,124,417,2,135,7.4,18,145,246,38,135
4747,07/08/2025,August,3,2025,London,Guy's and St Thomas' NHS Foundation Trust,St Thomas' Hospital,Type 1,277,69,175,102,120,5.3,24,122,107,30,140
4748,07/08/2025,August,3,2025,Midlands,University Hospitals Birmingham NHS Foundation Trust,Queen Elizabeth Hospital Birmingham,Type 1,522,112,402,120,121,5.8,3,175,178,28,316
4749,07/08/2025,August,3,2025,Yorkshire and Humber,Leeds Teaching Hospitals NHS Trust,Leeds General Infirmary,Type 1,355,117,329,26,196,6.8,5,73,57,35,263
4750,07/08/2025,August,3,2025,South East,Oxford University Hospitals NHS Foundation Trust,John Radcliffe Hospital,Type 1,464,82,337,127,132,15.1,24,44,151,60,253
4751,08/08/2025,August,3,2025,North West,Liverpool University Hospitals NHS Foundation Trust,Royal Liverpool University Hospital,Type 1,521,128,363,158,144,5.7,0,170,54,79,388
4752,08/08/2025,August,3,2025,London,Guy's and St Thomas' NHS Foundation Trust,St Thomas' Hospital,Type 1,614,70,598,16,220,5.7,25,46,108,58,448
4753,08/08/2025,August,3,2025,Midlands,University Hospitals Birmingham NHS Foundation Trust,Queen Elizabeth Hospital Birmingham,Type 1,613,64,471,142,283,10.9,25,48,161,62,390
4754,08/08/2025,August,3,2025,Yorkshire and Humber,Leeds Teaching Hospitals NHS Trust,Leeds General Infirmary,Type 1,445,129,402,43,197,4,7,65,288,72,85
4755,08/08/2025,August,3,2025,South East,Oxford University Hospitals NHS Foundation Trust,John Radcliffe Hospital,Type 1,251,191,216,35,157,12.5,21,116,190,71,10
4756,09/08/2025,August,3,2025,North West,Liverpool University Hospitals NHS Foundation Trust,Royal Liverpool University Hospital,Type 1,606,97,385,221,133,13,6,114,108,23,475
4757,09/08/2025,August,3,2025,London,Guy's and St Thomas' NHS Foundation Trust,St Thomas' Hospital,Type 1,416,84,306,110,127,13.5,19,59,123,29,264
4758,09/08/2025,August,3,2025,Midlands,University Hospitals Birmingham NHS Foundation Trust,Queen Elizabeth Hospital Birmingham,Type 1,484,171,342,142,137,9.8,16,89,256,78,150
4759,09/08/2025,August,3,2025,Yorkshire and Humber,Leeds Teaching Hospitals NHS Trust,Leeds General Infirmary,Type 1,299,150,190,109,206,6.1,20,94,120,42,137
4760,09/08/2025,August,3,2025,South East,Oxford University Hospitals NHS Foundation Trust,John Radcliffe Hospital,Type 1,674,74,617,57,211,4.3,24,173,183,30,461
4761,10/08/2025,August,3,2025,North West,Liverpool University Hospitals NHS Foundation Trust,Royal Liverpool University Hospital,Type 1,668,156,483,185,221,14.4,19,165,167,74,427
4762,10/08/2025,August,3,2025,London,Guy's and St Thomas' NHS Foundation Trust,St Thomas' Hospital,Type 1,493,197,490,3,303,14.9,9,63,138,58,297
4763,10/08/2025,August,3,2025,Midlands,University Hospitals Birmingham NHS Foundation Trust,Queen Elizabeth Hospital Birmingham,Type 1,430,69,274,156,215,13.8,15,164,125,30,275
4764,10/08/2025,August,3,2025,Yorkshire and Humber,Leeds Teaching Hospitals NHS Trust,Leeds General Infirmary,Type 1,516,172,338,178,172,10.2,23,111,111,23,382
4765,10/08/2025,August,3,2025,South East,Oxford University Hospitals NHS Foundation Trust,John Radcliffe Hospital,Type 1,629,155,627,2,201,13.8,0,202,155,75,399
4766,11/08/2025,August,3,2025,North West,Liverpool University Hospitals NHS Foundation Trust,Royal Liverpool University Hospital,Type 1,525,68,321,204,127,6.9,20,47,123,30,372
4767,11/08/2025,August,3,2025,London,Guy's and St Thomas' NHS Foundation Trust,St Thomas' Hospital,Type 1,633,185,450,183,185,9.1,9,149,133,23,477
4768,11/08/2025,August,3,2025,Midlands,University Hospitals Birmingham NHS Foundation Trust,Queen Elizabeth Hospital Birmingham,Type 1,645,181,587,58,258,4.9,9,188,221,17,407
4769,11/08/2025,August,3,2025,Yorkshire and Humber,Leeds Teaching Hospitals NHS Trust,Leeds General Infirmary,Type 1,691,134,670,21,122,7.2,3,99,144,34,513
4770,11/08/2025,August,3,2025,South East,Oxford University Hospitals NHS Foundation Trust,John Radcliffe Hospital,Type 1,345,166,256,89,133,15,16,89,173,10,162
4771,12/08/2025,August,3,2025,North West,Liverpool University Hospitals NHS Foundation Trust,Royal Liverpool University Hospital,Type 1,269,90,183,86,257,13.3,16,50,150,67,52
4772,12/08/2025,August,3,2025,London,Guy's and St Thomas' NHS Foundation Trust,St Thomas' Hospital,Type 1,315,66,205,110,210,5.9,20,202,180,24,111
4773,12/08/2025,August,3,2025,Midlands,University Hospitals Birmingham NHS Foundation Trust,Queen Elizabeth Hospital Birmingham,Type 1,287,110,251,36,169,6.8,5,82,138,50,99
4774,12/08/2025,August,3,2025,Yorkshire and Humber,Leeds Teaching Hospitals NHS Trust,Leeds General Infirmary,Type 1,635,146,517,118,139,10.2,10,128,226,80,329
4775,12/08/2025,August,3,2025,South East,Oxford University Hospitals NHS Foundation Trust,John Radcliffe Hospital,Type 1,424,98,290,134,316,5.5,10,71,92,66,266
4776,13/08/2025,August,3,2025,North West,Liverpool University Hospitals NHS Foundation Trust,Royal Liverpool University Hospital,Type 1,461,83,416,45,219,12.5,10,52,127,39,295
4777,13/08/2025,August,3,2025,London,Guy's and St Thomas' NHS Foundation Trust,St Thomas' Hospital,Type 1,422,142,328,94,186,13.1,3,202,278,69,75
4778,13/08/2025,August,3,2025,Midlands,University Hospitals Birmingham NHS Foundation Trust,Queen Elizabeth Hospital Birmingham,Type 1,302,122,224,78,208,5,16,106,52,45,205
4779,13/08/2025,August,3,2025,Yorkshire and Humber,Leeds Teaching Hospitals NHS Trust,Leeds General Infirmary,Type 1,357,108,316,41,252,9.6,8,131,220,73,64
4780,13/08/2025,August,3,2025,South East,Oxford University Hospitals NHS Foundation Trust,John Radcliffe Hospital,Type 1,581,132,376,205,204,14.2,4,55,120,33,428
4781,14/08/2025,August,3,2025,North West,Liverpool University Hospitals NHS Foundation Trust,Royal Liverpool University Hospital,Type 1,678,189,614,64,181,6.4,24,131,83,46,549
4782,14/08/2025,August,3,2025,London,Guy's and St Thomas' NHS Foundation Trust,St Thomas' Hospital,Type 1,583,80,550,33,188,13.3,21,73,295,74,214
4783,14/08/2025,August,3,2025,Midlands,University Hospitals Birmingham NHS Foundation Trust,Queen Elizabeth Hospital Birmingham,Type 1,282,197,212,70,136,10.6,8,198,219,53,10
4784,14/08/2025,August,3,2025,Yorkshire and Humber,Leeds Teaching Hospitals NHS Trust,Leeds General Infirmary,Type 1,700,103,680,20,319,13.5,9,119,66,60,574
4785,14/08/2025,August,3,2025,South East,Oxford University Hospitals NHS Foundation Trust,John Radcliffe Hospital,Type 1,499,197,472,27,154,6,10,103,123,15,361
4786,15/08/2025,August,3,2025,North West,Liverpool University Hospitals NHS Foundation Trust,Royal Liverpool University Hospital,Type 1,488,147,373,115,178,9.9,1,168,297,79,112
4787,15/08/2025,August,3,2025,London,Guy's and St Thomas' NHS Foundation Trust,St Thomas' Hospital,Type 1,557,61,389,168,222,7.2,16,80,246,39,272
4788,15/08/2025,August,3,2025,Midlands,University Hospitals Birmingham NHS Foundation Trust,Queen Elizabeth Hospital Birmingham,Type 1,611,123,509,102,173,13.3,17,109,293,46,272
4789,15/08/2025,August,3,2025,Yorkshire and Humber,Leeds Teaching Hospitals NHS Trust,Leeds General Infirmary,Type 1,393,87,261,132,210,7.2,25,185,107,15,271
4790,15/08/2025,August,3,2025,South East,Oxford University Hospitals NHS Foundation Trust,John Radcliffe Hospital,Type 1,253,172,249,4,107,5.9,16,166,234,72,53
4791,16/08/2025,August,3,2025,North West,Liverpool University Hospitals NHS Foundation Trust,Royal Liverpool University Hospital,Type 1,253,150,243,10,285,6.8,12,82,223,36,6
4792,16/08/2025,August,3,2025,London,Guy's and St Thomas' NHS Foundation Trust,St Thomas' Hospital,Type 1,347,61,322,25,246,6.5,14,129,251,70,26
4793,16/08/2025,August,3,2025,Midlands,University Hospitals Birmingham NHS Foundation Trust,Queen Elizabeth Hospital Birmingham,Type 1,671,136,452,219,95,8.3,2,40,64,55,552
4794,16/08/2025,August,3,2025,Yorkshire and Humber,Leeds Teaching Hospitals NHS Trust,Leeds General Infirmary,Type 1,331,194,310,21,269,14.5,17,128,256,27,48
4795,16/08/2025,August,3,2025,South East,Oxford University Hospitals NHS Foundation Trust,John Radcliffe Hospital,Type 1,656,184,513,143,203,4.2,23,47,139,20,497
4796,17/08/2025,August,3,2025,North West,Liverpool University Hospitals NHS Foundation Trust,Royal Liverpool University Hospital,Type 1,485,172,443,42,98,8.7,18,72,132,60,293
4797,17/08/2025,August,3,2025,London,Guy's and St Thomas' NHS Foundation Trust,St Thomas' Hospital,Type 1,293,135,242,51,244,7.2,6,40,133,22,138
4798,17/08/2025,August,3,2025,Midlands,University Hospitals Birmingham NHS Foundation Trust,Queen Elizabeth Hospital Birmingham,Type 1,573,134,453,120,284,6.2,8,104,208,77,288
4799,17/08/2025,August,3,2025,Yorkshire and Humber,Leeds Teaching Hospitals NHS Trust,Leeds General Infirmary,Type 1,641,103,523,118,213,13.3,4,180,179,36,426
4800,17/08/2025,August,3,2025,South East,Oxford University Hospitals NHS Foundation Trust,John Radcliffe Hospital,Type 1,345,134,295,50,103,4.2,22,123,150,71,124
4801,18/08/2025,August,3,2025,North West,Liverpool University Hospitals NHS Foundation Trust,Royal Liverpool University Hospital,Type 1,676,182,527,149,320,10.4,19,71,294,67,315
4802,18/08/2025,August,3,2025,London,Guy's and St Thomas' NHS Foundation Trust,St Thomas' Hospital,Type 1,325,55,242,83,284,4.4,12,99,144,59,122
4803,18/08/2025,August,3,2025,Midlands,University Hospitals Birmingham NHS Foundation Trust,Queen Elizabeth Hospital Birmingham,Type 1,470,147,396,74,165,11.1,4,198,107,26,337
4804,18/08/2025,August,3,2025,Yorkshire and Humber,Leeds Teaching Hospitals NHS Trust,Leeds General Infirmary,Type 1,541,187,444,97,236,9.9,10,70,103,31,407
4805,18/08/2025,August,3,2025,South East,Oxford University Hospitals NHS Foundation Trust,John Radcliffe Hospital,Type 1,289,183,208,81,148,8.3,23,149,73,36,180
4806,19/08/2025,August,3,2025,North West,Liverpool University Hospitals NHS Foundation Trust,Royal Liverpool University Hospital,Type 1,490,123,444,46,300,4.5,23,45,208,41,241
4807,19/08/2025,August,3,2025,London,Guy's and St Thomas' NHS Foundation Trust,St Thomas' Hospital,Type 1,364,66,233,131,131,10.5,0,135,124,17,223
4808,19/08/2025,August,3,2025,Midlands,University Hospitals Birmingham NHS Foundation Trust,Queen Elizabeth Hospital Birmingham,Type 1,567,175,355,212,159,9.7,24,63,224,53,290
4809,19/08/2025,August,3,2025,Yorkshire and Humber,Leeds Teaching Hospitals NHS Trust,Leeds General Infirmary,Type 1,596,58,585,11,189,10.2,15,135,138,29,429
4810,19/08/2025,August,3,2025,South East,Oxford University Hospitals NHS Foundation Trust,John Radcliffe Hospital,Type 1,627,148,512,115,224,8.8,5,76,98,69,460
4811,20/08/2025,August,3,2025,North West,Liverpool University Hospitals NHS Foundation Trust,Royal Liverpool University Hospital,Type 1,436,130,320,116,168,13.2,9,153,167,71,198
4812,20/08/2025,August,3,2025,London,Guy's and St Thomas' NHS Foundation Trust,St Thomas' Hospital,Type 1,520,90,366,154,298,8.3,11,50,78,40,402
4813,20/08/2025,August,3,2025,Midlands,University Hospitals Birmingham NHS Foundation Trust,Queen Elizabeth Hospital Birmingham,Type 1,397,149,250,147,218,14.6,15,167,56,16,325
4814,20/08/2025,August,3,2025,Yorkshire and Humber,Leeds Teaching Hospitals NHS Trust,Leeds General Infirmary,Type 1,352,171,271,81,143,6.9,23,55,130,34,188
4815,20/08/2025,August,3,2025,South East,Oxford University Hospitals NHS Foundation Trust,John Radcliffe Hospital,Type 1,659,55,415,244,277,12.8,9,80,150,33,476
4816,21/08/2025,August,3,2025,North West,Liverpool University Hospitals NHS Foundation Trust,Royal Liverpool University Hospital,Type 1,278,180,251,27,205,13.5,23,83,57,22,199
4817,21/08/2025,August,3,2025,London,Guy's and St Thomas' NHS Foundation Trust,St Thomas' Hospital,Type 1,272,67,261,11,218,13.3,6,220,102,33,137
4818,21/08/2025,August,3,2025,Midlands,University Hospitals Birmingham NHS Foundation Trust,Queen Elizabeth Hospital Birmingham,Type 1,420,154,391,29,137,10.1,1,80,292,24,104
4819,21/08/2025,August,3,2025,Yorkshire and Humber,Leeds Teaching Hospitals NHS Trust,Leeds General Infirmary,Type 1,365,87,291,74,134,11.2,8,215,252,15,98
4820,21/08/2025,August,3,2025,South East,Oxford University Hospitals NHS Foundation Trust,John Radcliffe Hospital,Type 1,455,81,419,36,241,11.2,5,58,299,34,122
4821,22/08/2025,August,3,2025,North West,Liverpool University Hospitals NHS Foundation Trust,Royal Liverpool University Hospital,Type 1,572,62,403,169,210,5.7,25,137,96,37,439
4822,22/08/2025,August,3,2025,London,Guy's and St Thomas' NHS Foundation Trust,St Thomas' Hospital,Type 1,605,51,544,61,99,6,22,187,73,53,479
4823,22/08/2025,August,3,2025,Midlands,University Hospitals Birmingham NHS Foundation Trust,Queen Elizabeth Hospital Birmingham,Type 1,279,119,181,98,161,6.6,22,172,148,74,57
4824,22/08/2025,August,3,2025,Yorkshire and Humber,Leeds Teaching Hospitals NHS Trust,Leeds General Infirmary,Type 1,546,61,476,70,179,4.6,4,54,210,65,271
4825,22/08/2025,August,3,2025,South East,Oxford University Hospitals NHS Foundation Trust,John Radcliffe Hospital,Type 1,291,189,179,112,207,6.6,11,67,239,35,17
4826,23/08/2025,August,3,2025,North West,Liverpool University Hospitals NHS Foundation Trust,Royal Liverpool University Hospital,Type 1,680,143,643,37,194,5,12,160,239,76,365
4827,23/08/2025,August,3,2025,London,Guy's and St Thomas' NHS Foundation Trust,St Thomas' Hospital,Type 1,363,137,344,19,93,5.5,24,59,287,10,66
4828,23/08/2025,August,3,2025,Midlands,University Hospitals Birmingham NHS Foundation Trust,Queen Elizabeth Hospital Birmingham,Type 1,575,72,403,172,273,4.3,24,163,177,71,327
4829,23/08/2025,August,3,2025,Yorkshire and Humber,Leeds Teaching Hospitals NHS Trust,Leeds General Infirmary,Type 1,689,168,487,202,272,6.6,0,46,158,42,489
4830,23/08/2025,August,3,2025,South East,Oxford University Hospitals NHS Foundation Trust,John Radcliffe Hospital,Type 1,479,139,323,156,94,5.4,19,136,89,25,365
4831,24/08/2025,August,3,2025,North West,Liverpool University Hospitals NHS Foundation Trust,Royal Liverpool University Hospital,Type 1,485,152,356,129,137,14.5,25,160,200,65,220
4832,24/08/2025,August,3,2025,London,Guy's and St Thomas' NHS Foundation Trust,St Thomas' Hospital,Type 1,259,85,170,89,134,12.5,14,213,126,16,117
4833,24/08/2025,August,3,2025,Midlands,University Hospitals Birmingham NHS Foundation Trust,Queen Elizabeth Hospital Birmingham,Type 1,430,60,379,51,128,11.8,24,185,243,19,168
4834,24/08/2025,August,3,2025,Yorkshire and Humber,Leeds Teaching Hospitals NHS Trust,Leeds General Infirmary,Type 1,625,193,424,201,127,15.8,21,220,134,43,448
4835,24/08/2025,August,3,2025,South East,Oxford University Hospitals NHS Foundation Trust,John Radcliffe Hospital,Type 1,486,130,427,59,121,15.7,19,123,108,34,344
4836,25/08/2025,August,3,2025,North West,Liverpool University Hospitals NHS Foundation Trust,Royal Liverpool University Hospital,Type 1,262,79,160,102,195,12.7,16,72,150,68,44
4837,25/08/2025,August,3,2025,London,Guy's and St Thomas' NHS Foundation Trust,St Thomas' Hospital,Type 1,302,100,257,45,174,10.1,0,53,266,45,9
4838,25/08/2025,August,3,2025,Midlands,University Hospitals Birmingham NHS Foundation Trust,Queen Elizabeth Hospital Birmingham,Type 1,318,50,221,97,192,6.3,16,217,58,17,243
4839,25/08/2025,August,3,2025,Yorkshire and Humber,Leeds Teaching Hospitals NHS Trust,Leeds General Infirmary,Type 1,427,129,423,4,102,10.5,1,122,155,67,205
4840,25/08/2025,August,3,2025,South East,Oxford University Hospitals NHS Foundation Trust,John Radcliffe Hospital,Type 1,450,164,341,109,295,7.4,20,58,73,80,297
4841,26/08/2025,August,3,2025,North West,Liverpool University Hospitals NHS Foundation Trust,Royal Liverpool University Hospital,Type 1,472,101,324,148,152,15,18,106,55,49,368
4842,26/08/2025,August,3,2025,London,Guy's and St Thomas' NHS Foundation Trust,St Thomas' Hospital,Type 1,396,198,311,85,260,11.2,10,139,224,43,129
4843,26/08/2025,August,3,2025,Midlands,University Hospitals Birmingham NHS Foundation Trust,Queen Elizabeth Hospital Birmingham,Type 1,370,172,232,138,303,9.5,21,47,184,75,111
4844,26/08/2025,August,3,2025,Yorkshire and Humber,Leeds Teaching Hospitals NHS Trust,Leeds General Infirmary,Type 1,402,199,357,45,174,11.8,12,85,266,57,79
4845,26/08/2025,August,3,2025,South East,Oxford University Hospitals NHS Foundation Trust,John Radcliffe Hospital,Type 1,256,108,190,66,172,11.2,12,173,192,21,43
4846,27/08/2025,August,3,2025,North West,Liverpool University Hospitals NHS Foundation Trust,Royal Liverpool University Hospital,Type 1,266,141,214,52,206,15.2,5,139,264,50,48
4847,27/08/2025,August,3,2025,London,Guy's and St Thomas' NHS Foundation Trust,St Thomas' Hospital,Type 1,410,132,248,162,132,8.9,20,81,182,43,185
4848,27/08/2025,August,3,2025,Midlands,University Hospitals Birmingham NHS Foundation Trust,Queen Elizabeth Hospital Birmingham,Type 1,577,193,370,207,159,4,18,47,184,11,382
4849,27/08/2025,August,3,2025,Yorkshire and Humber,Leeds Teaching Hospitals NHS Trust,Leeds General Infirmary,Type 1,606,116,434,172,270,12.2,18,190,175,73,358
4850,27/08/2025,August,3,2025,South East,Oxford University Hospitals NHS Foundation Trust,John Radcliffe Hospital,Type 1,358,177,327,31,316,8.7,5,116,259,57,42
4851,28/08/2025,August,3,2025,North West,Liverpool University Hospitals NHS Foundation Trust,Royal Liverpool University Hospital,Type 1,394,67,298,96,274,6.4,20,182,173,53,168
4852,28/08/2025,August,3,2025,London,Guy's and St Thomas' NHS Foundation Trust,St Thomas' Hospital,Type 1,616,183,458,158,317,12.9,6,184,165,78,373
4853,28/08/2025,August,3,2025,Midlands,University Hospitals Birmingham NHS Foundation Trust,Queen Elizabeth Hospital Birmingham,Type 1,489,95,403,86,96,5.8,18,176,169,79,241
4854,28/08/2025,August,3,2025,Yorkshire and Humber,Leeds Teaching Hospitals NHS Trust,Leeds General Infirmary,Type 1,371,121,240,131,244,7.9,6,141,229,58,84
4855,28/08/2025,August,3,2025,South East,Oxford University Hospitals NHS Foundation Trust,John Radcliffe Hospital,Type 1,300,122,271,29,165,12,4,88,247,12,41
4856,29/08/2025,August,3,2025,North West,Liverpool University Hospitals NHS Foundation Trust,Royal Liverpool University Hospital,Type 1,663,156,517,146,126,14.5,21,217,86,41,536
4857,29/08/2025,August,3,2025,London,Guy's and St Thomas' NHS Foundation Trust,St Thomas' Hospital,Type 1,543,161,496,47,138,7.2,17,120,62,16,465
4858,29/08/2025,August,3,2025,Midlands,University Hospitals Birmingham NHS Foundation Trust,Queen Elizabeth Hospital Birmingham,Type 1,416,66,406,10,114,4.5,7,98,170,34,212
4859,29/08/2025,August,3,2025,Yorkshire and Humber,Leeds Teaching Hospitals NHS Trust,Leeds General Infirmary,Type 1,611,122,526,85,226,7.2,15,184,247,34,330
4860,29/08/2025,August,3,2025,South East,Oxford University Hospitals NHS Foundation Trust,John Radcliffe Hospital,Type 1,564,163,383,181,157,5.1,4,57,264,37,263
4861,30/08/2025,August,3,2025,North West,Liverpool University Hospitals NHS Foundation Trust,Royal Liverpool University Hospital,Type 1,611,100,498,113,130,5.2,19,156,208,41,362
4862,30/08/2025,August,3,2025,London,Guy's and St Thomas' NHS Foundation Trust,St Thomas' Hospital,Type 1,363,125,312,51,175,15.8,14,209,200,58,105
4863,30/08/2025,August,3,2025,Midlands,University Hospitals Birmingham NHS Foundation Trust,Queen Elizabeth Hospital Birmingham,Type 1,290,123,259,31,155,8.9,16,188,200,63,27
4864,30/08/2025,August,3,2025,Yorkshire and Humber,Leeds Teaching Hospitals NHS Trust,Leeds General Infirmary,Type 1,401,98,345,56,246,12.1,2,156,83,64,254
4865,30/08/2025,August,3,2025,South East,Oxford University Hospitals NHS Foundation Trust,John Radcliffe Hospital,Type 1,424,132,291,133,190,10.9,12,163,96,49,279
4866,31/08/2025,August,3,2025,North West,Liverpool University Hospitals NHS Foundation Trust,Royal Liverpool University Hospital,Type 1,556,53,468,88,174,13.3,12,113,61,35,460
4867,31/08/2025,August,3,2025,London,Guy's and St Thomas' NHS Foundation Trust,St Thomas' Hospital,Type 1,565,62,421,144,206,9,12,123,261,34,270
4868,31/08/2025,August,3,2025,Midlands,University Hospitals Birmingham NHS Foundation Trust,Queen Elizabeth Hospital Birmingham,Type 1,590,148,545,45,196,13.1,10,84,231,23,336
4869,31/08/2025,August,3,2025,Yorkshire and Humber,Leeds Teaching Hospitals NHS Trust,Leeds General Infirmary,Type 1,383,119,274,109,206,6.4,6,154,195,69,119
4870,31/08/2025,August,3,2025,South East,Oxford University Hospitals NHS Foundation Trust,John Radcliffe Hospital,Type 1,479,76,368,111,180,6.4,20,170,227,76,176
4871,01/09/2025,September,3,2025,North West,Liverpool University Hospitals NHS Foundation Trust,Royal Liverpool University Hospital,Type 1,373,169,253,120,257,9.6,19,158,260,56,57
4872,01/09/2025,September,3,2025,London,Guy's and St Thomas' NHS Foundation Trust,St Thomas' Hospital,Type 1,493,188,441,52,229,4.5,22,75,187,69,237
4873,01/09/2025,September,3,2025,Midlands,University Hospitals Birmingham NHS Foundation Trust,Queen Elizabeth Hospital Birmingham,Type 1,698,67,599,99,265,7.1,13,180,54,69,575
4874,01/09/2025,September,3,2025,Yorkshire and Humber,Leeds Teaching Hospitals NHS Trust,Leeds General Infirmary,Type 1,376,199,357,19,282,6.2,11,71,299,19,58
4875,01/09/2025,September,3,2025,South East,Oxford University Hospitals NHS Foundation Trust,John Radcliffe Hospital,Type 1,536,200,332,204,190,11.7,14,215,65,16,455
4876,02/09/2025,September,3,2025,North West,Liverpool University Hospitals NHS Foundation Trust,Royal Liverpool University Hospital,Type 1,263,82,198,65,237,14.8,6,121,120,14,129
4877,02/09/2025,September,3,2025,London,Guy's and St Thomas' NHS Foundation Trust,St Thomas' Hospital,Type 1,675,53,584,91,95,10.8,14,205,215,29,431
4878,02/09/2025,September,3,2025,Midlands,University Hospitals Birmingham NHS Foundation Trust,Queen Elizabeth Hospital Birmingham,Type 1,508,97,310,198,195,4.4,5,53,292,60,156
4879,02/09/2025,September,3,2025,Yorkshire and Humber,Leeds Teaching Hospitals NHS Trust,Leeds General Infirmary,Type 1,415,63,281,134,121,5.9,18,192,57,16,342
4880,02/09/2025,September,3,2025,South East,Oxford University Hospitals NHS Foundation Trust,John Radcliffe Hospital,Type 1,695,92,579,116,218,7.6,10,91,266,56,373
4881,03/09/2025,September,3,2025,North West,Liverpool University Hospitals NHS Foundation Trust,Royal Liverpool University Hospital,Type 1,603,63,597,6,157,14.6,9,107,106,23,474
4882,03/09/2025,September,3,2025,London,Guy's and St Thomas' NHS Foundation Trust,St Thomas' Hospital,Type 1,371,191,313,58,267,11,9,178,139,60,172
4883,03/09/2025,September,3,2025,Midlands,University Hospitals Birmingham NHS Foundation Trust,Queen Elizabeth Hospital Birmingham,Type 1,486,187,344,142,166,7,7,69,255,42,189
4884,03/09/2025,September,3,2025,Yorkshire and Humber,Leeds Teaching Hospitals NHS Trust,Leeds General Infirmary,Type 1,680,143,532,148,189,10.8,18,133,179,45,456
4885,03/09/2025,September,3,2025,South East,Oxford University Hospitals NHS Foundation Trust,John Radcliffe Hospital,Type 1,391,157,321,70,97,13.9,18,209,190,67,134
4886,04/09/2025,September,3,2025,North West,Liverpool University Hospitals NHS Foundation Trust,Royal Liverpool University Hospital,Type 1,369,97,350,19,190,7.6,21,89,178,35,156
4887,04/09/2025,September,3,2025,London,Guy's and St Thomas' NHS Foundation Trust,St Thomas' Hospital,Type 1,386,123,372,14,156,5.7,12,214,172,57,157
4888,04/09/2025,September,3,2025,Midlands,University Hospitals Birmingham NHS Foundation Trust,Queen Elizabeth Hospital Birmingham,Type 1,598,195,468,130,190,10.1,4,41,54,28,516
4889,04/09/2025,September,3,2025,Yorkshire and Humber,Leeds Teaching Hospitals NHS Trust,Leeds General Infirmary,Type 1,455,66,337,118,116,11.7,10,77,193,44,218
4890,04/09/2025,September,3,2025,South East,Oxford University Hospitals NHS Foundation Trust,John Radcliffe Hospital,Type 1,396,108,392,4,227,11.9,9,59,102,78,216
4891,05/09/2025,September,3,2025,North West,Liverpool University Hospitals NHS Foundation Trust,Royal Liverpool University Hospital,Type 1,698,88,638,60,212,11.3,8,182,287,70,341
4892,05/09/2025,September,3,2025,London,Guy's and St Thomas' NHS Foundation Trust,St Thomas' Hospital,Type 1,526,92,453,73,172,11.6,19,48,132,33,361
4893,05/09/2025,September,3,2025,Midlands,University Hospitals Birmingham NHS Foundation Trust,Queen Elizabeth Hospital Birmingham,Type 1,573,142,410,163,267,4.2,23,142,174,26,373
4894,05/09/2025,September,3,2025,Yorkshire and Humber,Leeds Teaching Hospitals NHS Trust,Leeds General Infirmary,Type 1,637,163,529,108,296,7.9,16,123,98,76,463
4895,05/09/2025,September,3,2025,South East,Oxford University Hospitals NHS Foundation Trust,John Radcliffe Hospital,Type 1,667,193,441,226,294,5,11,218,106,76,485
4896,06/09/2025,September,3,2025,North West,Liverpool University Hospitals NHS Foundation Trust,Royal Liverpool University Hospital,Type 1,364,128,224,140,151,4.1,11,72,212,48,104
4897,06/09/2025,September,3,2025,London,Guy's and St Thomas' NHS Foundation Trust,St Thomas' Hospital,Type 1,483,124,356,127,270,12.5,24,148,82,64,337
4898,06/09/2025,September,3,2025,Midlands,University Hospitals Birmingham NHS Foundation Trust,Queen Elizabeth Hospital Birmingham,Type 1,654,73,639,15,199,9.7,1,183,282,34,338
4899,06/09/2025,September,3,2025,Yorkshire and Humber,Leeds Teaching Hospitals NHS Trust,Leeds General Infirmary,Type 1,441,135,389,52,189,10,9,84,244,68,129
4900,06/09/2025,September,3,2025,South East,Oxford University Hospitals NHS Foundation Trust,John Radcliffe Hospital,Type 1,435,81,378,57,225,12.9,19,87,237,55,143
4901,07/09/2025,September,3,2025,North West,Liverpool University Hospitals NHS Foundation Trust,Royal Liverpool University Hospital,Type 1,468,111,460,8,103,6.8,21,99,161,74,233
4902,07/09/2025,September,3,2025,London,Guy's and St Thomas' NHS Foundation Trust,St Thomas' Hospital,Type 1,674,107,607,67,192,11.9,3,169,171,10,493
4903,07/09/2025,September,3,2025,Midlands,University Hospitals Birmingham NHS Foundation Trust,Queen Elizabeth Hospital Birmingham,Type 1,632,158,389,243,208,10.5,13,141,294,80,258
4904,07/09/2025,September,3,2025,Yorkshire and Humber,Leeds Teaching Hospitals NHS Trust,Leeds General Infirmary,Type 1,464,178,337,127,135,14.8,2,77,64,36,364
4905,07/09/2025,September,3,2025,South East,Oxford University Hospitals NHS Foundation Trust,John Radcliffe Hospital,Type 1,522,54,421,101,308,12,6,140,163,75,284
4906,08/09/2025,September,3,2025,North West,Liverpool University Hospitals NHS Foundation Trust,Royal Liverpool University Hospital,Type 1,250,76,250,0,316,15,22,46,86,44,120
4907,08/09/2025,September,3,2025,London,Guy's and St Thomas' NHS Foundation Trust,St Thomas' Hospital,Type 1,657,52,617,40,278,15.5,5,211,111,57,489
4908,08/09/2025,September,3,2025,Midlands,University Hospitals Birmingham NHS Foundation Trust,Queen Elizabeth Hospital Birmingham,Type 1,341,69,258,83,99,11.2,9,57,252,53,36
4909,08/09/2025,September,3,2025,Yorkshire and Humber,Leeds Teaching Hospitals NHS Trust,Leeds General Infirmary,Type 1,330,183,263,67,150,6.4,17,54,181,74,75
4910,08/09/2025,September,3,2025,South East,Oxford University Hospitals NHS Foundation Trust,John Radcliffe Hospital,Type 1,282,184,229,53,257,4.6,7,182,136,32,114
4911,09/09/2025,September,3,2025,North West,Liverpool University Hospitals NHS Foundation Trust,Royal Liverpool University Hospital,Type 1,389,64,244,145,159,7.8,21,195,208,69,112
4912,09/09/2025,September,3,2025,London,Guy's and St Thomas' NHS Foundation Trust,St Thomas' Hospital,Type 1,503,185,424,79,131,10.3,23,47,117,31,355
4913,09/09/2025,September,3,2025,Midlands,University Hospitals Birmingham NHS Foundation Trust,Queen Elizabeth Hospital Birmingham,Type 1,314,99,263,51,225,10.5,16,107,161,77,76
4914,09/09/2025,September,3,2025,Yorkshire and Humber,Leeds Teaching Hospitals NHS Trust,Leeds General Infirmary,Type 1,535,132,354,181,307,11.5,19,41,128,80,327
4915,09/09/2025,September,3,2025,South East,Oxford University Hospitals NHS Foundation Trust,John Radcliffe Hospital,Type 1,398,135,268,130,100,11.7,4,201,64,58,276
4916,10/09/2025,September,3,2025,North West,Liverpool University Hospitals NHS Foundation Trust,Royal Liverpool University Hospital,Type 1,368,62,318,50,225,11.3,16,209,220,78,70
4917,10/09/2025,September,3,2025,London,Guy's and St Thomas' NHS Foundation Trust,St Thomas' Hospital,Type 1,382,98,258,124,256,7.2,9,169,242,66,74
4918,10/09/2025,September,3,2025,Midlands,University Hospitals Birmingham NHS Foundation Trust,Queen Elizabeth Hospital Birmingham,Type 1,315,64,221,94,129,9.1,2,112,160,21,134
4919,10/09/2025,September,3,2025,Yorkshire and Humber,Leeds Teaching Hospitals NHS Trust,Leeds General Infirmary,Type 1,357,132,271,86,194,4.2,23,143,127,52,178
4920,10/09/2025,September,3,2025,South East,Oxford University Hospitals NHS Foundation Trust,John Radcliffe Hospital,Type 1,278,70,220,58,204,5.5,2,218,180,34,64
4921,11/09/2025,September,3,2025,North West,Liverpool University Hospitals NHS Foundation Trust,Royal Liverpool University Hospital,Type 1,387,111,322,65,254,4.3,12,59,50,42,295
4922,11/09/2025,September,3,2025,London,Guy's and St Thomas' NHS Foundation Trust,St Thomas' Hospital,Type 1,679,111,670,9,90,8.9,18,105,89,43,547
4923,11/09/2025,September,3,2025,Midlands,University Hospitals Birmingham NHS Foundation Trust,Queen Elizabeth Hospital Birmingham,Type 1,622,179,552,70,92,13.4,20,83,70,60,492
4924,11/09/2025,September,3,2025,Yorkshire and Humber,Leeds Teaching Hospitals NHS Trust,Leeds General Infirmary,Type 1,402,93,401,1,231,15.9,23,151,202,54,146
4925,11/09/2025,September,3,2025,South East,Oxford University Hospitals NHS Foundation Trust,John Radcliffe Hospital,Type 1,337,90,223,114,234,13.7,8,71,66,73,198
4926,12/09/2025,September,3,2025,North West,Liverpool University Hospitals NHS Foundation Trust,Royal Liverpool University Hospital,Type 1,480,98,418,62,110,10.5,17,81,104,11,365
4927,12/09/2025,September,3,2025,London,Guy's and St Thomas' NHS Foundation Trust,St Thomas' Hospital,Type 1,679,106,548,131,272,15.2,18,213,122,29,528
4928,12/09/2025,September,3,2025,Midlands,University Hospitals Birmingham NHS Foundation Trust,Queen Elizabeth Hospital Birmingham,Type 1,467,78,429,38,204,15.8,20,145,292,47,128
4929,12/09/2025,September,3,2025,Yorkshire and Humber,Leeds Teaching Hospitals NHS Trust,Leeds General Infirmary,Type 1,595,173,464,131,219,10.6,21,95,127,13,455
4930,12/09/2025,September,3,2025,South East,Oxford University Hospitals NHS Foundation Trust,John Radcliffe Hospital,Type 1,277,148,261,16,238,7.1,3,210,56,33,188
4931,13/09/2025,September,3,2025,North West,Liverpool University Hospitals NHS Foundation Trust,Royal Liverpool University Hospital,Type 1,534,158,480,54,260,8.2,23,119,222,72,240
4932,13/09/2025,September,3,2025,London,Guy's and St Thomas' NHS Foundation Trust,St Thomas' Hospital,Type 1,667,56,496,171,259,10.9,17,205,106,19,542
4933,13/09/2025,September,3,2025,Midlands,University Hospitals Birmingham NHS Foundation Trust,Queen Elizabeth Hospital Birmingham,Type 1,556,166,532,24,253,5.6,15,193,184,56,316
4934,13/09/2025,September,3,2025,Yorkshire and Humber,Leeds Teaching Hospitals NHS Trust,Leeds General Infirmary,Type 1,590,130,565,25,226,6.4,23,124,62,29,499
4935,13/09/2025,September,3,2025,South East,Oxford University Hospitals NHS Foundation Trust,John Radcliffe Hospital,Type 1,301,172,249,52,267,4.7,15,180,274,19,8
4936,14/09/2025,September,3,2025,North West,Liverpool University Hospitals NHS Foundation Trust,Royal Liverpool University Hospital,Type 1,496,70,447,49,160,8.4,12,191,110,17,369
4937,14/09/2025,September,3,2025,London,Guy's and St Thomas' NHS Foundation Trust,St Thomas' Hospital,Type 1,328,90,324,4,175,12.2,12,197,239,72,17
4938,14/09/2025,September,3,2025,Midlands,University Hospitals Birmingham NHS Foundation Trust,Queen Elizabeth Hospital Birmingham,Type 1,547,179,463,84,191,4.6,21,159,207,42,298
4939,14/09/2025,September,3,2025,Yorkshire and Humber,Leeds Teaching Hospitals NHS Trust,Leeds General Infirmary,Type 1,394,95,376,18,209,6.1,17,217,147,71,176
4940,14/09/2025,September,3,2025,South East,Oxford University Hospitals NHS Foundation Trust,John Radcliffe Hospital,Type 1,413,93,403,10,226,9.7,25,168,126,70,217
4941,15/09/2025,September,3,2025,North West,Liverpool University Hospitals NHS Foundation Trust,Royal Liverpool University Hospital,Type 1,417,107,313,104,103,14.3,5,88,272,40,105
4942,15/09/2025,September,3,2025,London,Guy's and St Thomas' NHS Foundation Trust,St Thomas' Hospital,Type 1,696,70,618,78,263,10,6,219,199,73,424
4943,15/09/2025,September,3,2025,Midlands,University Hospitals Birmingham NHS Foundation Trust,Queen Elizabeth Hospital Birmingham,Type 1,459,192,391,68,161,9.1,17,143,152,21,286
4944,15/09/2025,September,3,2025,Yorkshire and Humber,Leeds Teaching Hospitals NHS Trust,Leeds General Infirmary,Type 1,536,200,340,196,281,12.5,13,68,147,67,322
4945,15/09/2025,September,3,2025,South East,Oxford University Hospitals NHS Foundation Trust,John Radcliffe Hospital,Type 1,634,155,497,137,137,14.4,17,142,201,57,376
4946,16/09/2025,September,3,2025,North West,Liverpool University Hospitals NHS Foundation Trust,Royal Liverpool University Hospital,Type 1,647,56,441,206,133,7.7,2,78,195,20,432
4947,16/09/2025,September,3,2025,London,Guy's and St Thomas' NHS Foundation Trust,St Thomas' Hospital,Type 1,297,119,289,8,274,5.2,9,173,118,66,113
4948,16/09/2025,September,3,2025,Midlands,University Hospitals Birmingham NHS Foundation Trust,Queen Elizabeth Hospital Birmingham,Type 1,664,141,451,213,310,11.1,8,160,184,12,468
4949,16/09/2025,September,3,2025,Yorkshire and Humber,Leeds Teaching Hospitals NHS Trust,Leeds General Infirmary,Type 1,285,62,226,59,305,8.8,14,61,275,73,63
4950,16/09/2025,September,3,2025,South East,Oxford University Hospitals NHS Foundation Trust,John Radcliffe Hospital,Type 1,337,141,213,124,180,12.3,19,196,90,10,237
4951,17/09/2025,September,3,2025,North West,Liverpool University Hospitals NHS Foundation Trust,Royal Liverpool University Hospital,Type 1,592,200,486,106,231,6.4,15,124,182,13,397
4952,17/09/2025,September,3,2025,London,Guy's and St Thomas' NHS Foundation Trust,St Thomas' Hospital,Type 1,604,89,535,69,159,11.4,14,217,114,77,413
4953,17/09/2025,September,3,2025,Midlands,University Hospitals Birmingham NHS Foundation Trust,Queen Elizabeth Hospital Birmingham,Type 1,582,151,557,25,209,13.7,15,65,93,71,418
4954,17/09/2025,September,3,2025,Yorkshire and Humber,Leeds Teaching Hospitals NHS Trust,Leeds General Infirmary,Type 1,556,120,408,148,116,10.9,7,146,124,51,381
4955,17/09/2025,September,3,2025,South East,Oxford University Hospitals NHS Foundation Trust,John Radcliffe Hospital,Type 1,302,199,300,2,144,9.9,17,155,295,35,28
4956,18/09/2025,September,3,2025,North West,Liverpool University Hospitals NHS Foundation Trust,Royal Liverpool University Hospital,Type 1,355,91,318,37,119,7.1,23,168,167,66,122
4957,18/09/2025,September,3,2025,London,Guy's and St Thomas' NHS Foundation Trust,St Thomas' Hospital,Type 1,546,174,385,161,259,8.7,23,54,194,65,287
4958,18/09/2025,September,3,2025,Midlands,University Hospitals Birmingham NHS Foundation Trust,Queen Elizabeth Hospital Birmingham,Type 1,543,73,410,133,140,7.6,25,65,283,65,195
4959,18/09/2025,September,3,2025,Yorkshire and Humber,Leeds Teaching Hospitals NHS Trust,Leeds General Infirmary,Type 1,450,103,368,82,223,10.2,7,72,196,76,178
4960,18/09/2025,September,3,2025,South East,Oxford University Hospitals NHS Foundation Trust,John Radcliffe Hospital,Type 1,285,159,247,38,221,15.6,3,95,126,24,135
4961,19/09/2025,September,3,2025,North West,Liverpool University Hospitals NHS Foundation Trust,Royal Liverpool University Hospital,Type 1,554,135,456,98,254,10.9,15,46,288,20,246
4962,19/09/2025,September,3,2025,London,Guy's and St Thomas' NHS Foundation Trust,St Thomas' Hospital,Type 1,459,152,373,86,231,10.5,0,99,140,32,287
4963,19/09/2025,September,3,2025,Midlands,University Hospitals Birmingham NHS Foundation Trust,Queen Elizabeth Hospital Birmingham,Type 1,521,74,481,40,307,6.8,9,127,194,34,293
4964,19/09/2025,September,3,2025,Yorkshire and Humber,Leeds Teaching Hospitals NHS Trust,Leeds General Infirmary,Type 1,446,101,420,26,320,4.5,9,71,86,67,293
4965,19/09/2025,September,3,2025,South East,Oxford University Hospitals NHS Foundation Trust,John Radcliffe Hospital,Type 1,455,190,294,161,317,14.9,6,190,259,20,176
4966,20/09/2025,September,3,2025,North West,Liverpool University Hospitals NHS Foundation Trust,Royal Liverpool University Hospital,Type 1,549,99,349,200,117,5.1,15,200,226,35,288
4967,20/09/2025,September,3,2025,London,Guy's and St Thomas' NHS Foundation Trust,St Thomas' Hospital,Type 1,433,110,412,21,198,7.1,12,133,164,10,259
4968,20/09/2025,September,3,2025,Midlands,University Hospitals Birmingham NHS Foundation Trust,Queen Elizabeth Hospital Birmingham,Type 1,314,164,282,32,112,10.8,10,97,217,32,65
4969,20/09/2025,September,3,2025,Yorkshire and Humber,Leeds Teaching Hospitals NHS Trust,Leeds General Infirmary,Type 1,482,171,362,120,168,10.3,4,155,242,24,216
4970,20/09/2025,September,3,2025,South East,Oxford University Hospitals NHS Foundation Trust,John Radcliffe Hospital,Type 1,428,168,374,54,105,8.1,10,63,112,60,256
4971,21/09/2025,September,3,2025,North West,Liverpool University Hospitals NHS Foundation Trust,Royal Liverpool University Hospital,Type 1,430,60,390,40,254,8.6,8,52,73,32,325
4972,21/09/2025,September,3,2025,London,Guy's and St Thomas' NHS Foundation Trust,St Thomas' Hospital,Type 1,544,170,440,104,267,8.8,11,158,95,28,421
4973,21/09/2025,September,3,2025,Midlands,University Hospitals Birmingham NHS Foundation Trust,Queen Elizabeth Hospital Birmingham,Type 1,493,96,434,59,165,4.1,10,73,61,44,388
4974,21/09/2025,September,3,2025,Yorkshire and Humber,Leeds Teaching Hospitals NHS Trust,Leeds General Infirmary,Type 1,266,156,264,2,209,7.2,0,84,83,50,133
4975,21/09/2025,September,3,2025,South East,Oxford University Hospitals NHS Foundation Trust,John Radcliffe Hospital,Type 1,396,75,291,105,245,5.6,11,210,257,46,93
4976,22/09/2025,September,3,2025,North West,Liverpool University Hospitals NHS Foundation Trust,Royal Liverpool University Hospital,Type 1,585,86,367,218,195,10.6,9,70,161,69,355
4977,22/09/2025,September,3,2025,London,Guy's and St Thomas' NHS Foundation Trust,St Thomas' Hospital,Type 1,610,120,446,164,131,7.3,4,41,90,51,469
4978,22/09/2025,September,3,2025,Midlands,University Hospitals Birmingham NHS Foundation Trust,Queen Elizabeth Hospital Birmingham,Type 1,348,56,302,46,167,7.2,17,46,283,20,45
4979,22/09/2025,September,3,2025,Yorkshire and Humber,Leeds Teaching Hospitals NHS Trust,Leeds General Infirmary,Type 1,555,137,437,118,245,6.6,3,59,214,14,327
4980,22/09/2025,September,3,2025,South East,Oxford University Hospitals NHS Foundation Trust,John Radcliffe Hospital,Type 1,635,84,384,251,211,8.7,3,65,172,59,404
4981,23/09/2025,September,3,2025,North West,Liverpool University Hospitals NHS Foundation Trust,Royal Liverpool University Hospital,Type 1,609,163,439,170,128,14.8,13,210,61,37,511
4982,23/09/2025,September,3,2025,London,Guy's and St Thomas' NHS Foundation Trust,St Thomas' Hospital,Type 1,439,172,410,29,286,8,1,87,190,60,189
4983,23/09/2025,September,3,2025,Midlands,University Hospitals Birmingham NHS Foundation Trust,Queen Elizabeth Hospital Birmingham,Type 1,673,92,657,16,283,7.3,20,77,271,29,373
4984,23/09/2025,September,3,2025,Yorkshire and Humber,Leeds Teaching Hospitals NHS Trust,Leeds General Infirmary,Type 1,275,83,189,86,204,6.9,25,199,182,79,14
4985,23/09/2025,September,3,2025,South East,Oxford University Hospitals NHS Foundation Trust,John Radcliffe Hospital,Type 1,429,117,305,124,289,15,9,62,249,67,113
4986,24/09/2025,September,3,2025,North West,Liverpool University Hospitals NHS Foundation Trust,Royal Liverpool University Hospital,Type 1,310,80,252,58,161,10.8,23,42,186,14,110
4987,24/09/2025,September,3,2025,London,Guy's and St Thomas' NHS Foundation Trust,St Thomas' Hospital,Type 1,331,75,281,50,296,10.4,17,180,117,13,201
4988,24/09/2025,September,3,2025,Midlands,University Hospitals Birmingham NHS Foundation Trust,Queen Elizabeth Hospital Birmingham,Type 1,319,141,217,102,217,4.6,16,45,221,23,75
4989,24/09/2025,September,3,2025,Yorkshire and Humber,Leeds Teaching Hospitals NHS Trust,Leeds General Infirmary,Type 1,367,152,346,21,157,9.2,21,70,227,18,122
4990,24/09/2025,September,3,2025,South East,Oxford University Hospitals NHS Foundation Trust,John Radcliffe Hospital,Type 1,492,196,378,114,174,13.5,19,65,112,47,333
4991,25/09/2025,September,3,2025,North West,Liverpool University Hospitals NHS Foundation Trust,Royal Liverpool University Hospital,Type 1,472,53,369,103,134,10.3,17,95,208,48,216
4992,25/09/2025,September,3,2025,London,Guy's and St Thomas' NHS Foundation Trust,St Thomas' Hospital,Type 1,383,122,309,74,291,6,19,67,258,18,107
4993,25/09/2025,September,3,2025,Midlands,University Hospitals Birmingham NHS Foundation Trust,Queen Elizabeth Hospital Birmingham,Type 1,693,64,557,136,153,6.9,16,80,123,19,551
4994,25/09/2025,September,3,2025,Yorkshire and Humber,Leeds Teaching Hospitals NHS Trust,Leeds General Infirmary,Type 1,584,99,540,44,194,7.5,20,161,247,78,259
4995,25/09/2025,September,3,2025,South East,Oxford University Hospitals NHS Foundation Trust,John Radcliffe Hospital,Type 1,588,94,557,31,178,14,13,158,125,14,449
4996,26/09/2025,September,3,2025,North West,Liverpool University Hospitals NHS Foundation Trust,Royal Liverpool University Hospital,Type 1,287,65,265,22,215,8.4,19,192,297,80,90
4997,26/09/2025,September,3,2025,London,Guy's and St Thomas' NHS Foundation Trust,St Thomas' Hospital,Type 1,659,68,594,65,127,12.4,16,59,229,60,370
4998,26/09/2025,September,3,2025,Midlands,University Hospitals Birmingham NHS Foundation Trust,Queen Elizabeth Hospital Birmingham,Type 1,522,103,372,150,248,8.5,12,175,177,79,266
4999,26/09/2025,September,3,2025,Yorkshire and Humber,Leeds Teaching Hospitals NHS Trust,Leeds General Infirmary,Type 1,260,171,254,6,105,11.9,16,216,226,74,40
5000,26/09/2025,September,3,2025,South East,Oxford University Hospitals NHS Foundation Trust,John Radcliffe Hospital,Type 1,600,60,427,173,316,6.2,7,112,189,41,370
